item_id,item_idx
17080,0
15030,1
26882,2
20961,3
10094,4
7343,5
20960,6
1943,7
5628,8
12473,9
6204,10
12470,11
12472,12
20024,13
21847,14
18226,15
8204,16
18227,17
18365,18
20048,19
20672,20
24544,21
6651,22
9455,23
22823,24
15002,25
16355,26
16354,27
16356,28
19940,29
6990,30
11367,31
10025,32
10132,33
10027,34
21150,35
24340,36
10698,37
8001,38
22825,39
17469,40
21814,41
16357,42
6916,43
16503,44
25781,45
9400,46
25706,47
24156,48
16580,49
16579,50
20545,51
15672,52
24106,53
7611,54
15806,55
26401,56
4074,57
18716,58
8406,59
10532,60
7355,61
18228,62
14907,63
7490,64
2070,65
5192,66
15534,67
16842,68
14210,69
13440,70
2484,71
24089,72
22616,73
10962,74
22271,75
17111,76
9399,77
15003,78
15005,79
12901,80
17116,81
13654,82
12403,83
24276,84
24247,85
24249,86
24248,87
14297,88
14953,89
14954,90
3426,91
20720,92
7809,93
16551,94
8167,95
14831,96
1029,97
16464,98
16462,99
20722,100
15269,101
14744,102
15507,103
18229,104
15710,105
21988,106
702,107
8998,108
16613,109
18883,110
9601,111
7706,112
15023,113
22467,114
15317,115
8464,116
8,117
1991,118
14693,119
16781,120
11881,121
13484,122
21186,123
13175,124
11892,125
21989,126
20137,127
12604,128
23938,129
13704,130
784,131
14332,132
9361,133
13788,134
8997,135
8920,136
8999,137
17427,138
11408,139
19987,140
11380,141
22268,142
20807,143
5677,144
25322,145
25978,146
24628,147
14112,148
9868,149
9982,150
12232,151
12362,152
14172,153
17310,154
6678,155
20132,156
18884,157
5632,158
1716,159
24371,160
4928,161
22429,162
14908,163
23175,164
16903,165
12191,166
7307,167
11643,168
11398,169
8094,170
16954,171
18404,172
3202,173
6681,174
11787,175
18694,176
19409,177
26227,178
23480,179
3457,180
16309,181
18842,182
17036,183
17314,184
22847,185
23951,186
17542,187
21177,188
961,189
8579,190
9257,191
15959,192
20894,193
21226,194
14582,195
18218,196
10379,197
17056,198
5951,199
18932,200
25627,201
9370,202
12119,203
17011,204
15620,205
20255,206
20415,207
13882,208
6894,209
3148,210
18579,211
7762,212
9595,213
23212,214
21095,215
16884,216
10116,217
16393,218
15456,219
16112,220
15047,221
1705,222
10092,223
11078,224
16447,225
22931,226
18368,227
17432,228
17826,229
17426,230
15978,231
20553,232
12530,233
17168,234
14499,235
14396,236
14666,237
12233,238
21239,239
23814,240
5570,241
12963,242
25229,243
13658,244
17252,245
5673,246
8902,247
9892,248
14176,249
15226,250
7780,251
962,252
22476,253
12815,254
7054,255
10572,256
222,257
13884,258
23291,259
24898,260
21102,261
27317,262
7107,263
24570,264
25256,265
27360,266
21987,267
20351,268
13152,269
2310,270
3218,271
24086,272
11570,273
21287,274
579,275
7903,276
16641,277
11642,278
17393,279
7819,280
17032,281
10533,282
12593,283
25281,284
7776,285
14434,286
14924,287
14923,288
22327,289
25940,290
13324,291
11798,292
18858,293
27079,294
20403,295
25419,296
22011,297
13657,298
7670,299
24993,300
17598,301
23849,302
10074,303
8124,304
25772,305
24541,306
8409,307
18042,308
25769,309
11560,310
18376,311
16001,312
6169,313
1990,314
4389,315
11868,316
12847,317
25612,318
12068,319
12069,320
20766,321
14341,322
12437,323
9966,324
16161,325
22462,326
16585,327
12329,328
17144,329
12431,330
24909,331
9010,332
18090,333
17392,334
24858,335
4024,336
24856,337
6388,338
6994,339
12495,340
11378,341
13331,342
25009,343
23096,344
11349,345
26011,346
19730,347
21702,348
16396,349
16596,350
11983,351
9333,352
19892,353
15643,354
21110,355
11959,356
14895,357
5263,358
9974,359
20526,360
14669,361
22087,362
7372,363
15357,364
15195,365
19583,366
15192,367
26974,368
2492,369
9345,370
3203,371
7339,372
8361,373
25110,374
15906,375
8335,376
21566,377
20202,378
14298,379
22148,380
22543,381
3558,382
11718,383
14545,384
6218,385
19743,386
20856,387
18696,388
17599,389
15606,390
27178,391
2021,392
4382,393
19874,394
14614,395
25980,396
8095,397
5918,398
26503,399
14978,400
14575,401
4360,402
4100,403
4051,404
22996,405
9619,406
10193,407
5573,408
12137,409
4075,410
6993,411
10591,412
23639,413
8626,414
7374,415
17767,416
14896,417
18596,418
12603,419
3398,420
13272,421
4898,422
12002,423
3302,424
25251,425
24964,426
18532,427
7722,428
2030,429
6977,430
6978,431
15112,432
18598,433
25797,434
10899,435
10900,436
13820,437
3459,438
5293,439
12912,440
20822,441
6971,442
15163,443
11863,444
9860,445
7936,446
16504,447
19137,448
24097,449
11616,450
20832,451
15013,452
17091,453
16942,454
14020,455
16189,456
15193,457
8133,458
9284,459
26676,460
9479,461
24970,462
15570,463
20295,464
10935,465
20402,466
22324,467
17565,468
7854,469
12438,470
14799,471
17551,472
14023,473
7385,474
12964,475
14612,476
2551,477
17603,478
2194,479
15102,480
12955,481
3000,482
6790,483
6789,484
4539,485
9603,486
19046,487
4364,488
8098,489
11573,490
10692,491
3147,492
2572,493
4400,494
20085,495
15457,496
15458,497
9483,498
20324,499
21455,500
7639,501
12676,502
8791,503
7255,504
21118,505
9042,506
17993,507
4650,508
19505,509
9600,510
6053,511
16184,512
17827,513
17054,514
8715,515
18195,516
25928,517
19873,518
13980,519
7633,520
16594,521
8800,522
23114,523
19073,524
11510,525
17669,526
9867,527
14408,528
20105,529
18880,530
14287,531
14348,532
21456,533
12712,534
9688,535
6680,536
9398,537
19414,538
7389,539
26380,540
24836,541
4228,542
8547,543
8408,544
27216,545
7,546
8947,547
26023,548
8139,549
10016,550
5549,551
6942,552
25615,553
5264,554
21143,555
27138,556
16805,557
15246,558
22323,559
22903,560
12433,561
20147,562
10054,563
6938,564
14798,565
10601,566
7696,567
21925,568
21616,569
10629,570
5268,571
10293,572
21050,573
12385,574
12605,575
24350,576
22902,577
20810,578
6609,579
22083,580
18953,581
24496,582
11348,583
10717,584
4466,585
464,586
12733,587
5898,588
13825,589
8904,590
21480,591
5297,592
8869,593
21812,594
25548,595
22113,596
15254,597
14482,598
11468,599
9031,600
15500,601
6294,602
18830,603
16233,604
6640,605
13763,606
25132,607
15664,608
679,609
167,610
16191,611
23475,612
17845,613
12154,614
27321,615
22325,616
14808,617
24188,618
14003,619
18089,620
13832,621
14206,622
10827,623
25571,624
25882,625
7382,626
5953,627
22441,628
10867,629
10868,630
25289,631
20405,632
16489,633
19615,634
24928,635
8182,636
14102,637
19365,638
6168,639
11446,640
13863,641
9493,642
19382,643
17733,644
16611,645
11063,646
8142,647
9174,648
21209,649
25512,650
20206,651
11656,652
8887,653
21678,654
16322,655
14462,656
9189,657
15209,658
9696,659
15979,660
2941,661
19945,662
12590,663
18802,664
2201,665
4976,666
19980,667
25858,668
12458,669
14347,670
8847,671
6585,672
8913,673
16428,674
17347,675
12560,676
12558,677
22771,678
4978,679
11040,680
21286,681
12075,682
10039,683
15533,684
7728,685
7991,686
23827,687
20473,688
11139,689
12415,690
20762,691
11779,692
26393,693
21701,694
20307,695
27087,696
26618,697
25252,698
7369,699
25513,700
25148,701
15182,702
24112,703
22900,704
10023,705
18079,706
24885,707
8140,708
12802,709
12466,710
21887,711
20350,712
22437,713
12917,714
11453,715
12656,716
14944,717
14714,718
17246,719
22319,720
22607,721
11329,722
6917,723
16046,724
24125,725
25544,726
12111,727
14947,728
8103,729
21134,730
14299,731
6983,732
20325,733
12914,734
12806,735
19188,736
24569,737
19385,738
19108,739
5046,740
10780,741
11695,742
23893,743
10264,744
3187,745
9260,746
1817,747
10118,748
20142,749
18957,750
19646,751
19606,752
8345,753
16349,754
2698,755
14843,756
10278,757
2472,758
17124,759
13941,760
9596,761
14340,762
17200,763
11427,764
7612,765
26101,766
14331,767
2364,768
14403,769
21057,770
16153,771
12852,772
25572,773
11728,774
4350,775
22620,776
21200,777
9525,778
6105,779
5520,780
13365,781
17516,782
18664,783
21330,784
15165,785
7673,786
17882,787
7654,788
7782,789
21045,790
17339,791
18890,792
21926,793
5519,794
9038,795
17234,796
26170,797
11415,798
18045,799
6356,800
14656,801
23648,802
17590,803
20846,804
12365,805
22923,806
21047,807
17575,808
8679,809
24491,810
6239,811
5676,812
16880,813
14257,814
17588,815
7023,816
16591,817
2757,818
17892,819
17883,820
17899,821
1638,822
10625,823
14958,824
13686,825
8295,826
6879,827
19114,828
20996,829
16413,830
2082,831
25223,832
5088,833
12800,834
18439,835
16944,836
6683,837
16547,838
11196,839
26071,840
17889,841
9530,842
17918,843
6211,844
5559,845
17750,846
15436,847
17929,848
15707,849
20569,850
9447,851
20794,852
21560,853
10075,854
24422,855
15677,856
1733,857
7072,858
17738,859
6876,860
14789,861
11925,862
25046,863
24571,864
15750,865
17443,866
18538,867
8080,868
18088,869
25752,870
18357,871
23294,872
9287,873
9631,874
14920,875
3506,876
26815,877
5659,878
18104,879
17916,880
11016,881
14179,882
14509,883
13666,884
9123,885
17729,886
14098,887
9848,888
13762,889
14551,890
8994,891
16091,892
14577,893
6644,894
21903,895
17534,896
7496,897
14378,898
8314,899
22294,900
9968,901
18997,902
7399,903
8931,904
24517,905
4655,906
17289,907
23191,908
20286,909
12598,910
15383,911
13291,912
10359,913
9671,914
9992,915
26658,916
21411,917
19138,918
8100,919
8964,920
24603,921
22198,922
11010,923
4938,924
17932,925
15334,926
15535,927
12426,928
25960,929
16397,930
13240,931
21063,932
26365,933
13738,934
15482,935
15748,936
11861,937
19543,938
20833,939
23803,940
22634,941
3564,942
8311,943
17902,944
15903,945
16414,946
22821,947
2850,948
16783,949
25628,950
24837,951
10703,952
4116,953
16979,954
16419,955
5929,956
2490,957
2314,958
11371,959
5963,960
14874,961
15931,962
23001,963
5926,964
21478,965
16415,966
6081,967
10679,968
17934,969
16004,970
11429,971
17804,972
1846,973
26051,974
10693,975
11432,976
19309,977
3326,978
6398,979
17205,980
978,981
26659,982
3786,983
10246,984
16147,985
8308,986
10083,987
18734,988
11433,989
11430,990
8636,991
13270,992
14966,993
18105,994
11756,995
12196,996
11717,997
14967,998
16438,999
7407,1000
20752,1001
22320,1002
8903,1003
21052,1004
22515,1005
4445,1006
14700,1007
18103,1008
13200,1009
11203,1010
9685,1011
9409,1012
23106,1013
22332,1014
23614,1015
14005,1016
15766,1017
9736,1018
18929,1019
19929,1020
12607,1021
12031,1022
9356,1023
17096,1024
11011,1025
22866,1026
14872,1027
11455,1028
2756,1029
11865,1030
23643,1031
12254,1032
23804,1033
5952,1034
13447,1035
11470,1036
8701,1037
11898,1038
13196,1039
6892,1040
8053,1041
19720,1042
15996,1043
21224,1044
10941,1045
3055,1046
15946,1047
21927,1048
17389,1049
13292,1050
16887,1051
1081,1052
12600,1053
18653,1054
4268,1055
23182,1056
21899,1057
21144,1058
14527,1059
11236,1060
26259,1061
25599,1062
13299,1063
11148,1064
23577,1065
13720,1066
12142,1067
27217,1068
16090,1069
11124,1070
15659,1071
12729,1072
7328,1073
8486,1074
16977,1075
11894,1076
7375,1077
6945,1078
13633,1079
1983,1080
11212,1081
26163,1082
23441,1083
12048,1084
7256,1085
21944,1086
17584,1087
18484,1088
14245,1089
6190,1090
9510,1091
14511,1092
17343,1093
5669,1094
11305,1095
914,1096
25086,1097
10684,1098
25264,1099
11138,1100
19708,1101
17641,1102
17881,1103
11365,1104
7454,1105
19462,1106
11521,1107
23009,1108
4665,1109
11416,1110
6233,1111
21187,1112
8909,1113
8530,1114
11965,1115
10897,1116
19060,1117
4052,1118
11461,1119
16159,1120
24642,1121
21865,1122
19456,1123
22976,1124
21603,1125
17939,1126
17917,1127
15164,1128
8294,1129
14059,1130
2962,1131
23998,1132
22046,1133
6309,1134
16395,1135
23696,1136
9535,1137
2078,1138
13249,1139
17936,1140
17915,1141
17914,1142
19499,1143
21900,1144
13214,1145
24322,1146
24323,1147
9011,1148
16509,1149
15850,1150
9490,1151
6903,1152
6126,1153
11142,1154
17292,1155
17876,1156
21567,1157
17937,1158
17567,1159
6802,1160
17254,1161
1089,1162
17863,1163
23636,1164
6317,1165
17541,1166
17991,1167
7027,1168
12420,1169
10551,1170
19849,1171
241,1172
13626,1173
23512,1174
19680,1175
19671,1176
8934,1177
22098,1178
11195,1179
22155,1180
15099,1181
7310,1182
12932,1183
14070,1184
12193,1185
19662,1186
4114,1187
3597,1188
13644,1189
26321,1190
9311,1191
15995,1192
22227,1193
7384,1194
15240,1195
19176,1196
25184,1197
17276,1198
16474,1199
14750,1200
5701,1201
7350,1202
17262,1203
17659,1204
872,1205
8302,1206
7466,1207
23308,1208
8305,1209
13725,1210
13724,1211
19815,1212
19545,1213
15611,1214
1690,1215
12734,1216
11452,1217
20084,1218
19668,1219
19676,1220
27007,1221
19428,1222
7955,1223
26052,1224
18731,1225
12936,1226
19749,1227
8434,1228
12975,1229
19653,1230
23277,1231
15699,1232
1010,1233
7935,1234
11817,1235
20154,1236
4694,1237
17949,1238
13990,1239
9180,1240
22849,1241
23584,1242
17438,1243
15329,1244
7768,1245
9673,1246
8971,1247
15049,1248
9083,1249
11411,1250
20499,1251
18133,1252
13629,1253
18553,1254
8697,1255
14001,1256
2417,1257
21668,1258
19290,1259
21270,1260
9416,1261
20681,1262
9725,1263
17905,1264
15937,1265
17886,1266
27203,1267
11540,1268
13727,1269
22060,1270
4949,1271
10993,1272
11592,1273
8207,1274
25731,1275
4618,1276
17732,1277
1111,1278
16305,1279
20244,1280
5137,1281
15961,1282
12307,1283
2317,1284
3277,1285
11637,1286
14075,1287
5077,1288
16178,1289
17154,1290
18492,1291
22456,1292
12009,1293
27164,1294
25059,1295
19565,1296
14703,1297
17679,1298
18441,1299
22396,1300
13928,1301
11661,1302
16097,1303
19332,1304
11945,1305
12905,1306
18488,1307
20472,1308
9756,1309
7953,1310
20356,1311
8081,1312
23302,1313
22562,1314
17381,1315
19724,1316
7220,1317
7784,1318
10552,1319
24873,1320
14588,1321
21635,1322
4149,1323
17092,1324
19327,1325
21306,1326
16800,1327
10985,1328
11280,1329
18563,1330
17977,1331
20684,1332
9052,1333
11694,1334
22891,1335
15198,1336
18179,1337
19930,1338
14812,1339
15480,1340
16350,1341
5047,1342
18178,1343
14387,1344
21245,1345
22591,1346
15196,1347
23318,1348
9938,1349
21237,1350
12960,1351
17352,1352
15885,1353
10794,1354
13188,1355
12341,1356
15800,1357
1923,1358
12609,1359
10635,1360
4286,1361
12889,1362
22284,1363
13970,1364
25479,1365
18780,1366
26296,1367
25280,1368
17723,1369
22687,1370
19866,1371
9933,1372
23303,1373
6645,1374
5835,1375
18757,1376
22422,1377
20193,1378
4929,1379
19324,1380
19340,1381
20600,1382
7224,1383
20554,1384
11528,1385
19328,1386
19339,1387
20342,1388
19333,1389
13719,1390
6747,1391
26830,1392
8674,1393
7939,1394
7700,1395
7788,1396
19330,1397
18540,1398
9017,1399
8841,1400
11991,1401
3635,1402
19335,1403
11330,1404
11681,1405
23285,1406
5852,1407
4561,1408
13978,1409
24905,1410
6535,1411
11563,1412
15490,1413
10694,1414
23110,1415
26056,1416
15784,1417
8583,1418
5375,1419
1523,1420
20555,1421
8063,1422
16802,1423
26030,1424
7671,1425
10715,1426
4285,1427
13728,1428
9853,1429
9118,1430
12334,1431
7387,1432
22019,1433
5661,1434
22245,1435
8216,1436
15933,1437
7926,1438
13401,1439
12440,1440
5583,1441
11182,1442
2701,1443
17366,1444
12168,1445
8785,1446
18487,1447
26720,1448
11459,1449
21250,1450
17831,1451
15957,1452
14398,1453
22002,1454
14578,1455
9741,1456
8619,1457
17229,1458
5011,1459
13971,1460
15799,1461
14290,1462
26047,1463
13405,1464
18116,1465
9969,1466
15272,1467
4111,1468
15103,1469
21981,1470
1900,1471
3911,1472
11931,1473
19380,1474
22554,1475
1771,1476
23839,1477
16173,1478
9248,1479
5096,1480
5698,1481
17177,1482
3950,1483
8199,1484
16771,1485
17671,1486
2511,1487
20632,1488
16106,1489
7270,1490
24647,1491
22590,1492
14371,1493
11882,1494
13632,1495
4209,1496
6515,1497
20929,1498
22042,1499
14743,1500
16870,1501
10407,1502
18069,1503
24568,1504
16182,1505
6282,1506
26230,1507
18406,1508
18401,1509
22744,1510
3306,1511
23325,1512
4966,1513
12471,1514
8567,1515
19321,1516
10526,1517
19344,1518
19322,1519
15078,1520
19347,1521
19346,1522
12613,1523
18092,1524
4084,1525
26392,1526
23192,1527
27372,1528
8123,1529
4693,1530
26190,1531
19337,1532
19320,1533
19350,1534
19349,1535
10068,1536
10327,1537
14564,1538
19323,1539
16443,1540
9844,1541
2319,1542
27328,1543
25197,1544
21879,1545
5695,1546
15703,1547
11597,1548
17864,1549
4934,1550
8597,1551
2259,1552
16946,1553
7789,1554
13909,1555
14473,1556
7948,1557
13973,1558
10130,1559
11423,1560
15551,1561
2414,1562
12735,1563
24439,1564
11533,1565
9485,1566
18793,1567
1895,1568
16402,1569
11301,1570
11244,1571
16894,1572
5611,1573
12050,1574
18437,1575
13976,1576
25307,1577
23601,1578
16770,1579
19354,1580
19331,1581
19351,1582
18458,1583
12171,1584
20791,1585
7927,1586
11279,1587
18400,1588
7432,1589
20873,1590
7918,1591
14261,1592
7740,1593
7215,1594
23491,1595
2999,1596
13979,1597
9486,1598
2976,1599
11284,1600
19251,1601
14813,1602
20292,1603
12507,1604
17649,1605
18843,1606
12504,1607
18744,1608
20226,1609
18485,1610
11724,1611
21458,1612
14264,1613
20021,1614
25630,1615
13672,1616
15277,1617
13451,1618
24297,1619
18543,1620
12619,1621
22954,1622
13584,1623
10992,1624
12423,1625
14308,1626
15964,1627
25483,1628
2979,1629
12262,1630
21083,1631
8576,1632
2953,1633
1826,1634
8565,1635
18142,1636
12739,1637
8548,1638
15279,1639
23871,1640
24675,1641
15185,1642
10014,1643
11944,1644
19325,1645
19342,1646
19326,1647
9492,1648
12383,1649
7028,1650
17204,1651
8666,1652
17730,1653
18177,1654
20378,1655
18504,1656
8531,1657
8698,1658
7952,1659
9711,1660
13358,1661
2831,1662
20926,1663
6675,1664
9944,1665
19141,1666
11464,1667
2977,1668
21004,1669
4399,1670
11915,1671
3654,1672
11940,1673
6631,1674
11529,1675
15545,1676
8891,1677
11149,1678
13709,1679
9568,1680
7911,1681
16131,1682
24547,1683
8781,1684
13705,1685
20924,1686
20315,1687
24986,1688
13694,1689
7386,1690
12731,1691
10531,1692
7709,1693
3423,1694
12090,1695
16822,1696
10195,1697
9009,1698
7739,1699
5340,1700
15839,1701
7517,1702
11414,1703
10194,1704
7388,1705
21251,1706
7957,1707
9114,1708
9365,1709
16175,1710
13485,1711
5874,1712
10636,1713
23492,1714
24152,1715
4404,1716
10024,1717
22746,1718
12884,1719
7472,1720
8085,1721
11218,1722
21366,1723
11086,1724
22818,1725
11948,1726
8313,1727
13929,1728
20252,1729
4154,1730
18828,1731
7451,1732
11150,1733
24011,1734
6322,1735
20173,1736
22897,1737
25016,1738
21985,1739
2798,1740
12335,1741
16832,1742
10713,1743
13538,1744
23965,1745
20612,1746
12772,1747
12612,1748
16484,1749
9346,1750
19135,1751
26764,1752
389,1753
7497,1754
17587,1755
9825,1756
13186,1757
4800,1758
117,1759
15963,1760
26625,1761
17448,1762
18616,1763
13217,1764
2352,1765
433,1766
3086,1767
7351,1768
25821,1769
16199,1770
11264,1771
22756,1772
19503,1773
15589,1774
11989,1775
3425,1776
17556,1777
23223,1778
6792,1779
8494,1780
19182,1781
9140,1782
17075,1783
21868,1784
6046,1785
18234,1786
22200,1787
1192,1788
20834,1789
13341,1790
27408,1791
12820,1792
18739,1793
20798,1794
10797,1795
15479,1796
18617,1797
10031,1798
11500,1799
7530,1800
9378,1801
17000,1802
18384,1803
17734,1804
18749,1805
19975,1806
24596,1807
9474,1808
16214,1809
18615,1810
10351,1811
18463,1812
17616,1813
16194,1814
8223,1815
5699,1816
16252,1817
17355,1818
11317,1819
9322,1820
10711,1821
1285,1822
19308,1823
11599,1824
3321,1825
6926,1826
9947,1827
9229,1828
19867,1829
15835,1830
10049,1831
275,1832
18750,1833
16134,1834
17509,1835
17570,1836
2812,1837
12461,1838
7330,1839
14613,1840
16497,1841
14415,1842
23227,1843
16947,1844
21436,1845
16777,1846
904,1847
11949,1848
14981,1849
14625,1850
8631,1851
16384,1852
9482,1853
21750,1854
9121,1855
9319,1856
9564,1857
9830,1858
24492,1859
16083,1860
2424,1861
13288,1862
13199,1863
21884,1864
16949,1865
15884,1866
17082,1867
11005,1868
23064,1869
19788,1870
14740,1871
20726,1872
4728,1873
20773,1874
11992,1875
24906,1876
12848,1877
13570,1878
11921,1879
15646,1880
19485,1881
19486,1882
5038,1883
12618,1884
739,1885
26909,1886
11513,1887
11630,1888
3383,1889
19132,1890
19242,1891
9943,1892
19685,1893
19936,1894
8382,1895
15778,1896
18499,1897
4895,1898
10259,1899
15395,1900
2723,1901
17265,1902
6736,1903
7319,1904
7258,1905
21214,1906
11545,1907
12987,1908
19862,1909
18034,1910
23158,1911
5226,1912
10536,1913
13572,1914
21188,1915
8580,1916
5139,1917
23359,1918
22167,1919
3776,1920
18418,1921
15433,1922
18708,1923
10608,1924
11759,1925
4393,1926
5641,1927
6265,1928
21319,1929
24611,1930
2069,1931
20857,1932
8734,1933
12597,1934
6600,1935
4975,1936
9157,1937
19045,1938
13330,1939
17040,1940
11497,1941
6546,1942
25671,1943
19038,1944
9231,1945
14319,1946
11472,1947
8553,1948
18848,1949
22951,1950
2951,1951
7781,1952
5119,1953
21459,1954
16103,1955
3944,1956
12673,1957
4290,1958
9627,1959
7664,1960
15802,1961
14252,1962
10938,1963
12812,1964
1189,1965
17805,1966
19931,1967
12771,1968
15632,1969
15362,1970
25988,1971
12596,1972
20456,1973
9888,1974
7546,1975
22596,1976
4671,1977
14988,1978
16888,1979
19381,1980
25461,1981
10227,1982
18164,1983
5534,1984
12956,1985
3162,1986
12951,1987
10233,1988
9170,1989
9177,1990
9175,1991
13630,1992
11995,1993
26049,1994
11006,1995
17858,1996
4018,1997
12097,1998
7119,1999
12828,2000
18200,2001
15621,2002
8466,2003
20124,2004
15046,2005
24342,2006
8156,2007
18769,2008
21148,2009
18926,2010
16962,2011
11334,2012
5228,2013
15744,2014
6403,2015
14343,2016
2772,2017
8886,2018
2408,2019
6960,2020
5879,2021
23960,2022
9722,2023
2952,2024
10287,2025
8875,2026
10788,2027
18836,2028
6588,2029
9045,2030
18456,2031
6871,2032
20575,2033
23734,2034
9708,2035
2849,2036
8872,2037
15633,2038
11640,2039
12123,2040
25417,2041
14815,2042
4738,2043
13960,2044
10200,2045
19121,2046
24384,2047
16933,2048
22728,2049
7365,2050
16924,2051
23189,2052
19120,2053
18460,2054
9098,2055
12250,2056
15720,2057
1212,2058
18916,2059
9021,2060
14747,2061
10053,2062
15502,2063
12625,2064
7225,2065
14267,2066
4176,2067
18639,2068
13284,2069
14926,2070
8334,2071
17515,2072
13731,2073
5159,2074
9707,2075
13903,2076
13321,2077
5195,2078
19712,2079
17602,2080
5782,2081
24066,2082
22982,2083
13813,2084
9086,2085
11458,2086
11120,2087
4886,2088
2391,2089
5787,2090
17611,2091
4076,2092
15220,2093
12178,2094
5360,2095
27367,2096
13591,2097
7531,2098
10624,2099
11726,2100
25340,2101
4411,2102
1433,2103
12687,2104
12738,2105
19371,2106
21055,2107
16120,2108
16826,2109
12425,2110
26272,2111
22219,2112
20229,2113
24680,2114
6310,2115
24878,2116
10933,2117
11762,2118
16574,2119
18595,2120
3471,2121
15708,2122
11383,2123
15322,2124
18944,2125
23462,2126
24763,2127
18967,2128
3406,2129
24279,2130
6784,2131
11790,2132
14698,2133
10579,2134
10574,2135
18132,2136
21016,2137
23677,2138
15221,2139
7532,2140
25369,2141
21164,2142
15440,2143
4470,2144
4878,2145
3659,2146
12844,2147
13760,2148
11691,2149
13867,2150
15085,2151
7656,2152
17145,2153
16862,2154
14231,2155
11702,2156
4689,2157
8278,2158
16440,2159
10982,2160
15421,2161
6303,2162
10842,2163
27072,2164
26487,2165
19212,2166
21916,2167
15374,2168
6913,2169
14736,2170
9028,2171
11135,2172
10265,2173
13361,2174
8251,2175
9608,2176
838,2177
6889,2178
8723,2179
7708,2180
10362,2181
20500,2182
25539,2183
7289,2184
23554,2185
15968,2186
5801,2187
12408,2188
22376,2189
21627,2190
7363,2191
26253,2192
15737,2193
22027,2194
17871,2195
7723,2196
14989,2197
8995,2198
10179,2199
18925,2200
8115,2201
21505,2202
5143,2203
22035,2204
19633,2205
25247,2206
11483,2207
8708,2208
9650,2209
12790,2210
2961,2211
10849,2212
12818,2213
2783,2214
17470,2215
18191,2216
13891,2217
6521,2218
6306,2219
20246,2220
8602,2221
26486,2222
18727,2223
15949,2224
13958,2225
8062,2226
22280,2227
17332,2228
20013,2229
9329,2230
8316,2231
15776,2232
2800,2233
11076,2234
16070,2235
10550,2236
7308,2237
9115,2238
16532,2239
3399,2240
890,2241
13868,2242
14655,2243
9350,2244
5854,2245
15364,2246
15420,2247
22056,2248
9529,2249
11130,2250
14827,2251
21392,2252
12182,2253
2461,2254
4289,2255
9481,2256
12253,2257
12386,2258
22234,2259
19682,2260
21171,2261
19814,2262
14987,2263
11755,2264
14303,2265
7683,2266
20010,2267
8194,2268
21902,2269
17943,2270
14737,2271
12715,2272
17872,2273
8812,2274
26042,2275
25434,2276
2532,2277
11336,2278
11320,2279
6442,2280
20848,2281
4169,2282
16232,2283
25034,2284
10334,2285
1646,2286
8525,2287
21092,2288
13198,2289
14374,2290
14600,2291
9258,2292
17601,2293
17325,2294
8290,2295
1117,2296
25262,2297
15082,2298
14514,2299
9980,2300
13985,2301
14605,2302
14208,2303
6690,2304
18762,2305
14983,2306
17930,2307
17890,2308
17887,2309
17903,2310
15585,2311
20088,2312
18014,2313
10585,2314
13819,2315
9784,2316
5684,2317
15515,2318
23790,2319
16920,2320
11104,2321
20792,2322
9787,2323
9715,2324
2183,2325
15323,2326
21936,2327
3077,2328
15245,2329
12169,2330
6231,2331
8946,2332
16808,2333
8202,2334
11167,2335
14776,2336
3540,2337
20491,2338
19031,2339
11098,2340
16325,2341
18556,2342
12357,2343
12791,2344
22330,2345
8493,2346
8637,2347
14849,2348
19208,2349
1217,2350
11665,2351
15142,2352
3284,2353
12520,2354
2922,2355
16956,2356
6955,2357
11916,2358
16226,2359
10875,2360
24344,2361
19836,2362
7320,2363
7448,2364
12801,2365
21872,2366
16534,2367
17282,2368
20340,2369
13409,2370
25180,2371
13614,2372
20939,2373
9882,2374
14356,2375
13189,2376
9234,2377
22055,2378
6906,2379
9611,2380
10592,2381
21615,2382
17958,2383
8483,2384
12150,2385
8091,2386
17913,2387
17507,2388
14788,2389
21948,2390
536,2391
21721,2392
17253,2393
25930,2394
14054,2395
14489,2396
23098,2397
23923,2398
17592,2399
14797,2400
26097,2401
7142,2402
24726,2403
21644,2404
16143,2405
13559,2406
11000,2407
12389,2408
12927,2409
18729,2410
24051,2411
5591,2412
9699,2413
6130,2414
27394,2415
10898,2416
6811,2417
12215,2418
7863,2419
17714,2420
14738,2421
14671,2422
15673,2423
17938,2424
21692,2425
23225,2426
12678,2427
16060,2428
8718,2429
23589,2430
9607,2431
22044,2432
23943,2433
9879,2434
13959,2435
17068,2436
17722,2437
14270,2438
10183,2439
10006,2440
3665,2441
9908,2442
12615,2443
10888,2444
23068,2445
20790,2446
15166,2447
14227,2448
18766,2449
10891,2450
24975,2451
15908,2452
3208,2453
20303,2454
9616,2455
17911,2456
24782,2457
8938,2458
10697,2459
15826,2460
18015,2461
18006,2462
11745,2463
9912,2464
4562,2465
13653,2466
14960,2467
5930,2468
15463,2469
5919,2470
8789,2471
12903,2472
10289,2473
11858,2474
14639,2475
3534,2476
6035,2477
14263,2478
10366,2479
9429,2480
13362,2481
12356,2482
20849,2483
14836,2484
22601,2485
2968,2486
14399,2487
6992,2488
5735,2489
24502,2490
7244,2491
7459,2492
8376,2493
11885,2494
8385,2495
17802,2496
21938,2497
4412,2498
6572,2499
4295,2500
5857,2501
5982,2502
14513,2503
15462,2504
12770,2505
14660,2506
3936,2507
19494,2508
18644,2509
17978,2510
19807,2511
20382,2512
16637,2513
19880,2514
21084,2515
2778,2516
20793,2517
12513,2518
13238,2519
16619,2520
23486,2521
16278,2522
10071,2523
14455,2524
10632,2525
8762,2526
19622,2527
16856,2528
17126,2529
23499,2530
13279,2531
3960,2532
11174,2533
4079,2534
14203,2535
2261,2536
22992,2537
1780,2538
2726,2539
12449,2540
13004,2541
17008,2542
7718,2543
6613,2544
17972,2545
12637,2546
8044,2547
22125,2548
1702,2549
13410,2550
8829,2551
9793,2552
25563,2553
15041,2554
7431,2555
19853,2556
13623,2557
25520,2558
9540,2559
10974,2560
14014,2561
15071,2562
7944,2563
4535,2564
5887,2565
15829,2566
12959,2567
5197,2568
8540,2569
15353,2570
10837,2571
19436,2572
5851,2573
25346,2574
4265,2575
19610,2576
7751,2577
26696,2578
3388,2579
13512,2580
7551,2581
6199,2582
24075,2583
19148,2584
10115,2585
22059,2586
13394,2587
20145,2588
6037,2589
12043,2590
11932,2591
139,2592
7571,2593
26059,2594
25343,2595
17404,2596
17048,2597
8457,2598
21937,2599
11003,2600
14925,2601
16365,2602
4721,2603
16817,2604
14604,2605
3891,2606
18841,2607
11928,2608
17402,2609
17538,2610
26738,2611
15935,2612
18123,2613
19276,2614
15319,2615
8556,2616
19532,2617
8784,2618
2523,2619
8039,2620
13537,2621
20205,2622
10137,2623
4157,2624
11043,2625
4935,2626
13612,2627
24018,2628
4645,2629
7729,2630
13787,2631
17862,2632
12204,2633
12216,2634
9569,2635
12080,2636
15950,2637
10135,2638
5488,2639
16618,2640
22842,2641
22179,2642
8877,2643
19228,2644
7764,2645
8131,2646
10683,2647
17141,2648
22586,2649
16608,2650
4687,2651
17504,2652
13542,2653
20224,2654
15486,2655
24606,2656
9353,2657
3546,2658
8667,2659
16133,2660
19311,2661
19609,2662
11532,2663
9766,2664
11230,2665
19763,2666
4185,2667
3941,2668
22152,2669
1214,2670
13952,2671
20127,2672
9518,2673
11558,2674
12302,2675
7221,2676
9580,2677
12272,2678
25825,2679
22281,2680
2987,2681
13956,2682
11827,2683
4221,2684
21670,2685
9676,2686
15890,2687
18973,2688
5731,2689
9859,2690
9883,2691
25515,2692
25219,2693
7516,2694
14190,2695
12583,2696
6279,2697
13791,2698
15899,2699
14609,2700
17692,2701
12293,2702
4594,2703
16050,2704
3382,2705
13954,2706
9014,2707
15110,2708
9950,2709
17785,2710
24800,2711
11492,2712
15581,2713
14293,2714
18521,2715
25897,2716
13901,2717
21972,2718
13340,2719
2751,2720
5769,2721
11541,2722
14120,2723
13821,2724
24193,2725
7291,2726
7845,2727
13500,2728
5809,2729
2512,2730
18951,2731
17621,2732
10580,2733
15465,2734
15385,2735
21189,2736
11388,2737
9983,2738
17830,2739
14058,2740
14401,2741
12249,2742
14069,2743
4168,2744
26894,2745
2234,2746
567,2747
10701,2748
24127,2749
15671,2750
7148,2751
18235,2752
2553,2753
7511,2754
21597,2755
7518,2756
831,2757
8685,2758
6797,2759
10066,2760
25829,2761
5949,2762
12924,2763
5072,2764
11617,2765
14619,2766
18041,2767
7137,2768
23452,2769
5969,2770
14471,2771
14905,2772
8823,2773
23681,2774
12983,2775
10987,2776
9411,2777
10567,2778
7800,2779
14835,2780
1213,2781
19277,2782
8581,2783
15852,2784
3855,2785
6264,2786
17067,2787
18242,2788
9359,2789
18243,2790
18244,2791
3040,2792
12136,2793
24190,2794
13571,2795
16639,2796
8180,2797
10142,2798
20945,2799
21034,2800
12567,2801
9678,2802
11255,2803
14937,2804
13418,2805
8463,2806
15489,2807
18102,2808
12436,2809
5683,2810
22533,2811
6528,2812
11350,2813
26454,2814
5915,2815
19896,2816
16823,2817
6032,2818
18896,2819
20352,2820
13906,2821
11263,2822
13922,2823
11194,2824
13772,2825
10588,2826
12124,2827
16378,2828
17517,2829
23863,2830
8600,2831
3089,2832
8332,2833
10818,2834
17813,2835
12702,2836
7752,2837
16009,2838
4647,2839
26280,2840
26154,2841
12617,2842
7609,2843
24403,2844
16778,2845
10768,2846
13474,2847
10806,2848
22859,2849
20317,2850
3909,2851
9686,2852
6826,2853
13338,2854
13597,2855
5784,2856
14523,2857
24027,2858
15285,2859
15256,2860
6299,2861
8468,2862
9719,2863
7917,2864
16448,2865
13522,2866
16367,2867
16154,2868
13360,2869
16851,2870
21873,2871
1170,2872
4166,2873
21512,2874
9620,2875
14157,2876
23246,2877
12488,2878
16623,2879
7552,2880
9547,2881
10882,2882
12849,2883
12850,2884
23905,2885
14113,2886
8873,2887
22493,2888
20166,2889
12910,2890
3393,2891
2250,2892
8769,2893
13718,2894
23028,2895
17178,2896
9402,2897
12160,2898
11165,2899
8106,2900
14186,2901
6014,2902
21142,2903
9655,2904
22600,2905
3953,2906
17414,2907
16537,2908
12263,2909
14352,2910
12611,2911
8050,2912
13408,2913
2505,2914
25174,2915
12217,2916
11235,2917
2880,2918
4759,2919
17131,2920
8017,2921
21062,2922
21043,2923
21051,2924
15904,2925
15715,2926
14165,2927
9649,2928
14642,2929
14689,2930
25494,2931
17119,2932
8268,2933
6769,2934
9456,2935
25596,2936
13178,2937
16416,2938
15881,2939
9586,2940
6970,2941
18554,2942
14910,2943
7219,2944
14690,2945
21917,2946
1337,2947
8042,2948
24426,2949
18072,2950
3025,2951
5878,2952
12945,2953
7380,2954
15178,2955
11231,2956
14355,2957
9610,2958
3889,2959
19899,2960
19247,2961
15393,2962
17499,2963
19263,2964
22542,2965
9615,2966
13716,2967
6768,2968
14516,2969
11802,2970
7222,2971
12566,2972
9340,2973
7701,2974
7506,2975
12757,2976
17435,2977
8563,2978
12922,2979
3172,2980
19870,2981
14977,2982
17386,2983
12251,2984
3019,2985
602,2986
2458,2987
15275,2988
6165,2989
11977,2990
9850,2991
8329,2992
2423,2993
5705,2994
11275,2995
8719,2996
16148,2997
6103,2998
11620,2999
8010,3000
24966,3001
5300,3002
14004,3003
14792,3004
9898,3005
17685,3006
8907,3007
8973,3008
12001,3009
8007,3010
21359,3011
4358,3012
8984,3013
1307,3014
14970,3015
18818,3016
11758,3017
10961,3018
12034,3019
14129,3020
17633,3021
24052,3022
10631,3023
20250,3024
18170,3025
19006,3026
18574,3027
11091,3028
7321,3029
15284,3030
14711,3031
513,3032
22178,3033
7474,3034
19831,3035
13766,3036
9058,3037
5298,3038
21828,3039
24867,3040
19102,3041
8544,3042
6071,3043
8244,3044
9549,3045
26150,3046
4021,3047
23789,3048
5368,3049
4425,3050
22682,3051
18855,3052
6523,3053
11524,3054
17150,3055
24195,3056
24876,3057
17226,3058
16531,3059
4188,3060
11950,3061
5494,3062
8676,3063
18161,3064
5107,3065
19968,3066
5768,3067
17456,3068
11824,3069
15787,3070
2847,3071
3810,3072
20550,3073
12036,3074
9702,3075
10553,3076
12054,3077
27096,3078
17211,3079
23049,3080
17897,3081
17898,3082
11036,3083
18425,3084
19225,3085
15135,3086
23284,3087
3542,3088
19362,3089
22505,3090
11031,3091
10222,3092
15392,3093
23387,3094
14821,3095
3649,3096
20619,3097
9555,3098
13768,3099
22283,3100
23270,3101
14121,3102
20003,3103
4859,3104
5568,3105
11114,3106
9432,3107
3677,3108
3668,3109
7464,3110
11146,3111
13910,3112
12814,3113
7029,3114
10344,3115
7725,3116
6200,3117
26801,3118
21408,3119
20854,3120
23717,3121
15448,3122
25765,3123
20913,3124
22097,3125
14453,3126
17838,3127
15774,3128
14370,3129
22940,3130
19275,3131
19858,3132
7628,3133
9592,3134
25341,3135
23347,3136
13412,3137
12913,3138
3354,3139
22289,3140
15117,3141
4857,3142
6793,3143
21336,3144
4175,3145
8825,3146
21647,3147
8328,3148
15231,3149
13254,3150
12460,3151
5446,3152
18084,3153
5793,3154
25605,3155
16149,3156
10726,3157
7461,3158
10568,3159
12366,3160
22251,3161
7463,3162
12400,3163
12037,3164
12394,3165
11376,3166
9224,3167
8128,3168
18343,3169
19878,3170
22372,3171
17651,3172
7164,3173
17610,3174
1973,3175
895,3176
26423,3177
8539,3178
21284,3179
10887,3180
20814,3181
19760,3182
16312,3183
14975,3184
26498,3185
3417,3186
20732,3187
1680,3188
12306,3189
15641,3190
5675,3191
14898,3192
12406,3193
25142,3194
1625,3195
3418,3196
22664,3197
21349,3198
4912,3199
7051,3200
9901,3201
15271,3202
11100,3203
13166,3204
4832,3205
8178,3206
11397,3207
15045,3208
17029,3209
9093,3210
23842,3211
18789,3212
13386,3213
23522,3214
12049,3215
24017,3216
15037,3217
11272,3218
11503,3219
2452,3220
4495,3221
20528,3222
21522,3223
17480,3224
10124,3225
18130,3226
11199,3227
22888,3228
15907,3229
18608,3230
5626,3231
18609,3232
17960,3233
18119,3234
13347,3235
3993,3236
17512,3237
16540,3238
23235,3239
9537,3240
4839,3241
16541,3242
26040,3243
20799,3244
295,3245
26983,3246
14135,3247
3210,3248
3575,3249
2514,3250
8979,3251
9133,3252
5619,3253
7987,3254
13988,3255
7928,3256
18876,3257
2509,3258
26977,3259
17759,3260
22394,3261
13854,3262
16049,3263
9654,3264
13008,3265
18559,3266
19166,3267
11559,3268
11797,3269
6636,3270
9454,3271
4038,3272
3068,3273
17678,3274
12266,3275
12044,3276
6587,3277
6934,3278
2432,3279
15813,3280
8766,3281
9663,3282
13253,3283
19443,3284
17756,3285
23683,3286
3349,3287
13488,3288
14617,3289
1194,3290
18702,3291
4504,3292
19614,3293
13771,3294
11622,3295
4448,3296
9164,3297
8454,3298
12614,3299
11810,3300
16052,3301
4198,3302
12214,3303
4493,3304
12995,3305
18204,3306
6463,3307
8030,3308
2717,3309
9765,3310
7759,3311
26046,3312
606,3313
5235,3314
4951,3315
9351,3316
19546,3317
10594,3318
17287,3319
1812,3320
17157,3321
10150,3322
7535,3323
23740,3324
13167,3325
13336,3326
10085,3327
12113,3328
12455,3329
10901,3330
8776,3331
9536,3332
24244,3333
11749,3334
21809,3335
16002,3336
7236,3337
8166,3338
20321,3339
14476,3340
15716,3341
14241,3342
5015,3343
20836,3344
16837,3345
4300,3346
10452,3347
4979,3348
10455,3349
8459,3350
11327,3351
19161,3352
7898,3353
6776,3354
1816,3355
14779,3356
13248,3357
10857,3358
16560,3359
15186,3360
5290,3361
20108,3362
14486,3363
9899,3364
2207,3365
21949,3366
18853,3367
10154,3368
1099,3369
6134,3370
13414,3371
12937,3372
3843,3373
846,3374
22827,3375
15278,3376
25456,3377
15160,3378
19628,3379
13389,3380
5561,3381
5745,3382
6091,3383
23537,3384
18230,3385
12752,3386
6658,3387
17059,3388
11375,3389
14134,3390
1714,3391
7997,3392
11523,3393
18071,3394
9013,3395
3509,3396
12242,3397
7765,3398
3850,3399
13221,3400
22504,3401
14696,3402
17235,3403
2535,3404
12222,3405
2745,3406
9668,3407
17221,3408
8193,3409
8289,3410
8111,3411
4173,3412
11,3413
23200,3414
6464,3415
9729,3416
16119,3417
6533,3418
8519,3419
7536,3420
12088,3421
7734,3422
10718,3423
21280,3424
11473,3425
10269,3426
19904,3427
11351,3428
857,3429
24753,3430
19071,3431
15075,3432
18686,3433
21387,3434
4554,3435
3400,3436
23165,3437
8824,3438
5194,3439
11027,3440
14188,3441
14640,3442
2006,3443
24420,3444
7584,3445
19168,3446
16371,3447
9821,3448
10779,3449
21321,3450
19375,3451
13874,3452
18000,3453
4354,3454
19023,3455
5068,3456
5158,3457
17801,3458
5707,3459
450,3460
9953,3461
11324,3462
11583,3463
14068,3464
9162,3465
5657,3466
9439,3467
9154,3468
13203,3469
18043,3470
15825,3471
21531,3472
10141,3473
24309,3474
15454,3475
18383,3476
3647,3477
11335,3478
8249,3479
15292,3480
8049,3481
7441,3482
9297,3483
18638,3484
5972,3485
22080,3486
10117,3487
15007,3488
16032,3489
9913,3490
2064,3491
3954,3492
3745,3493
16117,3494
1127,3495
10831,3496
7925,3497
24463,3498
4641,3499
7288,3500
13516,3501
13511,3502
20375,3503
17382,3504
10157,3505
7057,3506
22663,3507
12623,3508
18131,3509
10615,3510
3547,3511
8265,3512
11102,3513
19679,3514
10994,3515
8033,3516
22299,3517
16529,3518
9721,3519
3339,3520
7348,3521
21748,3522
11001,3523
18631,3524
13327,3525
9054,3526
24732,3527
11498,3528
11318,3529
13840,3530
13381,3531
9774,3532
9445,3533
7704,3534
10649,3535
10077,3536
14029,3537
6780,3538
26637,3539
23420,3540
11276,3541
20467,3542
15352,3543
840,3544
13862,3545
11346,3546
6594,3547
13415,3548
735,3549
24731,3550
16469,3551
2982,3552
13287,3553
7810,3554
10657,3555
9112,3556
11366,3557
15626,3558
4386,3559
11676,3560
7488,3561
11522,3562
18068,3563
14620,3564
7638,3565
17661,3566
6962,3567
2278,3568
25889,3569
6428,3570
7120,3571
13887,3572
4932,3573
21278,3574
10971,3575
8467,3576
8256,3577
15518,3578
5636,3579
10003,3580
18569,3581
5019,3582
2889,3583
7020,3584
16813,3585
7737,3586
10596,3587
12024,3588
11520,3589
9082,3590
17537,3591
4069,3592
15217,3593
11421,3594
5994,3595
8545,3596
6991,3597
25443,3598
9468,3599
22659,3600
16171,3601
19297,3602
11105,3603
15025,3604
12230,3605
17146,3606
7795,3607
21714,3608
21715,3609
26217,3610
19827,3611
1767,3612
5125,3613
1772,3614
19265,3615
9331,3616
7557,3617
9605,3618
8644,3619
17725,3620
6695,3621
6429,3622
12411,3623
5169,3624
21238,3625
13889,3626
5680,3627
14767,3628
3044,3629
820,3630
16582,3631
22073,3632
10148,3633
4039,3634
3901,3635
11489,3636
12758,3637
8420,3638
3890,3639
14197,3640
9833,3641
19783,3642
15496,3643
21236,3644
7807,3645
21581,3646
22496,3647
14255,3648
9645,3649
13937,3650
6361,3651
17251,3652
9638,3653
26162,3654
947,3655
13011,3656
2818,3657
14275,3658
11442,3659
2467,3660
2058,3661
5921,3662
9782,3663
20661,3664
6864,3665
5468,3666
12626,3667
22015,3668
25382,3669
24233,3670
4103,3671
11730,3672
18588,3673
19237,3674
10414,3675
11160,3676
1230,3677
26155,3678
3238,3679
15141,3680
16176,3681
18545,3682
10047,3683
18619,3684
18590,3685
15819,3686
8310,3687
1068,3688
4010,3689
7857,3690
4747,3691
5607,3692
4133,3693
10471,3694
19094,3695
4317,3696
10108,3697
7293,3698
12156,3699
10266,3700
6017,3701
1659,3702
15790,3703
19684,3704
9379,3705
15943,3706
16846,3707
15803,3708
17626,3709
11715,3710
9312,3711
14492,3712
13830,3713
6478,3714
22863,3715
8613,3716
20109,3717
16005,3718
5800,3719
11998,3720
14762,3721
8862,3722
7486,3723
16098,3724
11049,3725
4644,3726
7851,3727
14212,3728
24101,3729
10161,3730
1896,3731
22338,3732
22116,3733
19390,3734
11692,3735
13064,3736
3056,3737
13541,3738
17420,3739
26970,3740
11968,3741
8722,3742
12371,3743
11467,3744
2086,3745
15036,3746
5079,3747
20488,3748
12475,3749
9461,3750
8689,3751
10263,3752
3407,3753
16109,3754
1017,3755
4512,3756
10225,3757
18809,3758
13683,3759
19928,3760
3779,3761
10998,3762
5925,3763
12573,3764
14216,3765
13733,3766
8259,3767
11662,3768
8639,3769
12397,3770
4913,3771
4901,3772
25990,3773
6052,3774
1778,3775
13962,3776
12708,3777
6820,3778
18432,3779
20570,3780
8267,3781
2854,3782
8919,3783
11502,3784
15818,3785
9405,3786
3023,3787
19233,3788
3799,3789
2068,3790
10370,3791
6277,3792
12407,3793
21348,3794
9818,3795
5061,3796
6104,3797
3800,3798
13801,3799
10852,3800
8986,3801
19144,3802
6898,3803
17024,3804
17809,3805
21335,3806
10345,3807
27380,3808
27426,3809
14440,3810
17433,3811
3740,3812
2438,3813
16151,3814
21105,3815
15425,3816
14681,3817
9800,3818
13963,3819
10326,3820
15336,3821
22004,3822
15592,3823
7796,3824
25606,3825
10714,3826
15028,3827
6321,3828
15756,3829
3946,3830
8276,3831
3362,3832
22695,3833
10705,3834
23710,3835
17042,3836
11511,3837
10691,3838
18018,3839
12646,3840
5464,3841
11723,3842
6897,3843
17482,3844
8068,3845
3369,3846
17280,3847
17817,3848
20339,3849
8885,3850
3081,3851
6639,3852
17779,3853
20700,3854
13735,3855
26824,3856
6874,3857
13664,3858
6669,3859
20401,3860
7438,3861
9099,3862
23397,3863
23889,3864
10475,3865
13475,3866
22388,3867
9770,3868
15232,3869
18022,3870
12675,3871
14712,3872
20004,3873
19165,3874
16936,3875
4627,3876
7730,3877
25685,3878
8000,3879
4240,3880
8809,3881
2204,3882
7540,3883
10473,3884
14115,3885
5741,3886
20510,3887
2574,3888
10862,3889
7162,3890
12454,3891
12582,3892
4302,3893
5810,3894
10146,3895
848,3896
7961,3897
9771,3898
12363,3899
2269,3900
14679,3901
10617,3902
17832,3903
21913,3904
12448,3905
22054,3906
12434,3907
4649,3908
2168,3909
14897,3910
21935,3911
16434,3912
4540,3913
12789,3914
20388,3915
19932,3916
5336,3917
20493,3918
14826,3919
15967,3920
14080,3921
9339,3922
20851,3923
3846,3924
17744,3925
2098,3926
10308,3927
5585,3928
16102,3929
14138,3930
3049,3931
9889,3932
6605,3933
22043,3934
10447,3935
14816,3936
11463,3937
6012,3938
9072,3939
14683,3940
19187,3941
15331,3942
6300,3943
6376,3944
19781,3945
10309,3946
14246,3947
12271,3948
6670,3949
9985,3950
13503,3951
9748,3952
10339,3953
26138,3954
4704,3955
16287,3956
11957,3957
18002,3958
10917,3959
15027,3960
8433,3961
15262,3962
10689,3963
2004,3964
11436,3965
9380,3966
1128,3967
11879,3968
8226,3969
5855,3970
11711,3971
18599,3972
13430,3973
2711,3974
9952,3975
18118,3976
2985,3977
5087,3978
13902,3979
20653,3980
17005,3981
12275,3982
20309,3983
7314,3984
12336,3985
10056,3986
971,3987
4062,3988
15600,3989
4985,3990
23921,3991
18738,3992
12482,3993
9753,3994
4673,3995
4147,3996
7049,3997
14096,3998
16974,3999
13329,4000
5719,4001
17739,4002
6237,4003
13993,4004
21333,4005
18469,4006
15105,4007
9854,4008
6072,4009
19621,4010
10018,4011
14413,4012
13625,4013
7849,4014
1202,4015
6657,4016
15415,4017
5808,4018
17143,4019
10783,4020
4456,4021
1792,4022
19755,4023
8347,4024
7125,4025
12824,4026
17306,4027
10009,4028
13089,4029
10859,4030
10481,4031
2254,4032
9286,4033
12131,4034
15734,4035
8817,4036
2477,4037
8819,4038
9967,4039
15411,4040
6556,4041
4582,4042
8621,4043
17944,4044
12023,4045
7828,4046
18220,4047
26289,4048
16080,4049
10078,4050
9347,4051
5276,4052
25037,4053
5980,4054
7964,4055
6481,4056
1031,4057
4429,4058
6297,4059
12586,4060
16404,4061
5620,4062
20839,4063
4243,4064
9978,4065
5791,4066
4491,4067
13349,4068
6433,4069
7172,4070
22537,4071
19934,4072
1130,4073
11987,4074
16166,4075
10426,4076
23678,4077
16815,4078
3168,4079
12300,4080
12516,4081
6554,4082
3341,4083
16811,4084
6377,4085
7652,4086
18494,4087
11848,4088
3189,4089
12018,4090
6020,4091
8569,4092
2856,4093
8966,4094
13499,4095
6449,4096
8090,4097
20380,4098
14900,4099
18461,4100
17296,4101
13859,4102
7585,4103
8357,4104
2282,4105
8930,4106
7079,4107
7177,4108
26661,4109
14699,4110
6295,4111
18454,4112
9278,4113
4343,4114
18266,4115
1710,4116
6482,4117
2925,4118
12296,4119
19886,4120
6339,4121
24580,4122
10565,4123
9310,4124
14053,4125
13663,4126
7813,4127
17271,4128
23654,4129
15286,4130
7180,4131
3110,4132
6814,4133
10048,4134
13662,4135
1756,4136
12058,4137
9386,4138
4625,4139
26005,4140
18989,4141
16047,4142
7424,4143
18064,4144
10007,4145
23218,4146
23187,4147
3043,4148
21911,4149
7007,4150
7287,4151
11012,4152
16406,4153
10410,4154
16909,4155
11680,4156
12444,4157
14746,4158
16035,4159
17981,4160
26093,4161
13078,4162
17052,4163
22752,4164
22757,4165
8253,4166
15055,4167
4447,4168
25761,4169
9251,4170
10817,4171
7408,4172
24387,4173
25465,4174
16014,4175
16587,4176
21555,4177
2361,4178
11604,4179
20565,4180
7743,4181
13027,4182
6183,4183
16558,4184
22529,4185
23845,4186
886,4187
9941,4188
1211,4189
845,4190
14959,4191
22621,4192
1478,4193
21179,4194
4864,4195
1891,4196
3338,4197
7367,4198
7731,4199
23558,4200
11017,4201
2515,4202
4751,4203
1750,4204
7906,4205
18120,4206
18513,4207
4229,4208
16326,4209
11830,4210
24961,4211
4366,4212
9846,4213
12993,4214
8855,4215
6937,4216
3240,4217
8426,4218
3276,4219
13858,4220
16239,4221
8516,4222
20408,4223
4089,4224
1611,4225
15401,4226
2299,4227
13655,4228
18038,4229
14936,4230
16567,4231
14709,4232
18977,4233
10732,4234
14932,4235
22868,4236
12502,4237
22499,4238
24090,4239
22226,4240
8348,4241
7485,4242
12497,4243
9526,4244
15337,4245
6144,4246
15111,4247
7643,4248
6544,4249
8374,4250
19282,4251
18029,4252
10558,4253
19304,4254
15924,4255
4529,4256
17446,4257
15948,4258
12333,4259
10980,4260
8528,4261
9716,4262
11564,4263
24891,4264
8937,4265
4548,4266
14291,4267
6380,4268
8233,4269
22750,4270
9618,4271
14778,4272
14829,4273
16965,4274
15260,4275
3254,4276
9055,4277
5042,4278
20387,4279
8630,4280
12195,4281
4991,4282
1142,4283
7290,4284
11544,4285
8802,4286
3956,4287
10260,4288
9903,4289
5303,4290
6384,4291
2039,4292
16991,4293
13333,4294
13600,4295
3331,4296
9372,4297
20988,4298
7882,4299
10099,4300
24132,4301
17217,4302
6252,4303
14452,4304
6141,4305
17666,4306
15029,4307
9593,4308
11729,4309
3253,4310
21855,4311
17648,4312
22993,4313
13046,4314
4164,4315
14591,4316
8425,4317
9842,4318
6308,4319
22364,4320
14386,4321
1048,4322
21769,4323
1498,4324
7181,4325
7515,4326
12135,4327
25680,4328
17153,4329
11113,4330
18963,4331
13160,4332
8473,4333
12164,4334
1203,4335
19586,4336
8264,4337
9590,4338
6748,4339
12079,4340
10468,4341
3963,4342
1209,4343
13992,4344
18209,4345
12972,4346
4583,4347
7825,4348
4946,4349
26424,4350
10000,4351
2198,4352
16071,4353
23173,4354
4430,4355
5830,4356
9578,4357
16795,4358
20020,4359
12359,4360
2321,4361
6483,4362
18207,4363
4718,4364
1322,4365
9117,4366
2481,4367
5757,4368
21976,4369
1810,4370
17406,4371
13602,4372
5625,4373
18337,4374
13545,4375
13382,4376
5975,4377
12175,4378
13170,4379
10846,4380
25665,4381
9515,4382
23461,4383
14010,4384
15274,4385
22188,4386
7187,4387
6953,4388
15287,4389
1232,4390
17629,4391
23861,4392
16601,4393
11173,4394
16600,4395
4587,4396
7960,4397
14587,4398
11811,4399
14536,4400
1782,4401
18797,4402
8222,4403
5112,4404
27067,4405
12139,4406
14566,4407
13594,4408
22233,4409
11288,4410
12909,4411
16986,4412
12084,4413
22235,4414
10421,4415
19269,4416
10667,4417
1324,4418
22236,4419
13551,4420
18821,4421
12519,4422
7175,4423
7116,4424
7946,4425
11575,4426
3603,4427
22145,4428
105,4429
9571,4430
4426,4431
7410,4432
488,4433
11739,4434
7641,4435
1898,4436
849,4437
17711,4438
19851,4439
7226,4440
7513,4441
23288,4442
15531,4443
3345,4444
1629,4445
15004,4446
15476,4447
14441,4448
3327,4449
4496,4450
15575,4451
3222,4452
15381,4453
7962,4454
15786,4455
5715,4456
7978,4457
8163,4458
16465,4459
12277,4460
4307,4461
6196,4462
17691,4463
6705,4464
4685,4465
12340,4466
15243,4467
10277,4468
12668,4469
8763,4470
2975,4471
14723,4472
7537,4473
5075,4474
8027,4475
17222,4476
15248,4477
19711,4478
15597,4479
477,4480
21061,4481
21044,4482
17558,4483
23123,4484
13518,4485
6268,4486
12896,4487
18718,4488
3165,4489
1980,4490
1802,4491
8837,4492
12569,4493
16360,4494
24260,4495
5948,4496
12122,4497
25462,4498
22458,4499
2608,4500
11233,4501
2750,4502
11919,4503
5999,4504
532,4505
11782,4506
6006,4507
951,4508
3932,4509
16981,4510
13507,4511
3919,4512
9805,4513
9801,4514
11159,4515
12337,4516
10104,4517
1152,4518
6453,4519
15650,4520
25270,4521
5590,4522
5666,4523
13096,4524
20595,4525
10570,4526
6816,4527
2939,4528
12838,4529
17410,4530
6948,4531
15034,4532
5922,4533
9385,4534
13263,4535
6715,4536
14114,4537
9452,4538
7721,4539
8648,4540
7543,4541
3123,4542
13139,4543
6484,4544
12467,4545
22503,4546
13002,4547
16294,4548
4695,4549
4607,4550
7746,4551
19457,4552
9851,4553
11491,4554
7972,4555
11980,4556
19804,4557
1475,4558
16333,4559
11115,4560
14071,4561
18607,4562
7617,4563
9945,4564
8716,4565
15526,4566
18991,4567
7371,4568
25632,4569
20603,4570
4347,4571
14195,4572
6371,4573
24990,4574
15874,4575
19318,4576
14837,4577
14506,4578
7586,4579
14508,4580
20294,4581
13464,4582
26474,4583
23825,4584
20548,4585
16209,4586
7190,4587
9570,4588
13953,4589
12767,4590
2584,4591
11638,4592
11172,4593
14137,4594
11920,4595
8991,4596
7150,4597
8029,4598
2828,4599
9387,4600
18633,4601
1025,4602
5127,4603
19612,4604
5798,4605
16980,4606
3379,4607
19134,4608
11274,4609
12564,4610
3314,4611
4791,4612
5155,4613
5442,4614
7191,4615
4049,4616
13764,4617
18339,4618
20544,4619
17604,4620
4977,4621
7170,4622
17128,4623
2475,4624
12244,4625
5709,4626
7814,4627
8617,4628
7620,4629
14131,4630
1158,4631
1047,4632
1243,4633
16864,4634
4355,4635
2809,4636
1244,4637
11286,4638
21523,4639
3166,4640
9698,4641
17589,4642
16860,4643
6096,4644
26219,4645
5078,4646
8304,4647
21293,4648
10065,4649
10997,4650
4293,4651
5132,4652
17639,4653
11651,4654
7412,4655
15753,4656
1222,4657
16578,4658
13286,4659
10250,4660
5358,4661
19118,4662
14021,4663
23653,4664
16245,4665
21442,4666
10002,4667
4258,4668
22602,4669
9501,4670
10314,4671
7878,4672
9993,4673
11438,4674
7085,4675
7679,4676
12580,4677
15299,4678
2579,4679
7086,4680
20240,4681
24758,4682
8520,4683
20395,4684
3097,4685
19595,4686
15368,4687
2046,4688
9778,4689
8015,4690
9914,4691
13204,4692
15960,4693
3980,4694
21360,4695
9975,4696
3870,4697
27255,4698
12446,4699
14512,4700
9720,4701
7376,4702
5825,4703
7908,4704
5129,4705
19153,4706
23557,4707
11164,4708
13074,4709
10100,4710
20314,4711
16886,4712
21815,4713
3192,4714
15175,4715
11267,4716
14284,4717
4999,4718
8867,4719
3342,4720
9034,4721
18280,4722
3317,4723
13957,4724
13578,4725
22466,4726
7710,4727
16313,4728
827,4729
11904,4730
8821,4731
17083,4732
19748,4733
7971,4734
13783,4735
13983,4736
16137,4737
4189,4738
16377,4739
6823,4740
21165,4741
11623,4742
21996,4743
8107,4744
11067,4745
11386,4746
2229,4747
10879,4748
6968,4749
7144,4750
9808,4751
17868,4752
9798,4753
10067,4754
18811,4755
4773,4756
7576,4757
18568,4758
24853,4759
9581,4760
15760,4761
6939,4762
13441,4763
6553,4764
11038,4765
15283,4766
14796,4767
23739,4768
9143,4769
11877,4770
12429,4771
12228,4772
19185,4773
21516,4774
6087,4775
4866,4776
3091,4777
6336,4778
19230,4779
11309,4780
18415,4781
23301,4782
6907,4783
9349,4784
17481,4785
15625,4786
14373,4787
18605,4788
10439,4789
20895,4790
14624,4791
9244,4792
26808,4793
17165,4794
11057,4795
12028,4796
15838,4797
23644,4798
5901,4799
7502,4800
18283,4801
8713,4802
16019,4803
13123,4804
4490,4805
19737,4806
12073,4807
16834,4808
8883,4809
14166,4810
20947,4811
26189,4812
14934,4813
4620,4814
11804,4815
7265,4816
22892,4817
17503,4818
15896,4819
4862,4820
11153,4821
20999,4822
10367,4823
16576,4824
17338,4825
16572,4826
21950,4827
4828,4828
19159,4829
18023,4830
12630,4831
6591,4832
9213,4833
8405,4834
5729,4835
12019,4836
14675,4837
5584,4838
9360,4839
5349,4840
9290,4841
1938,4842
8564,4843
9835,4844
6951,4845
15234,4846
17475,4847
25285,4848
2781,4849
26582,4850
15991,4851
5548,4852
3877,4853
16495,4854
15414,4855
17522,4856
20318,4857
21217,4858
5589,4859
9602,4860
6827,4861
17466,4862
25863,4863
22513,4864
6885,4865
8752,4866
23958,4867
14006,4868
9466,4869
11628,4870
4338,4871
11750,4872
1594,4873
11880,4874
24598,4875
25066,4876
3627,4877
18840,4878
9820,4879
8880,4880
6566,4881
3510,4882
19838,4883
4494,4884
17919,4885
17891,4886
6713,4887
17998,4888
17291,4889
10822,4890
14244,4891
22207,4892
7676,4893
2087,4894
2464,4895
3860,4896
14838,4897
14414,4898
23775,4899
11118,4900
17908,4901
22335,4902
14394,4903
18338,4904
10155,4905
17910,4906
17933,4907
10235,4908
6677,4909
23171,4910
11018,4911
14142,4912
5836,4913
20616,4914
18032,4915
5964,4916
5317,4917
11972,4918
21022,4919
3178,4920
18160,4921
5891,4922
13168,4923
3834,4924
19127,4925
2607,4926
10686,4927
5714,4928
12061,4929
5234,4930
18049,4931
10001,4932
6997,4933
25458,4934
9557,4935
9931,4936
23720,4937
23093,4938
16158,4939
8492,4940
11673,4941
5864,4942
15845,4943
8755,4944
789,4945
11035,4946
6480,4947
10745,4948
10548,4949
7044,4950
9957,4951
16871,4952
13093,4953
5702,4954
16960,4955
9313,4956
3857,4957
16130,4958
5985,4959
4737,4960
7088,4961
24009,4962
9436,4963
13681,4964
2954,4965
7089,4966
18950,4967
16891,4968
8932,4969
18908,4970
6508,4971
19714,4972
12278,4973
6083,4974
11419,4975
14950,4976
6142,4977
6147,4978
8057,4979
7797,4980
1700,4981
10149,4982
15369,4983
10090,4984
10542,4985
10622,4986
9927,4987
1325,4988
6391,4989
21758,4990
12898,4991
3574,4992
12773,4993
13124,4994
18990,4995
9132,4996
4940,4997
8093,4998
11596,4999
10905,5000
24275,5001
16279,5002
2097,5003
25604,5004
4163,5005
18077,5006
12595,5007
15214,5008
3274,5009
3290,5010
20451,5011
26256,5012
16957,5013
25374,5014
11080,5015
19441,5016
8447,5017
18965,5018
9495,5019
15811,5020
25764,5021
5531,5022
2315,5023
16563,5024
16010,5025
10271,5026
17668,5027
12116,5028
16332,5029
5971,5030
4469,5031
23961,5032
12768,5033
16135,5034
19493,5035
11716,5036
19249,5037
6414,5038
13943,5039
24774,5040
15199,5041
10213,5042
8470,5043
10214,5044
11409,5045
8505,5046
22797,5047
15562,5048
18597,5049
10338,5050
9102,5051
21113,5052
14011,5053
3309,5054
5685,5055
7658,5056
8456,5057
6338,5058
9694,5059
1613,5060
16455,5061
18176,5062
17702,5063
15791,5064
15130,5065
8735,5066
16431,5067
19523,5068
26531,5069
26529,5070
22346,5071
15295,5072
16303,5073
16334,5074
10609,5075
14312,5076
9995,5077
21966,5078
5772,5079
21259,5080
16849,5081
5781,5082
8346,5083
6525,5084
9806,5085
11116,5086
58,5087
24374,5088
6405,5089
4637,5090
17811,5091
15558,5092
14384,5093
19884,5094
20534,5095
19222,5096
14459,5097
20308,5098
23561,5099
7238,5100
13195,5101
12290,5102
6415,5103
3175,5104
11582,5105
6915,5106
3750,5107
14982,5108
5553,5109
12555,5110
4560,5111
9869,5112
13707,5113
4954,5114
19491,5115
10040,5116
3386,5117
11270,5118
23366,5119
8011,5120
5113,5121
13010,5122
12588,5123
13900,5124
18948,5125
4825,5126
16302,5127
17385,5128
5393,5129
11250,5130
10670,5131
16964,5132
16241,5133
12117,5134
6834,5135
12105,5136
19472,5137
15576,5138
7006,5139
11169,5140
5033,5141
3645,5142
8315,5143
7050,5144
4923,5145
6604,5146
26180,5147
18511,5148
21370,5149
16586,5150
15377,5151
10894,5152
14494,5153
21524,5154
10252,5155
20879,5156
10796,5157
14495,5158
7862,5159
18680,5160
14461,5161
26267,5162
5693,5163
8936,5164
20211,5165
15332,5166
5220,5167
13379,5168
17992,5169
16336,5170
20039,5171
8733,5172
19158,5173
10606,5174
659,5175
10210,5176
20413,5177
9111,5178
20904,5179
7501,5180
12070,5181
5501,5182
7494,5183
3737,5184
20984,5185
3634,5186
23344,5187
2795,5188
5917,5189
16362,5190
10607,5191
20190,5192
12783,5193
9321,5194
7160,5195
19661,5196
12038,5197
1172,5198
1586,5199
2556,5200
11678,5201
12352,5202
3066,5203
6093,5204
7910,5205
1749,5206
22878,5207
16407,5208
14376,5209
2459,5210
25758,5211
7096,5212
6177,5213
11247,5214
19526,5215
25166,5216
10209,5217
7931,5218
18113,5219
1597,5220
14616,5221
9675,5222
13966,5223
18856,5224
23370,5225
15974,5226
26037,5227
15875,5228
3421,5229
2368,5230
5910,5231
7505,5232
4032,5233
18481,5234
11537,5235
7794,5236
10688,5237
8326,5238
22885,5239
6202,5240
22022,5241
16510,5242
7300,5243
20256,5244
9553,5245
8002,5246
24854,5247
2890,5248
8415,5249
435,5250
11240,5251
11689,5252
14913,5253
13491,5254
4915,5255
9165,5256
8518,5257
17951,5258
3802,5259
24192,5260
3757,5261
8146,5262
11579,5263
3758,5264
1526,5265
12861,5266
11776,5267
4595,5268
2955,5269
19372,5270
11856,5271
9470,5272
5291,5273
22312,5274
20233,5275
24917,5276
22508,5277
11466,5278
18695,5279
7895,5280
6989,5281
19754,5282
1683,5283
5687,5284
129,5285
1612,5286
11290,5287
9991,5288
17322,5289
3683,5290
16030,5291
14771,5292
18426,5293
2094,5294
3008,5295
8088,5296
18927,5297
12860,5298
11606,5299
6941,5300
3605,5301
15833,5302
671,5303
13432,5304
13965,5305
17708,5306
11574,5307
10159,5308
4453,5309
4217,5310
8035,5311
1220,5312
11876,5313
26075,5314
12327,5315
14692,5316
4994,5317
7239,5318
4551,5319
18175,5320
12317,5321
7712,5322
17950,5323
8852,5324
15399,5325
5381,5326
16638,5327
8423,5328
3184,5329
16830,5330
4793,5331
24289,5332
11391,5333
4527,5334
6896,5335
8024,5336
3018,5337
20208,5338
12292,5339
21314,5340
3966,5341
10725,5342
4720,5343
21305,5344
24209,5345
24211,5346
2735,5347
10086,5348
7240,5349
19479,5350
5345,5351
14695,5352
19096,5353
21402,5354
11687,5355
11670,5356
6219,5357
16227,5358
19683,5359
7233,5360
24666,5361
4119,5362
26266,5363
5706,5364
2549,5365
15524,5366
14875,5367
7392,5368
17965,5369
6150,5370
10247,5371
10482,5372
11319,5373
12404,5374
3378,5375
2123,5376
16379,5377
2152,5378
2302,5379
5240,5380
17632,5381
17430,5382
21827,5383
7064,5384
4528,5385
7741,5386
7381,5387
18692,5388
3022,5389
24982,5390
894,5391
2521,5392
18667,5393
11761,5394
9893,5395
12736,5396
19926,5397
4459,5398
9166,5399
18121,5400
10208,5401
12041,5402
5244,5403
23483,5404
21709,5405
22569,5406
9740,5407
17576,5408
10863,5409
24527,5410
13647,5411
10267,5412
11208,5413
8604,5414
4612,5415
7262,5416
2399,5417
9235,5418
22024,5419
3010,5420
21481,5421
8981,5422
22916,5423
4011,5424
19706,5425
16626,5426
18165,5427
4487,5428
4725,5429
8339,5430
4834,5431
8236,5432
2604,5433
15525,5434
10472,5435
20213,5436
3479,5437
6409,5438
6447,5439
11499,5440
15780,5441
863,5442
10106,5443
16409,5444
1000,5445
2109,5446
3329,5447
6344,5448
2253,5449
8323,5450
11108,5451
20573,5452
10922,5453
16076,5454
15735,5455
10098,5456
14811,5457
19776,5458
18833,5459
9562,5460
8922,5461
8681,5462
11707,5463
14106,5464
4879,5465
12697,5466
591,5467
15140,5468
8845,5469
20312,5470
7507,5471
27272,5472
22138,5473
5286,5474
12305,5475
3624,5476
20313,5477
20071,5478
13201,5479
14724,5480
6775,5481
1052,5482
9371,5483
22045,5484
3949,5485
20394,5486
8461,5487
7831,5488
16231,5489
9989,5490
7817,5491
5762,5492
5115,5493
19287,5494
16457,5495
9896,5496
13101,5497
15856,5498
9591,5499
5248,5500
8219,5501
12089,5502
10332,5503
6625,5504
6661,5505
2822,5506
15840,5507
15417,5508
11764,5509
1722,5510
1295,5511
6988,5512
18682,5513
1109,5514
19771,5515
18215,5516
21695,5517
4821,5518
13469,5519
8911,5520
3365,5521
16602,5522
13437,5523
23224,5524
5955,5525
5423,5526
22729,5527
13839,5528
26022,5529
9832,5530
10111,5531
2934,5532
11361,5533
3076,5534
10204,5535
5382,5536
8150,5537
14515,5538
7994,5539
12380,5540
23525,5541
13895,5542
8038,5543
23585,5544
6085,5545
9141,5546
5427,5547
16132,5548
7889,5549
6979,5550
6473,5551
19210,5552
2479,5553
5533,5554
13117,5555
10634,5556
5320,5557
13964,5558
13086,5559
1346,5560
1004,5561
13098,5562
22304,5563
7754,5564
22305,5565
9246,5566
906,5567
8071,5568
16435,5569
6440,5570
10939,5571
20171,5572
22202,5573
23881,5574
6167,5575
19834,5576
6721,5577
9276,5578
13266,5579
14667,5580
1349,5581
12744,5582
20090,5583
2272,5584
14280,5585
13637,5586
20733,5587
4692,5588
23548,5589
1488,5590
9167,5591
16136,5592
13033,5593
22572,5594
3193,5595
4468,5596
1347,5597
4740,5598
7830,5599
5615,5600
2240,5601
10425,5602
8134,5603
17976,5604
11964,5605
9023,5606
17233,5607
6127,5608
20167,5609
10467,5610
12574,5611
25105,5612
16376,5613
19629,5614
7767,5615
10497,5616
10496,5617
291,5618
11506,5619
22061,5620
11151,5621
13431,5622
14132,5623
20448,5624
18288,5625
9795,5626
6856,5627
5100,5628
16605,5629
5897,5630
4308,5631
12782,5632
6756,5633
4422,5634
19924,5635
17403,5636
16913,5637
14344,5638
26489,5639
10663,5640
10283,5641
15419,5642
4870,5643
14852,5644
5749,5645
9210,5646
15376,5647
13923,5648
7538,5649
6077,5650
7785,5651
6586,5652
6614,5653
7301,5654
4145,5655
22067,5656
3482,5657
1818,5658
12284,5659
5067,5660
7383,5661
23421,5662
11417,5663
854,5664
25966,5665
20916,5666
6754,5667
10187,5668
21718,5669
19638,5670
4210,5671
4957,5672
12483,5673
19289,5674
26697,5675
15015,5676
13297,5677
11004,5678
18730,5679
1604,5680
1171,5681
12256,5682
3929,5683
13191,5684
235,5685
1305,5686
7919,5687
5429,5688
5106,5689
20610,5690
7264,5691
5066,5692
2506,5693
5532,5694
5818,5695
19262,5696
6541,5697
7312,5698
9809,5699
13399,5700
4197,5701
8395,5702
9327,5703
8349,5704
16786,5705
8453,5706
13053,5707
15752,5708
13476,5709
10646,5710
7309,5711
5245,5712
8275,5713
20243,5714
17346,5715
15119,5716
16988,5717
1296,5718
20796,5719
22041,5720
10486,5721
18055,5722
4820,5723
25611,5724
25452,5725
18810,5726
9637,5727
5555,5728
11562,5729
9424,5730
4572,5731
1286,5732
19068,5733
3250,5734
23515,5735
11696,5736
15873,5737
25683,5738
11688,5739
26994,5740
17139,5741
877,5742
12441,5743
4742,5744
4315,5745
8258,5746
20347,5747
8186,5748
9609,5749
3127,5750
11053,5751
14663,5752
17962,5753
6517,5754
3914,5755
18065,5756
15759,5757
17673,5758
5738,5759
16828,5760
15497,5761
6040,5762
5222,5763
21109,5764
21624,5765
12819,5766
9458,5767
516,5768
4061,5769
11967,5770
4603,5771
13502,5772
1037,5773
11867,5774
14725,5775
11607,5776
3266,5777
5774,5778
6798,5779
781,5780
20452,5781
7886,5782
7173,5783
14752,5784
11667,5785
6668,5786
17806,5787
3413,5788
17004,5789
18086,5790
5376,5791
3351,5792
23562,5793
10832,5794
15915,5795
24174,5796
14765,5797
12349,5798
2099,5799
15623,5800
4216,5801
25061,5802
10139,5803
5746,5804
1090,5805
16391,5806
3007,5807
4964,5808
9737,5809
6438,5810
3174,5811
12401,5812
21673,5813
15218,5814
19293,5815
7539,5816
7541,5817
6875,5818
12225,5819
7435,5820
25432,5821
9000,5822
523,5823
12990,5824
13785,5825
15438,5826
4626,5827
12533,5828
20406,5829
15359,5830
18602,5831
18074,5832
10392,5833
13549,5834
7468,5835
2358,5836
19824,5837
2429,5838
4462,5839
11314,5840
9679,5841
10593,5842
10041,5843
13398,5844
7843,5845
11584,5846
9476,5847
9597,5848
24032,5849
9363,5850
16536,5851
2775,5852
17225,5853
25959,5854
19418,5855
13618,5856
16599,5857
4696,5858
22314,5859
2725,5860
2728,5861
9261,5862
2731,5863
7130,5864
4891,5865
1648,5866
16583,5867
17181,5868
20728,5869
23213,5870
1486,5871
7185,5872
307,5873
8753,5874
4213,5875
7423,5876
9182,5877
15093,5878
6485,5879
16898,5880
22509,5881
6845,5882
13012,5883
1398,5884
693,5885
11109,5886
2476,5887
11754,5888
8822,5889
7281,5890
5902,5891
7279,5892
17408,5893
22189,5894
20771,5895
12677,5896
21621,5897
8912,5898
11561,5899
19227,5900
13265,5901
7284,5902
15761,5903
7998,5904
4744,5905
2386,5906
2829,5907
7929,5908
11626,5909
12788,5910
13223,5911
11961,5912
10834,5913
20564,5914
3297,5915
4195,5916
8961,5917
17413,5918
4776,5919
11660,5920
23990,5921
12377,5922
12143,5923
6617,5924
15696,5925
23946,5926
11505,5927
8075,5928
4937,5929
10315,5930
4771,5931
12795,5932
5656,5933
3741,5934
10538,5935
8171,5936
6139,5937
7110,5938
11938,5939
13746,5940
15754,5941
14031,5942
11048,5943
9364,5944
6092,5945
17829,5946
15346,5947
4444,5948
10184,5949
12202,5950
13616,5951
1813,5952
3373,5953
14537,5954
7296,5955
7982,5956
10910,5957
1815,5958
19943,5959
18743,5960
18152,5961
3859,5962
4252,5963
3661,5964
15200,5965
20344,5966
7733,5967
22766,5968
20842,5969
24057,5970
5961,5971
22151,5972
20184,5973
11933,5974
6873,5975
17002,5976
5595,5977
7331,5978
26333,5979
5428,5980
2971,5981
24437,5982
10671,5983
4498,5984
21739,5985
11834,5986
7871,5987
5499,5988
21127,5989
7322,5990
11007,5991
6634,5992
7974,5993
25104,5994
8448,5995
9171,5996
9022,5997
13548,5998
22443,5999
9015,6000
3243,6001
8808,6002
9572,6003
7790,6004
10864,6005
13688,6006
16471,6007
2851,6008
11634,6009
3641,6010
1649,6011
16087,6012
12478,6013
21810,6014
7783,6015
21736,6016
11543,6017
7509,6018
7965,6019
7483,6020
4179,6021
22343,6022
6439,6023
5823,6024
26284,6025
7976,6026
9296,6027
19470,6028
8658,6029
4971,6030
7847,6031
24515,6032
15300,6033
11222,6034
12074,6035
8555,6036
13173,6037
7890,6038
3999,6039
15481,6040
9651,6041
10463,6042
2170,6043
21840,6044
8437,6045
13421,6046
16088,6047
6935,6048
13793,6049
2500,6050
4538,6051
7250,6052
6537,6053
7304,6054
6725,6055
12648,6056
3428,6057
12370,6058
5277,6059
3344,6060
16262,6061
1763,6062
10306,6063
5450,6064
16255,6065
8342,6066
8377,6067
16183,6068
24003,6069
20678,6070
7200,6071
27264,6072
8568,6073
15801,6074
7791,6075
6128,6076
18870,6077
6542,6078
517,6079
11657,6080
13158,6081
5369,6082
2203,6083
5343,6084
6711,6085
7326,6086
20212,6087
14307,6088
3460,6089
13847,6090
12093,6091
16246,6092
11663,6093
13115,6094
6868,6095
14237,6096
3072,6097
4537,6098
16649,6099
9998,6100
3792,6101
7487,6102
9831,6103
6215,6104
24484,6105
5841,6106
14093,6107
8367,6108
12994,6109
5724,6110
2489,6111
6520,6112
4596,6113
9634,6114
17375,6115
15749,6116
9469,6117
21323,6118
10369,6119
5995,6120
9190,6121
4526,6122
24208,6123
21081,6124
10420,6125
24178,6126
10793,6127
3783,6128
1569,6129
3559,6130
20305,6131
9228,6132
16093,6133
3512,6134
10731,6135
19133,6136
18800,6137
13850,6138
6642,6139
12006,6140
10773,6141
10823,6142
9583,6143
244,6144
13547,6145
13939,6146
3844,6147
21472,6148
18562,6149
14177,6150
14259,6151
7395,6152
15928,6153
24194,6154
6509,6155
5337,6156
4099,6157
8383,6158
20675,6159
13367,6160
6946,6161
3951,6162
6023,6163
8585,6164
7534,6165
7067,6166
26238,6167
8181,6168
15822,6169
17781,6170
18882,6171
15360,6172
4960,6173
20034,6174
11095,6175
15250,6176
12330,6177
15249,6178
5313,6179
12430,6180
5431,6181
4580,6182
17098,6183
10906,6184
3011,6185
10352,6186
9032,6187
23159,6188
5415,6189
18193,6190
11245,6191
17895,6192
20001,6193
17900,6194
24751,6195
17894,6196
16900,6197
4739,6198
22633,6199
1252,6200
19876,6201
17585,6202
17796,6203
2763,6204
3690,6205
5183,6206
4724,6207
10212,6208
8476,6209
9919,6210
8008,6211
1370,6212
16016,6213
4770,6214
8040,6215
13806,6216
10641,6217
3927,6218
2541,6219
2049,6220
8188,6221
18995,6222
22999,6223
13926,6224
775,6225
12369,6226
6764,6227
13750,6228
24564,6229
1966,6230
11952,6231
15634,6232
11556,6233
6539,6234
11953,6235
4723,6236
15340,6237
4804,6238
6084,6239
819,6240
15858,6241
8054,6242
15403,6243
21632,6244
5485,6245
16405,6246
21720,6247
12570,6248
15733,6249
13087,6250
8379,6251
7087,6252
21706,6253
17931,6254
11092,6255
24203,6256
1335,6257
10430,6258
1042,6259
16235,6260
8250,6261
6272,6262
6974,6263
8462,6264
17379,6265
15765,6266
19536,6267
13108,6268
6696,6269
9726,6270
10989,6271
1012,6272
9087,6273
18382,6274
6187,6275
16901,6276
10340,6277
11908,6278
7458,6279
13388,6280
4167,6281
10561,6282
16229,6283
3968,6284
4967,6285
13105,6286
9767,6287
14,6288
16228,6289
7884,6290
2090,6291
8629,6292
3181,6293
8041,6294
893,6295
3495,6296
4679,6297
2446,6298
8535,6299
19704,6300
470,6301
471,6302
6273,6303
14185,6304
24574,6305
7808,6306
14063,6307
14990,6308
7201,6309
7183,6310
9682,6311
4848,6312
21776,6313
9330,6314
4180,6315
1459,6316
10584,6317
9026,6318
19666,6319
4255,6320
9559,6321
14349,6322
8439,6323
17784,6324
17761,6325
3695,6326
9003,6327
9124,6328
10388,6329
15775,6330
24510,6331
14117,6332
6637,6333
21745,6334
22381,6335
10349,6336
10223,6337
6547,6338
13609,6339
13816,6340
13313,6341
5211,6342
11903,6343
13856,6344
13857,6345
11901,6346
5171,6347
13635,6348
5008,6349
13180,6350
22975,6351
4023,6352
18564,6353
3343,6354
17778,6355
5258,6356
16168,6357
1572,6358
4881,6359
23759,6360
10735,6361
5209,6362
8899,6363
14644,6364
2271,6365
9674,6366
13822,6367
15691,6368
23553,6369
7727,6370
20176,6371
20744,6372
23179,6373
137,6374
5862,6375
11072,6376
1539,6377
9644,6378
12303,6379
4390,6380
17196,6381
8551,6382
23725,6383
1008,6384
1832,6385
5986,6386
16906,6387
6771,6388
21272,6389
2005,6390
9029,6391
1133,6392
15442,6393
7414,6394
18522,6395
12692,6396
4105,6397
9403,6398
10927,6399
6411,6400
13749,6401
4890,6402
3164,6403
13109,6404
15773,6405
13841,6406
4896,6407
1693,6408
7001,6409
10158,6410
7649,6411
7465,6412
7092,6413
23390,6414
3905,6415
7892,6416
5557,6417
21538,6418
14658,6419
19916,6420
15857,6421
4812,6422
15649,6423
11934,6424
27204,6425
2089,6426
10114,6427
2712,6428
5218,6429
8086,6430
11190,6431
7143,6432
10384,6433
3773,6434
19890,6435
9746,6436
5837,6437
8896,6438
20727,6439
15468,6440
11069,6441
1536,6442
15920,6443
4085,6444
12863,6445
18634,6446
10860,6447
8897,6448
6045,6449
18214,6450
17397,6451
11243,6452
11478,6453
911,6454
8319,6455
8921,6456
15301,6457
6710,6458
20076,6459
14122,6460
10423,6461
5497,6462
7523,6463
8690,6464
9826,6465
10412,6466
5178,6467
12505,6468
4837,6469
14271,6470
19025,6471
6755,6472
19373,6473
13520,6474
13876,6475
7117,6476
10037,6477
20432,6478
5131,6479
12316,6480
18531,6481
19083,6482
546,6483
16219,6484
15040,6485
2928,6486
4579,6487
7986,6488
5914,6489
5743,6490
9090,6491
7102,6492
12856,6493
3820,6494
5193,6495
8092,6496
17975,6497
8589,6498
26440,6499
7973,6500
7811,6501
8438,6502
551,6503
6206,6504
4853,6505
20450,6506
8130,6507
13226,6508
1682,6509
13747,6510
7035,6511
7000,6512
21386,6513
11721,6514
5076,6515
12887,6516
9763,6517
9067,6518
18592,6519
21271,6520
18992,6521
11534,6522
7833,6523
14909,6524
4716,6525
16656,6526
7076,6527
7662,6528
8344,6529
3292,6530
12487,6531
13384,6532
14285,6533
13946,6534
18642,6535
20426,6536
6068,6537
2092,6538
19669,6539
14301,6540
8363,6541
15941,6542
22344,6543
22117,6544
1706,6545
8336,6546
8838,6547
16857,6548
6787,6549
5455,6550
10122,6551
7391,6552
13094,6553
6005,6554
11650,6555
10802,6556
6131,6557
13099,6558
4270,6559
12709,6560
12508,6561
10360,6562
11163,6563
21295,6564
12110,6565
2216,6566
4029,6567
14749,6568
16057,6569
10925,6570
6364,6571
22961,6572
4632,6573
16545,6574
10958,6575
11082,6576
7574,6577
8366,6578
5766,6579
10918,6580
7766,6581
13741,6582
12825,6583
13524,6584
9081,6585
8652,6586
4385,6587
3176,6588
1030,6589
15714,6590
11911,6591
2074,6592
5210,6593
564,6594
18478,6595
24207,6596
16663,6597
20162,6598
7418,6599
8432,6600
13519,6601
17349,6602
5433,6603
3356,6604
5416,6605
26003,6606
11484,6607
23208,6608
19384,6609
2724,6610
5863,6611
3817,6612
6011,6613
462,6614
26805,6615
14541,6616
12021,6617
26632,6618
17045,6619
14721,6620
20706,6621
16508,6622
13555,6623
14809,6624
4177,6625
11456,6626
20068,6627
22208,6628
18169,6629
8665,6630
20089,6631
6063,6632
13393,6633
8578,6634
10160,6635
3815,6636
24107,6637
16319,6638
5869,6639
6051,6640
9895,6641
3128,6642
12032,6643
18796,6644
10865,6645
6232,6646
18241,6647
7149,6648
12114,6649
11572,6650
5325,6651
11870,6652
13439,6653
9962,6654
24992,6655
3167,6656
13312,6657
9660,6658
17140,6659
3551,6660
12775,6661
6334,6662
8378,6663
2337,6664
17099,6665
17364,6666
15304,6667
5528,6668
1317,6669
14477,6670
5363,6671
6180,6672
3797,6673
9240,6674
7977,6675
15305,6676
24134,6677
6606,6678
705,6679
10702,6680
7969,6681
15485,6682
17070,6683
8712,6684
16167,6685
16652,6686
5536,6687
17505,6688
9103,6689
15805,6690
1201,6691
4135,6692
3543,6693
18359,6694
6120,6695
8725,6696
22021,6697
10881,6698
4361,6699
21574,6700
9640,6701
13595,6702
14159,6703
17766,6704
5888,6705
14464,6706
15065,6707
16644,6708
1865,6709
4333,6710
5177,6711
1002,6712
7033,6713
11610,6714
12280,6715
5010,6716
3662,6717
10502,6718
15680,6719
6564,6720
21176,6721
24074,6722
5312,6723
24149,6724
25469,6725
8700,6726
17188,6727
10358,6728
12106,6729
11214,6730
11412,6731
18761,6732
3207,6733
5467,6734
8151,6735
6967,6736
4933,6737
22556,6738
9524,6739
11984,6740
9073,6741
13532,6742
7147,6743
7091,6744
6863,6745
9239,6746
17097,6747
23728,6748
16539,6749
20267,6750
13114,6751
9823,6752
6853,6753
15252,6754
11039,6755
3484,6756
2053,6757
2923,6758
5544,6759
16292,6760
9872,6761
13601,6762
16668,6763
9574,6764
12082,6765
9425,6766
7891,6767
3900,6768
9817,6769
9064,6770
19969,6771
7544,6772
8449,6773
7298,6774
6782,6775
6783,6776
18583,6777
15431,6778
16645,6779
16914,6780
7406,6781
13805,6782
8503,6783
7524,6784
9149,6785
8957,6786
8018,6787
8067,6788
3566,6789
15100,6790
3679,6791
13581,6792
8162,6793
3697,6794
17803,6795
5779,6796
12099,6797
17305,6798
842,6799
13753,6800
8218,6801
5130,6802
4569,6803
17700,6804
7443,6805
18826,6806
4893,6807
6514,6808
5408,6809
7283,6810
14650,6811
8935,6812
1894,6813
7598,6814
11131,6815
4698,6816
7858,6817
6804,6818
4345,6819
19784,6820
14164,6821
14629,6822
3047,6823
2297,6824
24158,6825
11396,6826
14631,6827
21980,6828
4798,6829
2419,6830
19458,6831
13557,6832
24298,6833
3739,6834
25740,6835
10445,6836
9368,6837
3472,6838
10211,6839
12484,6840
6160,6841
1255,6842
7504,6843
2383,6844
27028,6845
6497,6846
5251,6847
17645,6848
16819,6849
18945,6850
5391,6851
4824,6852
17696,6853
5316,6854
4778,6855
752,6856
12452,6857
22871,6858
4651,6859
4840,6860
11910,6861
5588,6862
9839,6863
5395,6864
13754,6865
20806,6866
3242,6867
25334,6868
19648,6869
1559,6870
2907,6871
21740,6872
13075,6873
6950,6874
25546,6875
17295,6876
2122,6877
12493,6878
23118,6879
7848,6880
10417,6881
8036,6882
4959,6883
14256,6884
5275,6885
9948,6886
17270,6887
12830,6888
5448,6889
20319,6890
5734,6891
2001,6892
13427,6893
4510,6894
10336,6895
14814,6896
6305,6897
13374,6898
15994,6899
1254,6900
6185,6901
21117,6902
14841,6903
7248,6904
4598,6905
12776,6906
16348,6907
11852,6908
9538,6909
6895,6910
1016,6911
9727,6912
10374,6913
4544,6914
7949,6915
14417,6916
21082,6917
6708,6918
14659,6919
8078,6920
7197,6921
16436,6922
26151,6923
936,6924
7136,6925
122,6926
9622,6927
11177,6928
1391,6929
16958,6930
18256,6931
12871,6932
12348,6933
260,6934
16301,6935
21529,6936
19649,6937
13159,6938
11382,6939
7826,6940
14026,6941
7874,6942
14282,6943
19317,6944
14520,6945
24546,6946
3996,6947
6672,6948
9226,6949
10371,6950
7742,6951
20694,6952
1196,6953
13792,6954
23808,6955
6902,6956
25435,6957
3825,6958
4897,6959
1265,6960
18994,6961
7036,6962
15238,6963
9294,6964
19034,6965
15914,6966
21611,6967
24026,6968
4952,6969
18710,6970
19672,6971
10589,6972
10461,6973
2705,6974
4356,6975
12081,6976
5361,6977
13989,6978
12319,6979
8758,6980
11293,6981
3263,6982
8477,6983
3747,6984
7199,6985
1587,6986
3206,6987
14594,6988
1759,6989
21296,6990
15101,6991
17497,6992
811,6993
14035,6994
5540,6995
2931,6996
8512,6997
22238,6998
4592,6999
23,7000
13851,7001
2420,7002
6692,7003
15051,7004
3814,7005
6304,7006
4624,7007
8023,7008
11426,7009
1660,7010
4373,7011
6741,7012
5502,7013
8958,7014
13836,7015
1647,7016
15682,7017
7632,7018
12970,7019
7479,7020
5487,7021
563,7022
5712,7023
22455,7024
11344,7025
3702,7026
5426,7027
24160,7028
7626,7029
3663,7030
7058,7031
9233,7032
4772,7033
12877,7034
7227,7035
4731,7036
6965,7037
11993,7038
14146,7039
1956,7040
223,7041
24477,7042
3117,7043
10790,7044
2076,7045
11954,7046
13535,7047
15630,7048
6418,7049
7285,7050
6501,7051
2948,7052
9551,7053
7500,7054
18673,7055
10073,7056
24159,7057
10743,7058
3625,7059
1890,7060
16261,7061
1562,7062
8657,7063
26470,7064
1114,7065
10953,7066
7011,7067
9924,7068
3494,7069
1465,7070
16672,7071
3410,7072
19713,7073
8773,7074
2960,7075
12128,7076
4525,7077
11936,7078
9427,7079
7618,7080
14979,7081
13947,7082
5597,7083
6663,7084
10739,7085
1464,7086
14028,7087
11648,7088
11571,7089
3480,7090
7866,7091
1193,7092
3930,7093
8160,7094
23641,7095
22777,7096
4764,7097
11460,7098
10477,7099
12029,7100
3833,7101
23327,7102
10952,7103
3505,7104
3805,7105
25827,7106
17074,7107
5080,7108
2983,7109
18987,7110
17175,7111
2061,7112
12479,7113
1903,7114
15418,7115
2028,7116
7405,7117
7905,7118
8532,7119
759,7120
10880,7121
11487,7122
514,7123
7834,7124
3601,7125
5049,7126
19498,7127
6330,7128
14411,7129
1499,7130
19830,7131
5871,7132
15911,7133
1777,7134
3038,7135
6496,7136
7231,7137
20063,7138
14442,7139
1107,7140
10165,7141
26525,7142
11332,7143
17259,7144
9704,7145
6758,7146
9976,7147
2306,7148
23693,7149
3278,7150
10156,7151
674,7152
13030,7153
1374,7154
6067,7155
6774,7156
15257,7157
6325,7158
18572,7159
11999,7160
5318,7161
19879,7162
1776,7163
4943,7164
16521,7165
5957,7166
17642,7167
3194,7168
3476,7169
25609,7170
25610,7171
16522,7172
10746,7173
5507,7174
8019,7175
14193,7176
4980,7177
18125,7178
22561,7179
10034,7180
7655,7181
2769,7182
9367,7183
25613,7184
6712,7185
12013,7186
15725,7187
12921,7188
19864,7189
17652,7190
5173,7191
23909,7192
16236,7193
5565,7194
17774,7195
4657,7196
12551,7197
19919,7198
4996,7199
12627,7200
15298,7201
6182,7202
10668,7203
8343,7204
9513,7205
15836,7206
20800,7207
22901,7208
23161,7209
6920,7210
14088,7211
1271,7212
7686,7213
6340,7214
21430,7215
12489,7216
7082,7217
12706,7218
5608,7219
21018,7220
19497,7221
15629,7222
9935,7223
2331,7224
4794,7225
8113,7226
8874,7227
13306,7228
9209,7229
27274,7230
15797,7231
4053,7232
7687,7233
17106,7234
5581,7235
15658,7236
12384,7237
8683,7238
9484,7239
24478,7240
1056,7241
368,7242
3600,7243
12339,7244
15788,7245
26995,7246
8014,7247
5996,7248
13480,7249
20422,7250
15683,7251
12017,7252
10736,7253
1308,7254
10320,7255
20889,7256
8511,7257
685,7258
12342,7259
900,7260
13177,7261
5287,7262
3883,7263
16308,7264
6973,7265
326,7266
1085,7267
3897,7268
10573,7269
11736,7270
13596,7271
9849,7272
9095,7273
1274,7274
6767,7275
21381,7276
12134,7277
10707,7278
24855,7279
7242,7280
12696,7281
11081,7282
5538,7283
5164,7284
5569,7285
8225,7286
4847,7287
8126,7288
2838,7289
1207,7290
10964,7291
7156,7292
5703,7293
11087,7294
1925,7295
13176,7296
6153,7297
9176,7298
4483,7299
12746,7300
26201,7301
5490,7302
5474,7303
6192,7304
10957,7305
12486,7306
1389,7307
7052,7308
8664,7309
14840,7310
23761,7311
3562,7312
768,7313
17363,7314
7555,7315
11316,7316
4328,7317
7684,7318
1299,7319
10182,7320
6779,7321
4337,7322
15261,7323
17263,7324
5101,7325
9109,7326
6080,7327
23453,7328
23697,7329
5390,7330
16115,7331
21299,7332
3691,7333
8331,7334
5285,7335
6333,7336
5372,7337
25805,7338
14304,7339
4633,7340
3869,7341
8398,7342
6100,7343
2844,7344
8599,7345
9120,7346
23062,7347
21407,7348
11188,7349
10727,7350
7812,7351
4564,7352
15012,7353
3571,7354
14283,7355
21156,7356
10915,7357
9480,7358
12576,7359
7008,7360
1235,7361
5095,7362
13849,7363
18163,7364
1225,7365
3692,7366
13534,7367
10728,7368
8064,7369
7805,7370
1579,7371
5039,7372
18656,7373
17694,7374
5598,7375
12726,7376
10562,7377
14652,7378
6731,7379
4236,7380
18723,7381
24262,7382
9791,7383
6195,7384
486,7385
14192,7386
4997,7387
10614,7388
11136,7389
15930,7390
8388,7391
12476,7392
11333,7393
2918,7394
1737,7395
15742,7396
5587,7397
12946,7398
9589,7399
5894,7400
12540,7401
6390,7402
6718,7403
20557,7404
4059,7405
4855,7406
5012,7407
26362,7408
5554,7409
12525,7410
7069,7411
9460,7412
24565,7413
1145,7414
1287,7415
5351,7416
20882,7417
10741,7418
22285,7419
19313,7420
27262,7421
10712,7422
7174,7423
9516,7424
17653,7425
9377,7426
8980,7427
15987,7428
19578,7429
7821,7430
4233,7431
19157,7432
5594,7433
1721,7434
7856,7435
15986,7436
3063,7437
6201,7438
20227,7439
1550,7440
17689,7441
17400,7442
10812,7443
3135,7444
15475,7445
3333,7446
5928,7447
1719,7448
25834,7449
9697,7450
12674,7451
2860,7452
6545,7453
2301,7454
5302,7455
26140,7456
1581,7457
12311,7458
12880,7459
4122,7460
10279,7461
9890,7462
12881,7463
14469,7464
8144,7465
17548,7466
13049,7467
7559,7468
11644,7469
9990,7470
11872,7471
5521,7472
6288,7473
4242,7474
1564,7475
16629,7476
9939,7477
13800,7478
4202,7479
5834,7480
3682,7481
18687,7482
19506,7483
7600,7484
6579,7485
13402,7486
10744,7487
8778,7488
20634,7489
17540,7490
12645,7491
6581,7492
20042,7493
10972,7494
3847,7495
23603,7496
1975,7497
13231,7498
10378,7499
9862,7500
8646,7501
3080,7502
1606,7503
6016,7504
14221,7505
7241,7506
12309,7507
9281,7508
6314,7509
17498,7510
19438,7511
10166,7512
10333,7513
22435,7514
7282,7515
9656,7516
24650,7517
24728,7518
3322,7519
4481,7520
18742,7521
1315,7522
25522,7523
10755,7524
10397,7525
876,7526
20754,7527
4916,7528
22643,7529
13118,7530
12086,7531
6511,7532
20011,7533
23311,7534
6212,7535
6459,7536
5223,7537
18031,7538
4543,7539
10294,7540
11101,7541
5943,7542
26313,7543
25206,7544
26288,7545
11395,7546
11389,7547
8557,7548
22389,7549
14085,7550
10400,7551
5386,7552
12821,7553
10004,7554
9477,7555
11768,7556
5775,7557
1825,7558
12866,7559
6833,7560
11632,7561
7022,7562
1447,7563
8321,7564
3070,7565
11407,7566
18075,7567
24769,7568
15613,7569
20721,7570
22787,7571
4124,7572
12450,7573
10046,7574
11345,7575
16040,7576
6427,7577
26927,7578
12056,7579
10924,7580
2263,7581
15745,7582
21267,7583
14504,7584
6648,7585
5849,7586
7484,7587
13951,7588
24349,7589
20464,7590
8696,7591
2830,7592
8806,7593
18776,7594
6825,7595
5931,7596
14460,7597
23473,7598
2777,7599
16520,7600
5029,7601
9146,7602
23259,7603
21496,7604
8706,7605
7990,7606
15321,7607
5609,7608
565,7609
5030,7610
3381,7611
1757,7612
2826,7613
19637,7614
12542,7615
11566,7616
3587,7617
1226,7618
6568,7619
24361,7620
13448,7621
5945,7622
16315,7623
1624,7624
5256,7625
12138,7626
7753,7627
3706,7628
1113,7629
8274,7630
3705,7631
9988,7632
9690,7633
13509,7634
8915,7635
18483,7636
15437,7637
17525,7638
4887,7639
25643,7640
12817,7641
19298,7642
13371,7643
19791,7644
14209,7645
4486,7646
6709,7647
12258,7648
2440,7649
1064,7650
6331,7651
2520,7652
14931,7653
12378,7654
7850,7655
5350,7656
8424,7657
10323,7658
3888,7659
24198,7660
26349,7661
10535,7662
3138,7663
6176,7664
5562,7665
19725,7666
1140,7667
15726,7668
8868,7669
21501,7670
14558,7671
8170,7672
3948,7673
8956,7674
5748,7675
10254,7676
1340,7677
15777,7678
11990,7679
9336,7680
613,7681
480,7682
2766,7683
6171,7684
1455,7685
3262,7686
18993,7687
12965,7688
2362,7689
9934,7690
6172,7691
9373,7692
25956,7693
18304,7694
3610,7695
13483,7696
6475,7697
15358,7698
18246,7699
12853,7700
9625,7701
1582,7702
18505,7703
3437,7704
9692,7705
16108,7706
5149,7707
2468,7708
8360,7709
9186,7710
9047,7711
17506,7712
17459,7713
1181,7714
20027,7715
17238,7716
10318,7717
24398,7718
8191,7719
2516,7720
20513,7721
11884,7722
2100,7723
25636,7724
5956,7725
26132,7726
8292,7727
5908,7728
3942,7729
16170,7730
19778,7731
7357,7732
6740,7733
10828,7734
6269,7735
7275,7736
23229,7737
6836,7738
17183,7739
1224,7740
5959,7741
2840,7742
26841,7743
24465,7744
9834,7745
5356,7746
15598,7747
5353,7748
12020,7749
10503,7750
246,7751
4659,7752
16624,7753
8105,7754
12546,7755
13182,7756
1269,7757
23121,7758
5718,7759
2911,7760
18799,7761
10297,7762
23752,7763
7883,7764
2788,7765
12651,7766
13065,7767
13088,7768
1819,7769
18733,7770
13246,7771
22384,7772
13107,7773
6402,7774
6848,7775
17771,7776
10144,7777
6422,7778
3573,7779
13095,7780
6799,7781
6733,7782
15508,7783
7065,7784
24723,7785
12578,7786
12521,7787
16114,7788
2746,7789
14474,7790
4974,7791
617,7792
10401,7793
11591,7794
1035,7795
7235,7796
23194,7797
7274,7798
17772,7799
6954,7800
6121,7801
8987,7802
5850,7803
12224,7804
1742,7805
12360,7806
6263,7807
11900,7808
15608,7809
14976,7810
19053,7811
6819,7812
200,7813
7439,7814
1106,7815
1920,7816
15294,7817
11857,7818
11843,7819
9020,7820
9539,7821
10903,7822
18044,7823
6301,7824
14140,7825
8079,7826
9560,7827
1306,7828
6056,7829
1110,7830
556,7831
11557,7832
21326,7833
10571,7834
8242,7835
14824,7836
6891,7837
7450,7838
5128,7839
8168,7840
17110,7841
11548,7842
11271,7843
10762,7844
11269,7845
3531,7846
19766,7847
6815,7848
2057,7849
25010,7850
14289,7851
8807,7852
6842,7853
13893,7854
718,7855
6213,7856
14315,7857
3920,7858
6890,7859
8296,7860
7303,7861
8414,7862
9511,7863
13539,7864
13585,7865
7941,7866
10219,7867
8340,7868
4905,7869
10316,7870
13795,7871
12769,7872
8228,7873
3061,7874
18816,7875
22253,7876
13413,7877
1163,7878
4248,7879
10109,7880
3831,7881
10843,7882
14833,7883
6884,7884
12794,7885
9780,7886
3762,7887
4715,7888
8491,7889
5688,7890
2949,7891
3961,7892
7166,7893
12287,7894
15976,7895
3171,7896
7430,7897
12203,7898
795,7899
10404,7900
1239,7901
8220,7902
20371,7903
5978,7904
204,7905
2487,7906
13643,7907
1378,7908
3972,7909
6531,7910
15989,7911
9845,7912
5998,7913
3906,7914
22641,7915
27273,7916
18379,7917
7070,7918
15678,7919
4732,7920
23598,7921
3945,7922
16185,7923
507,7924
5883,7925
13375,7926
21696,7927
11447,7928
4272,7929
8582,7930
2517,7931
6759,7932
7720,7933
646,7934
2195,7935
18613,7936
3707,7937
16809,7938
11055,7939
3318,7940
14651,7941
4836,7942
18240,7943
6133,7944
7425,7945
20053,7946
12328,7947
2448,7948
5788,7949
7124,7950
7188,7951
8591,7952
13504,7953
24002,7954
17164,7955
9561,7956
4813,7957
8740,7958
21059,7959
8187,7960
5686,7961
14123,7962
11645,7963
21604,7964
10464,7965
10660,7966
14496,7967
7014,7968
5697,7969
16011,7970
12730,7971
18899,7972
16679,7973
15242,7974
12949,7975
6021,7976
20638,7977
13968,7978
1409,7979
4667,7980
4811,7981
1505,7982
8482,7983
22788,7984
5575,7985
15738,7986
5479,7987
9089,7988
566,7989
8546,7990
4851,7991
20850,7992
18849,7993
19688,7994
7653,7995
3405,7996
14219,7997
15258,7998
13773,7999
15895,8000
5399,8001
10290,8002
4816,8003
9491,8004
4817,8005
13566,8006
5946,8007
6027,8008
2483,8009
2883,8010
549,8011
3537,8012
8627,8013
19413,8014
12935,8015
8790,8016
23552,8017
883,8018
7440,8019
7909,8020
16682,8021
7822,8022
11576,8023
4402,8024
7735,8025
8028,8026
2924,8027
19272,8028
7259,8029
406,8030
10029,8031
5616,8032
10331,8033
4488,8034
3915,8035
12808,8036
18998,8037
19374,8038
11068,8039
3560,8040
18100,8041
14507,8042
3102,8043
11997,8044
18999,8045
11748,8046
1874,8047
10792,8048
26353,8049
12876,8050
10723,8051
13308,8052
23970,8053
2205,8054
13837,8055
18313,8056
4953,8057
14930,8058
5333,8059
7229,8060
13790,8061
10658,8062
6611,8063
10559,8064
10152,8065
23328,8066
5634,8067
12636,8068
7198,8069
699,8070
8620,8071
6375,8072
25688,8073
15859,8074
5122,8075
6673,8076
5508,8077
13955,8078
16470,8079
10511,8080
378,8081
20587,8082
20577,8083
18814,8084
17974,8085
5188,8086
6162,8087
785,8088
5644,8089
10704,8090
7933,8091
10530,8092
18036,8093
8074,8094
6796,8095
7569,8096
18129,8097
4421,8098
24980,8099
14648,8100
2180,8101
5346,8102
7616,8103
22739,8104
11593,8105
23312,8106
17076,8107
6791,8108
7622,8109
15372,8110
6995,8111
6986,8112
26519,8113
10600,8114
6323,8115
3447,8116
10764,8117
14634,8118
12188,8119
13131,8120
13886,8121
13081,8122
13072,8123
2142,8124
13138,8125
14389,8126
13080,8127
4536,8128
460,8129
10981,8130
1231,8131
1094,8132
21445,8133
24202,8134
14444,8135
11364,8136
7769,8137
18269,8138
594,8139
15131,8140
13134,8141
7824,8142
4826,8143
13295,8144
16687,8145
15871,8146
605,8147
3536,8148
6522,8149
3998,8150
13880,8151
4238,8152
3448,8153
22844,8154
16688,8155
6041,8156
18503,8157
5811,8158
14377,8159
8269,8160
17824,8161
25094,8162
592,8163
7471,8164
14342,8165
9733,8166
6638,8167
14040,8168
16791,8169
6603,8170
15320,8171
4249,8172
5377,8173
288,8174
6296,8175
4868,8176
11322,8177
24567,8178
8154,8179
10599,8180
341,8181
7135,8182
13765,8183
5278,8184
5311,8185
3353,8186
1608,8187
18462,8188
12556,8189
15143,8190
9836,8191
15264,8192
2145,8193
5856,8194
9724,8195
2870,8196
9273,8197
6472,8198
16873,8199
1071,8200
14056,8201
26343,8202
3073,8203
3525,8204
13275,8205
23477,8206
1143,8207
4956,8208
5668,8209
348,8210
6969,8211
10721,8212
8368,8213
11551,8214
2571,8215
1146,8216
5241,8217
8780,8218
6927,8219
14956,8220
4335,8221
17896,8222
2451,8223
2080,8224
11399,8225
6419,8226
7151,8227
12543,8228
6854,8229
7277,8230
11097,8231
11837,8232
6029,8233
20016,8234
9272,8235
10877,8236
7920,8237
18251,8238
2466,8239
3599,8240
7176,8241
3497,8242
9127,8243
16899,8244
17134,8245
26072,8246
4225,8247
8611,8248
11171,8249
4341,8250
13802,8251
15204,8252
14805,8253
20219,8254
10871,8255
8529,8256
6435,8257
7989,8258
2456,8259
24772,8260
6592,8261
10112,8262
12183,8263
11075,8264
1066,8265
8813,8266
4381,8267
15018,8268
17737,8269
13852,8270
25147,8271
6571,8272
7449,8273
13948,8274
14019,8275
11200,8276
4777,8277
2267,8278
7269,8279
9041,8280
11342,8281
11647,8282
805,8283
2398,8284
8765,8285
3986,8286
17394,8287
9687,8288
6013,8289
13342,8290
3462,8291
6257,8292
10296,8293
8749,8294
1828,8295
8495,8296
4541,8297
8411,8298
19509,8299
10084,8300
13135,8301
13062,8302
13079,8303
12756,8304
22640,8305
23898,8306
3316,8307
1024,8308
10844,8309
9712,8310
12831,8311
7316,8312
8047,8313
7097,8314
1250,8315
20293,8316
9554,8317
10198,8318
6700,8319
13157,8320
7760,8321
11037,8322
15206,8323
12174,8324
17681,8325
4555,8326
9263,8327
629,8328
24831,8329
16253,8330
9304,8331
10500,8332
3554,8333
15282,8334
11337,8335
19209,8336
14868,8337
10422,8338
12059,8339
2753,8340
25997,8341
15939,8342
1827,8343
7724,8344
5097,8345
5054,8346
24883,8347
13642,8348
8711,8349
874,8350
12212,8351
4174,8352
4340,8353
4146,8354
2842,8355
8592,8356
9181,8357
15567,8358
6416,8359
1123,8360
24220,8361
4885,8362
12201,8363
13478,8364
2211,8365
14589,8366
24005,8367
10429,8368
18612,8369
2814,8370
1451,8371
4609,8372
22521,8373
10470,8374
3352,8375
6247,8376
14984,8377
4995,8378
13357,8379
13550,8380
11338,8381
5954,8382
15837,8383
7017,8384
17152,8385
16276,8386
3270,8387
16139,8388
1400,8389
9573,8390
24924,8391
19957,8392
18025,8393
1953,8394
4077,8395
15751,8396
10409,8397
5522,8398
1580,8399
1390,8400
5529,8401
1568,8402
15450,8403
3311,8404
5001,8405
12390,8406
2537,8407
7758,8408
5983,8409
6076,8410
18185,8411
10105,8412
5145,8413
16697,8414
9819,8415
8427,8416
19973,8417
2249,8418
7434,8419
20242,8420
8145,8421
23599,8422
11385,8423
21875,8424
4950,8425
4982,8426
16507,8427
6582,8428
3380,8429
7093,8430
3743,8431
6828,8432
6033,8433
10587,8434
12897,8435
18500,8436
4909,8437
2988,8438
4628,8439
24514,8440
7868,8441
10119,8442
7101,8443
726,8444
2900,8445
16472,8446
7207,8447
6423,8448
2002,8449
9661,8450
6697,8451
15310,8452
6982,8453
8608,8454
17748,8455
8271,8456
7260,8457
12496,8458
3450,8459
5330,8460
15211,8461
6699,8462
6698,8463
6629,8464
19809,8465
9489,8466
14258,8467
5509,8468
4072,8469
5110,8470
10242,8471
4563,8472
15290,8473
14806,8474
2273,8475
5877,8476
3704,8477
169,8478
1676,8479
20701,8480
5496,8481
11526,8482
9079,8483
1603,8484
8061,8485
27068,8486
6584,8487
8484,8488
15862,8489
8774,8490
2974,8491
18381,8492
14528,8493
13350,8494
14292,8495
10248,8496
621,8497
9172,8498
4664,8499
9289,8500
9078,8501
10391,8502
3816,8503
1013,8504
7421,8505
6980,8506
12399,8507
5970,8508
8881,8509
2130,8510
4666,8511
5785,8512
18419,8513
17173,8514
15145,8515
6276,8516
7216,8517
26222,8518
698,8519
13436,8520
2887,8521
6694,8522
13237,8523
6038,8524
2247,8525
1658,8526
25081,8527
4275,8528
1731,8529
5764,8530
4396,8531
10398,8532
9070,8533
280,8534
5613,8535
5065,8536
13127,8537
12166,8538
620,8539
5893,8540
7900,8541
8751,8542
16250,8543
1844,8544
2833,8545
21362,8546
7798,8547
6693,8548
11496,8549
2855,8550
2893,8551
1473,8552
13071,8553
7777,8554
9779,8555
418,8556
2102,8557
10103,8558
3234,8559
10604,8560
6065,8561
13047,8562
10169,8563
13057,8564
15556,8565
9005,8566
13140,8567
13090,8568
13052,8569
7437,8570
10069,8571
887,8572
6850,8573
2471,8574
13130,8575
12572,8576
7844,8577
16289,8578
5710,8579
22708,8580
8593,8581
2598,8582
7040,8583
11488,8584
2055,8585
8901,8586
7482,8587
5923,8588
1842,8589
4766,8590
3196,8591
1573,8592
5237,8593
17485,8594
13003,8595
115,8596
3268,8597
12165,8598
11684,8599
23386,8600
8638,8601
5647,8602
5462,8603
14425,8604
7048,8605
14603,8606
11536,8607
8804,8608
15088,8609
13462,8610
677,8611
1197,8612
10354,8613
16314,8614
9216,8615
4427,8616
17531,8617
8844,8618
12690,8619
3987,8620
20531,8621
20366,8622
1253,8623
4653,8624
13611,8625
16459,8626
7613,8627
9744,8628
16318,8629
26148,8630
13904,8631
574,8632
6217,8633
6441,8634
17644,8635
10680,8636
11014,8637
6261,8638
8558,8639
8422,8640
8612,8641
2932,8642
10872,8643
767,8644
12237,8645
10008,8646
2293,8647
4750,8648
20993,8649
1147,8650
553,8651
1746,8652
7503,8653
10163,8654
1538,8655
8933,8656
829,8657
15975,8658
3134,8659
1405,8660
1248,8661
12579,8662
1448,8663
18902,8664
17383,8665
19451,8666
11873,8667
3518,8668
2027,8669
3615,8670
6043,8671
837,8672
5713,8673
16426,8674
23238,8675
15954,8676
1086,8677
9104,8678
3067,8679
25837,8680
13019,8681
1740,8682
17566,8683
5997,8684
2614,8685
1835,8686
9384,8687
2935,8688
9376,8689
15289,8690
15547,8691
17658,8692
1326,8693
19591,8694
1160,8695
16373,8696
5962,8697
1125,8698
3190,8699
1321,8700
1799,8701
2996,8702
7595,8703
11981,8704
3160,8705
16943,8706
10970,8707
9212,8708
5309,8709
25063,8710
5621,8711
7356,8712
16698,8713
13897,8714
4246,8715
7698,8716
13812,8717
20593,8718
18318,8719
9147,8720
3320,8721
2621,8722
3918,8723
6249,8724
6284,8725
17609,8726
3939,8727
4353,8728
13397,8729
4552,8730
14948,8731
12077,8732
5515,8733
22660,8734
2853,8735
3622,8736
4002,8737
3959,8738
5411,8739
7836,8740
3048,8741
6461,8742
5804,8743
3699,8744
23239,8745
2721,8746
10196,8747
1238,8748
12870,8749
3454,8750
7311,8751
4962,8752
615,8753
11028,8754
2502,8755
7026,8756
24648,8757
529,8758
783,8759
7642,8760
1590,8761
13368,8762
10052,8763
9218,8764
5481,8765
14049,8766
14770,8767
15577,8768
2626,8769
8333,8770
9745,8771
1118,8772
4608,8773
10203,8774
8478,8775
4060,8776
10005,8777
15847,8778
2008,8779
729,8780
4646,8781
4471,8782
10372,8783
9788,8784
1407,8785
1408,8786
7179,8787
19850,8788
6647,8789
6124,8790
1607,8791
2628,8792
14457,8793
14731,8794
2839,8795
11778,8796
8480,8797
5648,8798
2630,8799
24,8800
20589,8801
1087,8802
11352,8803
7985,8804
18323,8805
9911,8806
4126,8807
414,8808
18391,8809
2709,8810
16669,8811
7967,8812
8814,8813
7218,8814
6003,8815
5150,8816
16222,8817
14739,8818
19982,8819
3804,8820
5327,8821
17318,8822
8537,8823
6230,8824
13066,8825
13136,8826
6752,8827
11234,8828
1774,8829
4351,8830
12991,8831
8442,8832
13435,8833
7695,8834
8051,8835
2636,8836
6066,8837
8728,8838
10709,8839
16818,8840
7047,8841
16223,8842
16041,8843
8549,8844
6707,8845
2132,8846
23897,8847
1947,8848
6532,8849
10291,8850
3849,8851
11735,8852
15713,8853
5941,8854
13712,8855
5053,8856
6044,8857
2906,8858
13084,8859
8993,8860
10811,8861
4296,8862
7467,8863
19958,8864
2119,8865
2610,8866
2185,8867
4752,8868
19442,8869
14772,8870
1675,8871
2348,8872
6598,8873
24197,8874
17180,8875
2079,8876
2793,8877
13092,8878
12822,8879
10896,8880
9522,8881
3549,8882
22767,8883
3142,8884
4545,8885
3955,8886
4782,8887
19977,8888
3037,8889
8277,8890
7755,8891
11833,8892
14889,8893
5667,8894
2886,8895
5796,8896
8235,8897
15694,8898
5530,8899
4606,8900
7010,8901
3650,8902
15827,8903
1330,8904
5721,8905
6018,8906
1809,8907
10126,8908
3141,8909
13759,8910
1219,8911
17690,8912
11668,8913
7915,8914
22244,8915
1496,8916
4314,8917
8571,8918
22290,8919
1095,8920
4475,8921
1240,8922
4046,8923
22009,8924
15510,8925
12007,8926
8562,8927
11515,8928
13756,8929
3836,8930
10605,8931
2105,8932
12057,8933
4729,8934
16264,8935
12282,8936
11527,8937
12784,8938
10597,8939
3126,8940
20165,8941
8594,8942
26220,8943
9415,8944
3463,8945
16265,8946
3763,8947
6349,8948
889,8949
2832,8950
11179,8951
3734,8952
8756,8953
7634,8954
14046,8955
3754,8956
6343,8957
2499,8958
5638,8959
6345,8960
3771,8961
10408,8962
3401,8963
22247,8964
17966,8965
101,8966
2041,8967
3249,8968
2316,8969
5665,8970
5765,8971
15667,8972
16506,8973
1399,8974
12671,8975
5056,8976
4303,8977
13276,8978
1001,8979
8876,8980
16461,8981
2376,8982
3348,8983
18924,8984
13344,8985
16063,8986
907,8987
13143,8988
13051,8989
13110,8990
10666,8991
13077,8992
13111,8993
13125,8994
2108,8995
3931,8996
3257,8997
1814,8998
9758,8999
12234,9000
665,9001
6246,9002
358,9003
16685,9004
15089,9005
26978,9006
7194,9007
9497,9008
12857,9009
13369,9010
11422,9011
6822,9012
3496,9013
3975,9014
9421,9015
1677,9016
1996,9017
3251,9018
7774,9019
8072,9020
8021,9021
1600,9022
1893,9023
5254,9024
13563,9025
7337,9026
21275,9027
1185,9028
1514,9029
6813,9030
2478,9031
5716,9032
6455,9033
4220,9034
3085,9035
21770,9036
3766,9037
3334,9038
803,9039
9936,9040
3736,9041
3748,9042
5422,9043
1148,9044
12584,9045
3046,9046
3581,9047
2138,9048
17444,9049
10385,9050
2546,9051
8647,9052
10042,9053
15648,9054
11895,9055
16853,9056
132,9057
6810,9058
13648,9059
10566,9060
16708,9061
4506,9062
17720,9063
3106,9064
6259,9065
10218,9066
4930,9067
1905,9068
1367,9069
12528,9070
7899,9071
10564,9072
1507,9073
8990,9074
1859,9075
2274,9076
10305,9077
5136,9078
10665,9079
4635,9080
15296,9081
220,9082
8702,9083
2338,9084
7335,9085
9886,9086
5506,9087
16210,9088
4573,9089
6744,9090
4454,9091
1883,9092
15472,9093
6159,9094
17519,9095
13811,9096
16704,9097
8069,9098
5535,9099
8183,9100
6360,9101
19236,9102
2065,9103
7669,9104
22036,9105
19315,9106
4497,9107
9633,9108
22034,9109
1472,9110
25393,9111
2258,9112
2373,9113
4939,9114
3389,9115
12422,9116
10766,9117
6877,9118
21364,9119
5546,9120
669,9121
8416,9122
489,9123
10626,9124
11259,9125
8587,9126
9459,9127
25942,9128
6654,9129
3050,9130
3507,9131
1820,9132
25943,9133
9308,9134
372,9135
9972,9136
15174,9137
6001,9138
6966,9139
10767,9140
851,9141
1879,9142
26298,9143
4871,9144
3111,9145
595,9146
9630,9147
15144,9148
24036,9149
4860,9150
10753,9151
1628,9152
1833,9153
6956,9154
3273,9155
552,9156
5247,9157
15155,9158
6550,9159
10851,9160
2208,9161
3916,9162
2200,9163
6223,9164
8132,9165
9807,9166
8523,9167
5014,9168
6318,9169
3660,9170
9025,9171
12643,9172
7838,9173
9541,9174
13037,9175
18112,9176
15000,9177
13429,9178
3027,9179
12010,9180
20390,9181
8898,9182
4063,9183
2413,9184
59,9185
10889,9186
4763,9187
10125,9188
8771,9189
14626,9190
3728,9191
7951,9192
9152,9193
4319,9194
9151,9195
2411,9196
9959,9197
1712,9198
18219,9199
9462,9200
4533,9201
1913,9202
26032,9203
19095,9204
8522,9205
3879,9206
4810,9207
12851,9208
10440,9209
16769,9210
2156,9211
10261,9212
10035,9213
14581,9214
7956,9215
6763,9216
9324,9217
9542,9218
1410,9219
4708,9220
2425,9221
5936,9222
18367,9223
6558,9224
3830,9225
24215,9226
14529,9227
3730,9228
2011,9229
6452,9230
528,9231
16129,9232
11530,9233
8327,9234
8201,9235
5295,9236
3015,9237
22225,9238
15213,9239
5301,9240
5239,9241
15627,9242
2699,9243
6412,9244
6401,9245
6551,9246
1186,9247
2978,9248
13197,9249
4348,9250
4058,9251
2639,9252
9503,9253
7827,9254
8429,9255
5283,9256
4371,9257
5512,9258
2643,9259
9414,9260
8590,9261
14094,9262
12879,9263
9268,9264
6426,9265
17672,9266
9567,9267
2342,9268
17256,9269
15841,9270
2732,9271
4142,9272
145,9273
87,9274
8654,9275
20009,9276
14424,9277
10415,9278
2646,9279
7493,9280
3310,9281
13656,9282
4045,9283
9519,9284
16054,9285
10643,9286
6074,9287
10236,9288
1449,9289
21974,9290
2453,9291
197,9292
1535,9293
14066,9294
3886,9295
4125,9296
8396,9297
2995,9298
2744,9299
2648,9300
6722,9301
8471,9302
3934,9303
3183,9304
12318,9305
24227,9306
4831,9307
19301,9308
5074,9309
1958,9310
7113,9311
9306,9312
5003,9313
10418,9314
6378,9315
22779,9316
668,9317
5582,9318
7251,9319
8729,9320
4806,9321
24204,9322
20905,9323
22778,9324
12778,9325
13651,9326
6512,9327
16081,9328
2719,9329
11465,9330
21999,9331
7349,9332
5733,9333
15831,9334
17012,9335
2264,9336
8924,9337
18248,9338
3466,9339
3395,9340
13144,9341
2355,9342
8560,9343
670,9344
4463,9345
14561,9346
3653,9347
3347,9348
10311,9349
1530,9350
7209,9351
16072,9352
3880,9353
13838,9354
4701,9355
4239,9356
2649,9357
2650,9358
2651,9359
2652,9360
4465,9361
17849,9362
13942,9363
6457,9364
1685,9365
5495,9366
4867,9367
5225,9368
3488,9369
1494,9370
6578,9371
19423,9372
8280,9373
7354,9374
798,9375
14148,9376
1544,9377
2555,9378
13743,9379
4442,9380
19399,9381
14602,9382
23713,9383
9241,9384
17520,9385
20239,9386
11614,9387
5580,9388
13799,9389
3952,9390
5348,9391
1501,9392
6887,9393
6248,9394
10931,9395
6026,9396
7629,9397
6847,9398
9418,9399
17017,9400
10835,9401
14200,9402
4186,9403
14877,9404
9932,9405
23337,9406
10189,9407
10510,9408
14198,9409
10595,9410
7106,9411
2869,9412
22306,9413
5055,9414
10431,9415
891,9416
3658,9417
16295,9418
9428,9419
7865,9420
17436,9421
21255,9422
12928,9423
11869,9424
501,9425
10742,9426
12872,9427
2457,9428
6436,9429
8211,9430
14672,9431
2543,9432
1184,9433
19425,9434
26274,9435
8588,9436
13076,9437
2387,9438
13082,9439
13060,9440
3014,9441
17583,9442
7243,9443
8300,9444
482,9445
13742,9446
11586,9447
7893,9448
17212,9449
8655,9450
4733,9451
20306,9452
11946,9453
9253,9454
10253,9455
10504,9456
10514,9457
10441,9458
10442,9459
10443,9460
10444,9461
10516,9462
12753,9463
10517,9464
2803,9465
12950,9466
229,9467
16631,9468
17605,9469
511,9470
13103,9471
13121,9472
4509,9473
3967,9474
12741,9475
8101,9476
13102,9477
13119,9478
13908,9479
5552,9480
13067,9481
17753,9482
2436,9483
5044,9484
9531,9485
10396,9486
5604,9487
1497,9488
24683,9489
13054,9490
18355,9491
2372,9492
18197,9493
2043,9494
20987,9495
7042,9496
11883,9497
23947,9498
12781,9499
22159,9500
14350,9501
18972,9502
18606,9503
10234,9504
930,9505
6116,9506
2575,9507
8108,9508
4003,9509
4686,9510
3714,9511
3335,9512
3616,9513
3245,9514
2449,9515
3609,9516
6030,9517
22684,9518
239,9519
10678,9520
2418,9521
6719,9522
8270,9523
1036,9524
3293,9525
13930,9526
8173,9527
14407,9528
6862,9529
11752,9530
26712,9531
13810,9532
5133,9533
22,9534
3434,9535
6703,9536
1293,9537
9094,9538
3451,9539
1304,9540
12902,9541
4452,9542
14214,9543
4570,9544
5090,9545
1977,9546
9437,9547
8430,9548
2799,9549
6236,9550
1481,9551
22861,9552
13151,9553
5458,9554
13106,9555
15927,9556
22792,9557
15990,9558
22293,9559
8212,9560
14362,9561
10765,9562
16701,9563
8479,9564
491,9565
24201,9566
237,9567
5976,9568
7942,9569
5903,9570
8509,9571
4553,9572
1364,9573
16275,9574
15820,9575
8116,9576
13334,9577
21,9578
8513,9579
5141,9580
2309,9581
15031,9582
4054,9583
3303,9584
14472,9585
9254,9586
2594,9587
8917,9588
4108,9589
3231,9590
10785,9591
5842,9592
11733,9593
14680,9594
6205,9595
1178,9596
14160,9597
2116,9598
582,9599
19777,9600
3853,9601
9599,9602
14899,9603
422,9604
2645,9605
6852,9606
2536,9607
6649,9608
4600,9609
3755,9610
6312,9611
8048,9612
4613,9613
15912,9614
2897,9615
7839,9616
17969,9617
9150,9618
8213,9619
9314,9620
7184,9621
8196,9622
4522,9623
21651,9624
11844,9625
2404,9626
3764,9627
6984,9628
8709,9629
8944,9630
13378,9631
1694,9632
11273,9633
316,9634
8481,9635
13489,9636
3865,9637
8945,9638
619,9639
6646,9640
5979,9641
3541,9642
9431,9643
15189,9644
3021,9645
6778,9646
13267,9647
16267,9648
2488,9649
1570,9650
17787,9651
5924,9652
5691,9653
9301,9654
5099,9655
688,9656
13814,9657
12065,9658
4642,9659
10791,9660
12270,9661
4918,9662
436,9663
1626,9664
1946,9665
3129,9666
11907,9667
3485,9668
3840,9669
873,9670
11905,9671
3550,9672
4792,9673
3029,9674
6350,9675
7984,9676
11476,9677
13967,9678
4907,9679
16342,9680
10301,9681
7141,9682
7420,9683
12524,9684
4927,9685
4705,9686
5085,9687
11516,9688
3315,9689
10556,9690
3828,9691
21785,9692
9413,9693
5002,9694
8164,9695
23981,9696
3806,9697
1577,9698
9916,9699
17773,9700
7037,9701
23216,9702
9236,9703
13823,9704
7880,9705
8983,9706
4316,9707
11633,9708
9752,9709
3474,9710
8538,9711
7818,9712
3078,9713
8677,9714
18823,9715
22321,9716
5727,9717
6359,9718
12577,9719
7624,9720
4476,9721
16211,9722
4263,9723
11963,9724
13560,9725
5840,9726
2708,9727
9144,9728
17561,9729
21912,9730
1137,9731
1831,9732
18910,9733
17028,9734
14949,9735
23220,9736
5865,9737
16240,9738
2365,9739
4530,9740
828,9741
16797,9742
3330,9743
6570,9744
6155,9745
20436,9746
4467,9747
3672,9748
1837,9749
12091,9750
5252,9751
7625,9752
26408,9753
2033,9754
6097,9755
6271,9756
8950,9757
5493,9758
11370,9759
11635,9760
2774,9761
12571,9762
13844,9763
777,9764
10288,9765
4908,9766
2597,9767
12053,9768
2920,9769
1858,9770
6888,9771
12396,9772
5639,9773
6924,9774
13036,9775
23120,9776
3478,9777
1420,9778
7888,9779
867,9780
8923,9781
12695,9782
7266,9783
2131,9784
9997,9785
2137,9786
4921,9787
7726,9788
12774,9789
8839,9790
8628,9791
16889,9792
15273,9793
13477,9794
4736,9795
7713,9796
9642,9797
542,9798
1485,9799
2970,9800
3260,9801
12704,9802
20957,9803
1027,9804
11341,9805
4658,9806
3991,9807
7415,9808
3823,9809
14742,9810
5315,9811
1431,9812
2655,9813
4440,9814
4571,9815
2601,9816
755,9817
10662,9818
2561,9819
3596,9820
19043,9821
11225,9822
2009,9823
10904,9824
347,9825
4513,9826
20322,9827
7799,9828
23716,9829
3265,9830
107,9831
825,9832
6224,9833
778,9834
7744,9835
3997,9836
5181,9837
2656,9838
6495,9839
1079,9840
3646,9841
4568,9842
3241,9843
8691,9844
6369,9845
8864,9846
6513,9847
78,9848
14076,9849
16780,9850
11211,9851
3556,9852
359,9853
4576,9854
870,9855
7716,9856
5091,9857
5846,9858
15499,9859
16488,9860
4769,9861
6563,9862
22712,9863
7169,9864
26439,9865
8955,9866
7473,9867
3669,9868
1247,9869
13769,9870
2013,9871
3527,9872
4549,9873
8747,9874
3555,9875
9101,9876
8286,9877
11808,9878
5062,9879
3666,9880
6548,9881
14310,9882
3233,9883
7672,9884
6031,9885
3514,9886
4305,9887
9145,9888
8157,9889
1908,9890
4844,9891
19964,9892
16485,9893
2657,9894
6972,9895
7491,9896
388,9897
7108,9898
15413,9899
17424,9900
17121,9901
6347,9902
12344,9903
5236,9904
6209,9905
9366,9906
9423,9907
13573,9908
5802,9909
6910,9910
7462,9911
10586,9912
131,9913
1174,9914
12102,9915
13608,9916
10466,9917
14859,9918
2569,9919
14233,9920
4431,9921
2426,9922
1730,9923
13497,9924
932,9925
3508,9926
3538,9927
23043,9928
4489,9929
12862,9930
14314,9931
2036,9932
3569,9933
2222,9934
5289,9935
6352,9936
5610,9937
8261,9938
2659,9939
12865,9940
16725,9941
7024,9942
10292,9943
11501,9944
20158,9945
23124,9946
2808,9947
8252,9948
3069,9949
749,9950
11477,9951
3711,9952
6479,9953
1654,9954
23140,9955
5452,9956
9159,9957
2431,9958
1474,9959
18239,9960
843,9961
1428,9962
13337,9963
1414,9964
10518,9965
10478,9966
10465,9967
10307,9968
10521,9969
7247,9970
7896,9971
10522,9972
5876,9973
10506,9974
8359,9975
2663,9976
16122,9977
10110,9978
6691,9979
14733,9980
6367,9981
2146,9982
6010,9983
4760,9984
5578,9985
333,9986
952,9987
10304,9988
4284,9989
2667,9990
13018,9991
10966,9992
7401,9993
8058,9994
2956,9995
9894,9996
9956,9997
4846,9998
8263,9999
15728,10000
4464,10001
6458,10002
6596,10003
13069,10004
7512,10005
10101,10006
5860,10007
13068,10008
13091,10009
3938,10010
5026,10011
5690,10012
15184,10013
1351,10014
658,10015
14456,10016
10064,10017
13335,10018
571,10019
4638,10020
2442,10021
8843,10022
3371,10023
10244,10024
16179,10025
2396,10026
15120,10027
1662,10028
4955,10029
2084,10030
16398,10031
3528,10032
1704,10033
1415,10034
6573,10035
790,10036
11686,10037
1695,10038
12529,10039
6491,10040
15593,10041
1218,10042
19619,10043
3713,10044
20187,10045
888,10046
11155,10047
3328,10048
6976,10049
14073,10050
23559,10051
6404,10052
5829,10053
4567,10054
13892,10055
4643,10056
9498,10057
5744,10058
2588,10059
19624,10060
3154,10061
6723,10062
4674,10063
1215,10064
6805,10065
1257,10066
5473,10067
2606,10068
10123,10069
4924,10070
5319,10071
21998,10072
2022,10073
5682,10074
9220,10075
11960,10076
2096,10077
5807,10078
3211,10079
5027,10080
7693,10081
6593,10082
12297,10083
12908,10084
7359,10085
922,10086
10752,10087
5126,10088
6275,10089
5146,10090
1551,10091
4478,10092
10529,10093
8863,10094
3899,10095
1156,10096
1288,10097
1751,10098
7691,10099
14276,10100
5344,10101
13510,10102
4765,10103
16243,10104
5246,10105
10740,10106
8782,10107
3607,10108
9790,10109
4757,10110
8694,10111
3667,10112
8792,10113
770,10114
4780,10115
4636,10116
2587,10117
10515,10118
6099,10119
413,10120
2035,10121
8680,10122
11158,10123
4786,10124
14817,10125
1234,10126
283,10127
1155,10128
1517,10129
15423,10130
4424,10131
16686,10132
1258,10133
5965,10134
6499,10135
3651,10136
26586,10137
6500,10138
861,10139
1466,10140
7803,10141
22351,10142
817,10143
2568,10144
15709,10145
7542,10146
10738,10147
8022,10148
1979,10149
22342,10150
1385,10151
2335,10152
3236,10153
14525,10154
6070,10155
6009,10156
9222,10157
16249,10158
10968,10159
6151,10160
1412,10161
4234,10162
10474,10163
19515,10164
13377,10165
7560,10166
6335,10167
6861,10168
8073,10169
1919,10170
2547,10171
4130,10172
9866,10173
3332,10174
6716,10175
248,10176
6115,10177
16327,10178
3104,10179
3590,10180
6253,10181
4863,10182
6470,10183
2111,10184
21521,10185
1868,10186
13650,10187
12981,10188
7123,10189
9419,10190
3761,10191
3368,10192
10569,10193
954,10194
4401,10195
634,10196
3838,10197
5758,10198
21160,10199
917,10200
8436,10201
1681,10202
3709,10203
1292,10204
6507,10205
11008,10206
10285,10207
5747,10208
13986,10209
5084,10210
11029,10211
14828,10212
5483,10213
13938,10214
11393,10215
10549,10216
9751,10217
2891,10218
6493,10219
15897,10220
9108,10221
3922,10222
5760,10223
9315,10224
3412,10225
8633,10226
5592,10227
9887,10228
2014,10229
4118,10230
1565,10231
11518,10232
10346,10233
4137,10234
18063,10235
7954,10236
8527,10237
3414,10238
14720,10239
18333,10240
7495,10241
2107,10242
3852,10243
15293,10244
2919,10245
5082,10246
641,10247
5111,10248
493,10249
10854,10250
13552,10251
4172,10252
19721,10253
6145,10254
4334,10255
1493,10256
17395,10257
14202,10258
3539,10259
21705,10260
11315,10261
11202,10262
7470,10263
3083,10264
3275,10265
479,10266
4276,10267
18873,10268
14753,10269
1787,10270
7714,10271
4022,10272
2638,10273
10527,10274
20875,10275
7152,10276
5689,10277
11818,10278
10866,10279
9265,10280
2739,10281
16872,10282
440,10283
12294,10284
5284,10285
3,10286
7688,10287
3232,10288
8510,10289
274,10290
3291,10291
6589,10292
19618,10293
8475,10294
19617,10295
1849,10296
11090,10297
1332,10298
1635,10299
4838,10300
24285,10301
12445,10302
15619,10303
14728,10304
15241,10305
6270,10306
2395,10307
18217,10308
5516,10309
6326,10310
8515,10311
6173,10312
1377,10313
9264,10314
2165,10315
10911,10316
4181,10317
5165,10318
4226,10319
4042,10320
27414,10321
901,10322
15148,10323
109,10324
3782,10325
27415,10326
9904,10327
6607,10328
9760,10329
9584,10330
864,10331
2981,10332
15208,10333
6580,10334
3491,10335
13063,10336
9785,10337
6849,10338
2835,10339
6251,10340
6468,10341
21136,10342
5332,10343
3137,10344
5472,10345
6358,10346
11855,10347
25470,10348
733,10349
3839,10350
18091,10351
20062,10352
4591,10353
8724,10354
5214,10355
856,10356
391,10357
2841,10358
4753,10359
12538,10360
11387,10361
1446,10362
10275,10363
1097,10364
2857,10365
9558,10366
152,10367
3598,10368
8082,10369
10886,10370
953,10371
9977,10372
22690,10373
7680,10374
5274,10375
17439,10376
9556,10377
4983,10378
14118,10379
12526,10380
3876,10381
5114,10382
5212,10383
10749,10384
5920,10385
3837,10386
8856,10387
7447,10388
8857,10389
8727,10390
16017,10391
6536,10392
205,10393
6400,10394
23415,10395
8836,10396
10348,10397
4639,10398
13359,10399
5740,10400
4318,10401
1974,10402
2802,10403
1458,10404
3811,10405
18885,10406
8596,10407
25833,10408
16259,10409
3032,10410
5732,10411
2407,10412
14045,10413
1560,10414
3226,10415
6042,10416
9016,10417
3696,10418
4320,10419
4474,10420
10855,10421
22649,10422
23506,10423
2106,10424
4332,10425
6004,10426
3130,10427
3465,10428
8012,10429
5905,10430
4123,10431
2435,10432
4227,10433
4558,10434
1161,10435
8413,10436
5296,10437
1422,10438
19008,10439
25444,10440
4292,10441
6456,10442
6524,10443
26522,10444
689,10445
6210,10446
1857,10447
7094,10448
2669,10449
3868,10450
5873,10451
1063,10452
3060,10453
19,10454
21502,10455
8660,10456
423,10457
3874,10458
7005,10459
4159,10460
15614,10461
2671,10462
3282,10463
1508,10464
2583,10465
5783,10466
11839,10467
8390,10468
3544,10469
2557,10470
2759,10471
481,10472
4577,10473
3034,10474
6058,10475
11180,10476
3225,10477
8634,10478
420,10479
3841,10480
868,10481
4257,10482
1397,10483
8517,10484
8656,10485
1429,10486
2668,10487
2813,10488
2322,10489
5397,10490
9781,10491
4755,10492
4500,10493
850,10494
6431,10495
727,10496
7370,10497
10131,10498
10299,10499
3012,10500
3592,10501
1380,10502
1605,10503
3155,10504
3156,10505
4852,10506
4299,10507
25904,10508
4006,10509
9772,10510
3971,10511
5567,10512
8688,10513
3878,10514
1440,10515
4194,10516
639,10517
3557,10518
9050,10519
6623,10520
11313,10521
10241,10522
4883,10523
108,10524
7563,10525
7002,10526
5189,10527
632,10528
5405,10529
3851,10530
7806,10531
5867,10532
10175,10533
776,10534
3500,10535
8786,10536
6089,10537
9300,10538
2564,10539
15615,10540
1018,10541
5947,10542
8810,10543
5162,10544
4428,10545
2944,10546
19450,10547
2060,10548
13682,10549
7368,10550
9219,10551
1768,10552
22405,10553
1619,10554
6739,10555
6123,10556
7018,10557
11030,10558
3121,10559
9796,10560
2661,10561
26110,10562
2873,10563
3530,10564
4926,10565
4727,10566
4344,10567
5167,10568
7489,10569
969,10570
972,10571
2603,10572
1272,10573
16399,10574
10798,10575
13744,10576
6,10577
1360,10578
788,10579
3819,10580
19110,10581
15741,10582
2450,10583
8076,10584
6238,10585
6835,10586
18211,10587
6923,10588
9617,10589
6812,10590
5262,10591
4434,10592
15828,10593
1291,10594
14330,10595
663,10596
6679,10597
14590,10598
16665,10599
3033,10600
1450,10601
1461,10602
9576,10603
3031,10604
18094,10605
162,10606
2863,10607
1413,10608
24704,10609
13434,10610
11220,10611
5524,10612
1179,10613
13058,10614
2256,10615
5717,10616
9389,10617
2403,10618
15062,10619
3439,10620
5449,10621
12261,10622
2473,10623
1023,10624
5116,10625
8161,10626
4992,10627
9521,10628
2285,10629
4902,10630
2991,10631
4155,10632
756,10633
754,10634
2618,10635
10563,10636
5899,10637
1460,10638
13042,10639
13043,10640
801,10641
7377,10642
2141,10643
15073,10644
13048,10645
4183,10646
13100,10647
20225,10648
13116,10649
3366,10650
6985,10651
12016,10652
3235,10653
1129,10654
6430,10655
1789,10656
2573,10657
5009,10658
2294,10659
387,10660
8404,10661
4398,10662
5172,10663
14774,10664
7332,10665
4968,10666
989,10667
11238,10668
15732,10669
7922,10670
6406,10671
18804,10672
4004,10673
1237,10674
11310,10675
25312,10676
305,10677
10361,10678
16876,10679
4419,10680
6772,10681
5469,10682
2641,10683
1003,10684
11641,10685
7378,10686
3777,10687
5121,10688
3928,10689
9446,10690
11956,10691
2796,10692
2585,10693
469,10694
1945,10695
2498,10696
7853,10697
4140,10698
5843,10699
19811,10700
3943,10701
11785,10702
18212,10703
3719,10704
9061,10705
91,10706
4309,10707
3969,10708
19699,10709
287,10710
640,10711
1120,10712
1401,10713
1182,10714
1191,10715
7333,10716
8330,10717
16452,10718
4986,10719
4005,10720
3612,10721
1610,10722
16138,10723
15848,10724
6963,10725
7158,10726
313,10727
13530,10728
14047,10729
8514,10730
16374,10731
8143,10732
23592,10733
9225,10734
24380,10735
3781,10736
6653,10737
1715,10738
3116,10739
13073,10740
12807,10741
23392,10742
1388,10743
17462,10744
5380,10745
322,10746
2470,10747
5184,10748
4414,10749
5792,10750
14595,10751
102,10752
11197,10753
15944,10754
588,10755
2040,10756
4235,10757
7963,10758
4936,10759
5892,10760
10954,10761
4219,10762
3807,10763
5460,10764
524,10765
17569,10766
2330,10767
10955,10768
10869,10769
7666,10770
17875,10771
16451,10772
18888,10773
2147,10774
5144,10775
12942,10776
4630,10777
3686,10778
1394,10779
15124,10780
5560,10781
5151,10782
12453,10783
10861,10784
10451,10785
10781,10786
5517,10787
5654,10788
1509,10789
10560,10790
3636,10791
3300,10792
1112,10793
12109,10794
7950,10795
15719,10796
5812,10797
3896,10798
1479,10799
1807,10800
5321,10801
13634,10802
1616,10803
7907,10804
1899,10805
5722,10806
23393,10807
5778,10808
9369,10809
3787,10810
7558,10811
2729,10812
7775,10813
2904,10814
6664,10815
15582,10816
4484,10817
1537,10818
11394,10819
5974,10820
9018,10821
7455,10822
6163,10823
1601,10824
7053,10825
8102,10826
16375,10827
13775,10828
11807,10829
20060,10830
2768,10831
7253,10832
3657,10833
9295,10834
3744,10835
1204,10836
13216,10837
14782,10838
3864,10839
1301,10840
1588,10841
10428,10842
1652,10843
10937,10844
4703,10845
9681,10846
9126,10847
8704,10848
12104,10849
4617,10850
6684,10851
5958,10852
5776,10853
9153,10854
13172,10855
7570,10856
4223,10857
6526,10858
2409,10859
4807,10860
1132,10861
4438,10862
5737,10863
2787,10864
20264,10865
8601,10866
8353,10867
10930,10868
9293,10869
4283,10870
20617,10871
10923,10872
6704,10873
3475,10874
4395,10875
2613,10876
16684,10877
18517,10878
16062,10879
2908,10880
11258,10881
5453,10882
8307,10883
120,10884
6079,10885
12568,10886
12361,10887
226,10888
1294,10889
869,10890
4482,10891
9076,10892
2289,10893
11831,10894
1558,10895
11845,10896
6262,10897
4942,10898
898,10899
20963,10900
6355,10901
10841,10902
1615,10903
234,10904
6319,10905
1468,10906
5265,10907
4244,10908
5086,10909
734,10910
2340,10911
16931,10912
1932,10913
375,10914
1510,10915
3157,10916
4113,10917
281,10918
216,10919
11973,10920
5338,10921
10347,10922
10890,10923
4008,10924
432,10925
7681,10926
7118,10927
3133,10928
4379,10929
15171,10930
4251,10931
4153,10932
1930,10933
1402,10934
2220,10935
4131,10936
526,10937
4518,10938
1998,10939
7129,10940
12052,10941
14890,10942
15151,10943
1058,10944
7736,10945
5259,10946
4566,10947
9874,10948
1338,10949
2664,10950
15212,10951
5182,10952
8460,10953
4556,10954
6117,10955
4324,10956
15,10957
334,10958
2406,10959
1766,10960
6575,10961
5156,10962
19891,10963
2381,10964
3774,10965
3483,10966
2992,10967
4170,10968
18050,10969
5566,10970
14262,10971
3267,10972
4749,10973
19697,10974
4762,10975
10912,10976
4819,10977
12749,10978
5092,10979
19592,10980
93,10981
11311,10982
1527,10983
6285,10984
5900,10985
6794,10986
2672,10987
1318,10988
7411,10989
19881,10990
5334,10991
2101,10992
22213,10993
6492,10994
7575,10995
2990,10996
355,10997
7292,10998
6036,10999
5006,11000
1824,11001
11652,11002
5089,11003
8914,11004
1786,11005
1177,11006
3294,11007
390,11008
2313,11009
9285,11010
1011,11011
1314,11012
3973,11013
862,11014
3749,11015
3563,11016
97,11017
2885,11018
454,11019
2462,11020
13273,11021
2816,11022
5542,11023
2660,11024
9071,11025
9478,11026
2591,11027
8963,11028
8879,11029
661,11030
8260,11031
6235,11032
3131,11033
8942,11034
12320,11035
1122,11036
7829,11037
2377,11038
2565,11039
7914,11040
6290,11041
5720,11042
4326,11043
15537,11044
1999,11045
2700,11046
6857,11047
2213,11048
19844,11049
6858,11050
14072,11051
1960,11052
2349,11053
3756,11054
15543,11055
6082,11056
7970,11057
7548,11058
6872,11059
885,11060
3632,11061
3990,11062
1199,11063
7786,11064
8291,11065
12443,11066
5563,11067
15138,11068
1392,11069
5238,11070
2665,11071
10343,11072
17064,11073
1323,11074
2909,11075
3670,11076
24181,11077
13274,11078
7846,11079
6394,11080
13345,11081
926,11082
502,11083
5273,11084
12308,11085
6397,11086
19762,11087
6274,11088
12310,11089
11439,11090
7398,11091
8287,11092
2703,11093
5990,11094
5492,11095
13498,11096
14638,11097
1039,11098
4101,11099
6291,11100
2486,11101
2563,11102
25666,11103
4041,11104
3065,11105
13969,11106
4775,11107
2550,11108
4520,11109
7075,11110
1634,11111
8370,11112
4531,11113
149,11114
9448,11115
3096,11116
2270,11117
4330,11118
2412,11119
4622,11120
4585,11121
5739,11122
5161,11123
766,11124
5906,11125
2792,11126
3099,11127
14392,11128
847,11129
5004,11130
9703,11131
6908,11132
20275,11133
1525,11134
3499,11135
7804,11136
2148,11137
12322,11138
3924,11139
12035,11140
7234,11141
2678,11142
16316,11143
5653,11144
10907,11145
3071,11146
1406,11147
3872,11148
6460,11149
3648,11150
5073,11151
8402,11152
2227,11153
8988,11154
11347,11155
148,11156
5889,11157
1692,11158
919,11159
2538,11160
4437,11161
12276,11162
6831,11163
13169,11164
1949,11165
3848,11166
4516,11167
12417,11168
1993,11169
934,11170
11590,11171
7030,11172
2680,11173
14784,11174
4416,11175
7366,11176
1313,11177
1102,11178
14879,11179
5761,11180
2681,11181
11888,11182
7098,11183
2770,11184
12187,11185
24595,11186
4904,11187
12895,11188
3854,11189
3656,11190
6188,11191
211,11192
4654,11193
1131,11194
1800,11195
4098,11196
2673,11197
7823,11198
183,11199
12045,11200
4196,11201
1138,11202
4517,11203
2936,11204
22007,11205
7667,11206
1021,11207
3578,11208
172,11209
2682,11210
8653,11211
18719,11212
17255,11213
14152,11214
832,11215
1552,11216
2683,11217
10543,11218
4043,11219
5650,11220
9775,11221
1547,11222
11451,11223
23067,11224
7278,11225
5407,11226
18157,11227
2063,11228
10620,11229
2819,11230
270,11231
10076,11232
2136,11233
8566,11234
23505,11235
7280,11236
2020,11237
958,11238
1598,11239
14734,11240
6773,11241
9565,11242
18903,11243
9815,11244
2877,11245
10838,11246
8045,11247
2627,11248
3384,11249
9816,11250
7081,11251
6559,11252
4190,11253
3589,11254
7566,11255
8952,11256
7564,11257
7719,11258
238,11259
4161,11260
9037,11261
1463,11262
11569,11263
3397,11264
8975,11265
3271,11266
2544,11267
3513,11268
4342,11269
4376,11270
16317,11271
10664,11272
19243,11273
6287,11274
4589,11275
3974,11276
11015,11277
7212,11278
2685,11279
5640,11280
411,11281
3970,11282
8272,11283
17713,11284
19701,11285
16590,11286
20383,11287
4048,11288
1053,11289
1563,11290
8757,11291
22790,11292
2577,11293
135,11294
4148,11295
11677,11296
5551,11297
2324,11298
3984,11299
2687,11300
13458,11301
13315,11302
3346,11303
18445,11304
2199,11305
3752,11306
2255,11307
1889,11308
6278,11309
5645,11310
1797,11311
1311,11312
6909,11313
4377,11314
19264,11315
11627,11316
4833,11317
2937,11318
4224,11319
2702,11320
2624,11321
5329,11322
6098,11323
1729,11324
3652,11325
2866,11326
2534,11327
2463,11328
15639,11329
3288,11330
9792,11331
7257,11332
4631,11333
468,11334
7128,11335
6590,11336
19716,11337
3220,11338
3115,11339
1621,11340
13184,11341
7660,11342
17655,11343
14027,11344
601,11345
10557,11346
8372,11347
7189,11348
14719,11349
17021,11350
5093,11351
8928,11352
6770,11353
7498,11354
6399,11355
14822,11356
5365,11357
5799,11358
12786,11359
116,11360
13045,11361
13133,11362
15645,11363
6610,11364
3790,11365
1251,11366
7315,11367
8996,11368
2397,11369
655,11370
6652,11371
14888,11372
11216,11373
2113,11374
12076,11375
4208,11376
11176,11377
2710,11378
23336,11379
12033,11380
2164,11381
15173,11382
1726,11383
9730,11384
8501,11385
6975,11386
1506,11387
10770,11388
3925,11389
1233,11390
15891,11391
3079,11392
5880,11393
7161,11394
7272,11395
4505,11396
17156,11397
2867,11398
8006,11399
6922,11400
5060,11401
3377,11402
3449,11403
17330,11404
7668,11405
9646,11406
6102,11407
1950,11408
2329,11409
4151,11410
2884,11411
6595,11412
2029,11413
8834,11414
6421,11415
1803,11416
2416,11417
11137,11418
1216,11419
2275,11420
5750,11421
1723,11422
1445,11423
2998,11424
3239,11425
146,11426
9742,11427
2344,11428
4162,11429
1532,11430
16747,11431
2044,11432
7913,11433
3795,11434
5154,11435
3125,11436
13914,11437
14563,11438
15152,11439
7422,11440
4184,11441
5500,11442
1411,11443
6846,11444
2212,11445
3570,11446
2871,11447
1811,11448
8262,11449
6227,11450
4578,11451
1072,11452
3285,11453
4321,11454
3687,11455
5052,11456
15762,11457
7100,11458
339,11459
707,11460
11134,11461
11133,11462
4575,11463
16844,11464
5696,11465
1632,11466
7099,11467
3794,11468
1416,11469
6519,11470
7138,11471
8992,11472
319,11473
7801,11474
1696,11475
19286,11476
21202,11477
5484,11478
7436,11479
3087,11480
11241,11481
5977,11482
10317,11483
678,11484
6025,11485
3308,11486
8661,11487
1457,11488
3427,11489
5989,11490
2214,11491
8351,11492
79,11493
2806,11494
3312,11495
5374,11496
6286,11497
12839,11498
9323,11499
8799,11500
7063,11501
10494,11502
13310,11503
77,11504
2308,11505
3281,11506
21017,11507
6137,11508
3862,11509
16750,11510
6841,11511
1805,11512
10884,11513
65,11514
6226,11515
1840,11516
2915,11517
16552,11518
6113,11519
9648,11520
4713,11521
3535,11522
4112,11523
10186,11524
4297,11525
10488,11526
691,11527
1121,11528
7715,11529
11126,11530
5537,11531
3887,11532
9814,11533
10449,11534
5658,11535
8301,11536
4357,11537
11794,11538
18497,11539
10840,11540
3515,11541
1863,11542
2118,11543
810,11544
4519,11545
7318,11546
589,11547
15544,11548
3024,11549
1227,11550
3808,11551
15328,11552
371,11553
4802,11554
8200,11555
5742,11556
4903,11557
4346,11558
2031,11559
17450,11560
1471,11561
1952,11562
3611,11563
2868,11564
3319,11565
667,11566
24206,11567
2837,11568
11605,11569
1210,11570
878,11571
5845,11572
3230,11573
5305,11574
1985,11575
3094,11576
17790,11577
18210,11578
8232,11579
7711,11580
15014,11581
3402,11582
3258,11583
2727,11584
2817,11585
2228,11586
11744,11587
4969,11588
5539,11589
3671,11590
6682,11591
4206,11592
6170,11593
695,11594
212,11595
3565,11596
3910,11597
8770,11598
18737,11599
495,11600
1241,11601
8908,11602
2071,11603
377,11604
8055,11605
20717,11606
4065,11607
2595,11608
1502,11609
11825,11610
4963,11611
1376,11612
10490,11613
11044,11614
7529,11615
10177,11616
13311,11617
247,11618
8312,11619
4634,11620
4499,11621
13708,11622
4230,11623
20934,11624
7167,11625
4688,11626
4501,11627
2715,11628
694,11629
15757,11630
9624,11631
4662,11632
15201,11633
7492,11634
994,11635
11454,11636
3577,11637
5232,11638
1933,11639
7480,11640
2616,11641
5817,11642
5503,11643
1584,11644
4068,11645
3394,11646
1637,11647
2303,11648
2531,11649
5790,11650
309,11651
459,11652
10555,11653
133,11654
9426,11655
5373,11656
9298,11657
612,11658
10043,11659
1533,11660
3858,11661
5459,11662
7133,11663
3411,11664
7549,11665
4095,11666
1755,11667
4588,11668
2050,11669
4774,11670
1476,11671
4092,11672
9664,11673
22721,11674
8246,11675
14980,11676
7071,11677
4261,11678
3845,11679
4071,11680
7178,11681
1575,11682
2139,11683
1316,11684
3481,11685
19736,11686
938,11687
14079,11688
5037,11689
4120,11690
2124,11691
6538,11692
1275,11693
5105,11694
3246,11695
4016,11696
12162,11697
1236,11698
5013,11699
2345,11700
81,11701
1361,11702
17431,11703
14130,11704
3020,11705
16256,11706
10435,11707
16794,11708
8977,11709
13257,11710
2112,11711
3981,11712
10319,11713
9024,11714
9496,11715
9203,11716
1208,11717
554,11718
98,11719
2305,11720
6186,11721
9039,11722
8230,11723
1040,11724
8338,11725
3965,11726
836,11727
9388,11728
4144,11729
3404,11730
2334,11731
1667,11732
89,11733
905,11734
6138,11735
3098,11736
6329,11737
6241,11738
19266,11739
4031,11740
1419,11741
4121,11742
3964,11743
6039,11744
3639,11745
4443,11746
3732,11747
2737,11748
3602,11749
12398,11750
2117,11751
16145,11752
974,11753
5255,11754
7059,11755
1104,11756
3261,11757
7295,11758
7419,11759
3826,11760
8179,11761
2346,11762
10300,11763
1653,11764
4241,11765
3989,11766
5299,11767
871,11768
4405,11769
15227,11770
7416,11771
10270,11772
855,11773
10719,11774
5642,11775
3358,11776
3140,11777
1686,11778
6148,11779
10734,11780
9344,11781
1154,11782
6342,11783
2764,11784
4253,11785
17835,11786
4787,11787
1135,11788
1516,11789
14522,11790
8574,11791
428,11792
1477,11793
572,11794
8112,11795
1672,11796
11966,11797
987,11798
4845,11799
175,11800
4869,11801
1995,11802
9063,11803
2820,11804
11841,11805
1362,11806
1082,11807
593,11808
7689,11809
1470,11810
3553,11811
9999,11812
7887,11813
1888,11814
456,11815
2566,11816
2366,11817
1904,11818
13652,11819
72,11820
1954,11821
11611,11822
16715,11823
5773,11824
10460,11825
5341,11826
5168,11827
210,11828
4726,11829
1929,11830
350,11831
4298,11832
2091,11833
10926,11834
2533,11835
9488,11836
1421,11837
13000,11838
11777,11839
16660,11840
4138,11841
16363,11842
10310,11843
8104,11844
1591,11845
7249,11846
16445,11847
1456,11848
17062,11849
5174,11850
119,11851
3912,11852
15977,11853
224,11854
6809,11855
8662,11856
2609,11857
6413,11858
10020,11859
11535,11860
1022,11861
8761,11862
5478,11863
10173,11864
21027,11865
5558,11866
11624,11867
644,11868
8317,11869
15932,11870
1437,11871
2901,11872
730,11873
6706,11874
4614,11875
1745,11876
3296,11877
4088,11878
4945,11879
6090,11880
259,11881
1512,11882
8393,11883
3720,11884
5987,11885
254,11886
8739,11887
4781,11888
2163,11889
17049,11890
1228,11891
892,11892
2740,11893
596,11894
1841,11895
1513,11896
3675,11897
17985,11898
1781,11899
15001,11900
9658,11901
21449,11902
1909,11903
11766,11904
9110,11905
9623,11906
14810,11907
6655,11908
9092,11909
2081,11910
3409,11911
16092,11912
2230,11913
16877,11914
1912,11915
3962,11916
1839,11917
652,11918
5968,11919
4711,11920
9907,11921
942,11922
1718,11923
9512,11924
4734,11925
3780,11926
7841,11927
17063,11928
2067,11929
5967,11930
233,11931
608,11932
5671,11933
3988,11934
2910,11935
13459,11936
2260,11937
916,11938
8189,11939
5525,11940
4972,11941
3120,11942
3788,11943
12072,11944
1701,11945
4779,11946
6667,11947
11495,11948
15603,11949
6444,11950
2236,11951
1806,11952
437,11953
818,11954
474,11955
950,11956
1453,11957
6114,11958
5600,11959
3978,11960
915,11961
342,11962
6434,11963
11239,11964
10944,11965
4700,11966
12701,11967
13899,11968
3545,11969
4581,11970
680,11971
14097,11972
3751,11973
5491,11974
1329,11975
8954,11976
16754,11977
4025,11978
8129,11979
4279,11980
586,11981
5884,11982
20220,11983
24199,11984
3676,11985
6620,11986
4064,11987
2674,11988
5618,11989
10174,11990
12205,11991
13645,11992
5109,11993
1162,11994
13097,11995
6055,11996
4758,11997
2892,11998
559,11999
13150,12000
9920,12001
1609,12002
19700,12003
4136,12004
14493,12005
1918,12006
143,12007
10493,12008
4830,12009
144,12010
12375,12011
509,12012
1518,12013
3039,12014
1801,12015
1245,12016
4107,12017
3139,12018
17129,12019
558,12020
1375,12021
656,12022
4040,12023
1382,12024
4237,12025
5466,12026
451,12027
11538,12028
20802,12029
2353,12030
7983,12031
8695,12032
2527,12033
1877,12034
3778,12035
2445,12036
5221,12037
8059,12038
4735,12039
4192,12040
279,12041
1054,12042
5767,12043
8767,12044
6807,12045
2986,12046
3822,12047
2292,12048
5730,12049
12176,12050
1139,12051
4182,12052
10710,12053
452,12054
8536,12055
3522,12056
761,12057
2171,12058
11979,12059
16025,12060
15814,12061
8152,12062
3212,12063
3124,12064
6214,12065
2599,12066
2688,12067
4156,12068
10853,12069
7996,12070
5726,12071
1417,12072
386,12073
4460,12074
9105,12075
13641,12076
3051,12077
1105,12078
7034,12079
12873,12080
4055,12081
2640,12082
11840,12083
1151,12084
2689,12085
6686,12086
1320,12087
1684,12088
2325,12089
1345,12090
1423,12091
1670,12092
2773,12093
16466,12094
4433,12095
6007,12096
8497,12097
1688,12098
409,12099
3422,12100
5378,12101
4304,12102
4212,12103
3511,12104
1041,12105
12260,12106
4134,12107
7305,12108
12948,12109
4604,12110
3436,12111
3214,12112
2262,12113
7276,12114
6346,12115
18861,12116
3501,12117
10810,12118
1426,12119
4873,12120
16023,12121
2127,12122
5816,12123
5253,12124
5939,12125
742,12126
13225,12127
4083,12128
2815,12129
6353,12130
1049,12131
14454,12132
10988,12133
3638,12134
2620,12135
794,12136
714,12137
762,12138
12565,12139
11099,12140
5828,12141
2300,12142
4998,12143
9828,12144
7055,12145
3374,12146
9334,12147
1005,12148
1290,12149
17030,12150
2056,12151
1928,12152
17331,12153
9641,12154
8352,12155
17027,12156
1664,12157
1720,12158
4884,12159
6420,12160
3195,12161
1381,12162
6821,12163
13449,12164
3375,12165
21094,12166
2581,12167
8606,12168
3727,12169
8417,12170
4205,12171
3216,12172
1585,12173
1051,12174
2762,12175
1769,12176
21358,12177
569,12178
3492,12179
1808,12180
1141,12181
8745,12182
7702,12183
1373,12184
121,12185
9128,12186
3721,12187
2265,12188
22647,12189
1783,12190
3985,12191
2562,12192
4000,12193
20860,12194
402,12195
5526,12196
2323,12197
4277,12198
1045,12199
3298,12200
910,12201
3533,12202
2380,12203
7930,12204
11022,12205
6174,12206
5461,12207
3913,12208
12286,12209
14379,12210
4349,12211
6786,12212
496,12213
2611,12214
2633,12215
2038,12216
19205,12217
3469,12218
67,12219
8472,12220
10312,12221
3630,12222
2632,12223
5412,12224
2972,12225
5437,12226
6242,12227
8595,12228
3360,12229
8099,12230
7327,12231
3095,12232
4027,12233
1699,12234
1969,12235
12925,12236
1548,12237
3903,12238
7261,12239
6746,12240
14191,12241
2480,12242
4374,12243
17302,12244
10170,12245
9325,12246
4872,12247
1738,12248
1069,12249
463,12250
1083,12251
519,12252
9274,12253
1687,12254
1300,12255
5564,12256
4610,12257
941,12258
173,12259
3325,12260
11187,12261
1119,12262
587,12263
8750,12264
11847,12265
1180,12266
4922,12267
3372,12268
5024,12269
14260,12270
17984,12271
4281,12272
16883,12273
1020,12274
4660,12275
8214,12276
17995,12277
2965,12278
1671,12279
6900,12280
1462,12281
1009,12282
18887,12283
13363,12284
13531,12285
802,12286
6866,12287
4014,12288
3002,12289
4761,12290
14281,12291
1126,12292
3376,12293
2443,12294
7362,12295
4215,12296
899,12297
5322,12298
11161,12299
782,12300
1379,12301
2410,12302
5379,12303
5034,12304
1134,12305
6689,12306
1384,12307
2231,12308
1988,12309
2188,12310
1327,12311
392,12312
11947,12313
1796,12314
3861,12315
4675,12316
2743,12317
5771,12318
3753,12319
9506,12320
296,12321
8198,12322
96,12323
1630,12324
10313,12325
6745,12326
10850,12327
5000,12328
651,12329
6332,12330
1907,12331
2872,12332
720,12333
3053,12334
4260,12335
404,12336
1972,12337
7787,12338
7078,12339
9955,12340
4269,12341
8760,12342
2244,12343
12893,12344
1124,12345
1504,12346
1173,12347
913,12348
7427,12349
16078,12350
5213,12351
8854,12352
7533,12353
104,12354
5606,12355
6370,12356
17019,12357
1262,12358
4391,12359
1574,12360
4323,12361
940,12362
9533,12363
2567,12364
6373,12365
15019,12366
1665,12367
312,12368
19843,12369
19845,12370
2378,12371
4485,12372
1091,12373
4586,12374
21898,12375
20588,12376
213,12377
2221,12378
14458,12379
10140,12380
859,12381
25,12382
5813,12383
2103,12384
3818,12385
2343,12386
2363,12387
6034,12388
5385,12389
2966,12390
2943,12391
1019,12392
8153,12393
3088,12394
6189,12395
5104,12396
11420,12397
8165,12398
750,12399
2528,12400
4201,12401
10147,12402
645,12403
3336,12404
3361,12405
8502,12406
9080,12407
3217,12408
996,12409
13268,12410
14445,12411
9434,12412
903,12413
5694,12414
3455,12415
142,12416
16562,12417
5944,12418
430,12419
4523,12420
14149,12421
3452,12422
11850,12423
2580,12424
2015,12425
1992,12426
12639,12427
370,12428
675,12429
769,12430
4477,12431
924,12432
6372,12433
6510,12434
1906,12435
15892,12436
4717,12437
10750,12438
7077,12439
15180,12440
1724,12441
11181,12442
8248,12443
4139,12444
10335,12445
5266,12446
1622,12447
7016,12448
12,12449
10772,12450
1289,12451
676,12452
2179,12453
5872,12454
2548,12455
15169,12456
187,12457
4947,12458
2288,12459
14052,12460
11025,12461
3519,12462
3824,12463
13752,12464
9735,12465
397,12466
6164,12467
852,12468
2242,12469
1636,12470
1922,12471
17155,12472
540,12473
8764,12474
5960,12475
1554,12476
3621,12477
5477,12478
467,12479
4203,12480
9068,12481
4218,12482
3821,12483
8020,12484
6738,12485
2215,12486
17227,12487
2347,12488
2784,12489
1747,12490
277,12491
13228,12492
13146,12493
8496,12494
1270,12495
13145,12496
2940,12497
5489,12498
13147,12499
6417,12500
13112,12501
11909,12502
3101,12503
1060,12504
13056,12505
245,12506
3103,12507
10167,12508
13055,12509
982,12510
4384,12511
715,12512
5025,12513
2706,12514
2684,12515
13085,12516
14153,12517
2827,12518
13061,12519
13148,12520
13149,12521
13044,12522
5147,12523
4322,12524
27,12525
3227,12526
968,12527
4601,12528
1387,12529
6354,12530
3710,12531
2926,12532
7924,12533
7182,12534
2088,12535
963,12536
5904,12537
9194,12538
1940,12539
4129,12540
4254,12541
2967,12542
3725,12543
10722,12544
4282,12545
5847,12546
5017,12547
7210,12548
3937,12549
1964,12550
1522,12551
13638,12552
303,12553
2805,12554
2291,12555
4127,12556
13128,12557
5043,12558
2151,12559
4106,12560
331,12561
4746,12562
417,12563
9200,12564
1084,12565
13562,12566
396,12567
18479,12568
8878,12569
3109,12570
8635,12571
1541,12572
1631,12573
11192,12574
1869,12575
2290,12576
20724,12577
20026,12578
7080,12579
140,12580
3873,12581
9247,12582
3209,12583
3323,12584
1717,12585
5028,12586
3286,12587
912,12588
1873,12589
2718,12590
1034,12591
2421,12592
15388,12593
8949,12594
9838,12595
2010,12596
9588,12597
10645,12598
6656,12599
13755,12600
6057,12601
3118,12602
17763,12603
4818,12604
673,12605
15913,12606
2460,12607
4001,12608
3204,12609
3785,12610
8138,12611
90,12612
9270,12613
297,12614
3809,12615
7400,12616
638,12617
713,12618
3363,12619
860,12620
4097,12621
2237,12622
2958,12623
6608,12624
3976,12625
1642,12626
1452,12627
1358,12628
2233,12629
2485,12630
15389,12631
8498,12632
3252,12633
3432,12634
740,12635
323,12636
1982,12637
672,12638
11836,12639
1492,12640
2876,12641
3114,12642
649,12643
20761,12644
10395,12645
6761,12646
6806,12647
1875,12648
2852,12649
3633,12650
2172,12651
1589,12652
7572,12653
1055,12654
1886,12655
10373,12656
250,12657
330,12658
4480,12659
408,12660
2927,12661
10255,12662
19177,12663
13224,12664
690,12665
5513,12666
5007,12667
8288,12668
1882,12669
2898,12670
15400,12671
10256,12672
1866,12673
1884,12674
2526,12675
3584,12676
1761,12677
7223,12678
4707,12679
18250,12680
1994,12681
7317,12682
997,12683
4380,12684
1867,12685
4961,12686
2912,12687
853,12688
6534,12689
800,12690
5418,12691
2560,12692
2790,12693
4310,12694
570,12695
4288,12696
1741,12697
4044,12698
2024,12699
2327,12700
4128,12701
2016,12702
3313,12703
7132,12704
6650,12705
7433,12706
1707,12707
3498,12708
1602,12709
3152,12710
8534,12711
3529,12712
2382,12713
10523,12714
11058,12715
2593,12716
1829,12717
1206,12718
2905,12719
3606,12720
1357,12721
1910,12722
13460,12723
13455,12724
7646,12725
155,12726
6760,12727
5577,12728
320,12729
2843,12730
3229,12731
1483,12732
1383,12733
1319,12734
20980,12735
5635,12736
2019,12737
11815,12738
185,12739
13456,12740
3036,12741
3180,12742
4849,12743
8324,12744
8444,12745
5655,12746
12410,12747
8441,12748
6735,12749
19049,12750
19842,12751
2929,12752
10405,12753
964,12754
16577,12755
1093,12756
3026,12757
6999,12758
1878,12759
15177,12760
560,12761
1760,12762
6527,12763
7347,12764
1592,12765
6448,12766
5071,12767
4017,12768
2158,12769
14915,12770
7267,12771
3473,12772
1078,12773
8893,12774
5308,12775
302,12776
1278,12777
405,12778
1260,12779
4920,12780
6410,12781
5861,12782
6132,12783
5355,12784
19841,12785
5950,12786
697,12787
13050,12788
576,12789
3219,12790
824,12791
3028,12792
2495,12793
3431,12794
15843,12795
4876,12796
2465,12797
15390,12798
19051,12799
9049,12800
4788,12801
5756,12802
3863,12803
1061,12804
9245,12805
1359,12806
5304,12807
217,12808
6829,12809
2801,12810
3580,12811
826,12812
2133,12813
332,12814
5326,12815
8391,12816
5617,12817
3146,12818
8175,12819
13494,12820
3907,12821
2675,12822
5859,12823
809,12824
1862,12825
5794,12826
3664,12827
2864,12828
1115,12829
3370,12830
6959,12831
6688,12832
3523,12833
881,12834
3698,12835
8641,12836
561,12837
3681,12838
15044,12839
908,12840
4502,12841
6795,12842
2576,12843
10751,12844
9918,12845
2862,12846
3708,12847
3716,12848
880,12849
4931,12850
6727,12851
71,12852
8959,12853
804,12854
1310,12855
1708,12856
208,12857
11156,12858
10965,12859
611,12860
2794,12861
12641,12862
4623,12863
1951,12864
4306,12865
1978,12866
2062,12867
6961,12868
383,12869
447,12870
1396,12871
2379,12872
2351,12873
9527,12874
5447,12875
174,12876
1015,12877
1765,12878
3588,12879
2333,12880
28,12881
15035,12882
1734,12883
14510,12884
10136,12885
1534,12886
99,12887
4557,12888
16554,12889
14048,12890
5870,12891
12642,12892
4858,12893
11229,12894
1546,12895
6222,12896
2510,12897
7109,12898
11201,12899
1965,12900
1736,12901
8803,12902
1838,12903
1026,12904
4605,12905
531,12906
3244,12907
16094,12908
14092,12909
2758,12910
3112,12911
3979,12912
1678,12913
598,12914
5637,12915
256,12916
2742,12917
2298,12918
8616,12919
5465,12920
568,12921
10081,12922
4841,12923
8650,12924
1103,12925
610,12926
3304,12927
14869,12928
4511,12929
9,12930
1352,12931
2225,12932
10232,12933
1852,12934
8900,12935
336,12936
1050,12937
1444,12938
609,12939
3458,12940
5176,12941
11542,12942
6008,12943
1442,12944
10325,12945
2357,12946
2437,12947
14615,12948
4514,12949
8016,12950
1080,12951
421,12952
1627,12953
5306,12954
11059,12955
318,12956
5310,12957
7999,12958
5886,12959
9457,12960
426,12961
521,12962
6368,12963
957,12964
3567,12965
15168,12966
243,12967
3198,12968
9626,12969
999,12970
2914,12971
2169,12972
725,12973
2400,12974
3703,12975
1096,12976
1169,12977
1436,12978
2226,12979
1312,12980
4829,12981
1403,12982
7159,12983
2776,12984
3623,12985
760,12986
4856,12987
3517,12988
3487,12989
1503,12990
472,12991
2592,12992
7038,12993
2439,12994
1668,12995
2691,12996
2307,12997
8926,12998
3416,12999
3001,13000
2586,13001
622,13002
1175,13003
3392,13004
4451,13005
1371,13006
1753,13007
425,13008
1644,13009
5759,13010
443,13011
444,13012
7139,13013
1427,13014
9169,13015
5250,13016
5651,13017
2135,13018
2238,13019
2037,13020
2690,13021
9502,13022
660,13023
2654,13024
986,13025
1098,13026
3923,13027
298,13028
14139,13029
2295,13030
1727,13031
4150,13032
833,13033
3642,13034
5352,13035
7046,13036
1366,13037
3629,13038
6267,13039
3618,13040
3568,13041
3122,13042
2761,13043
1595,13044
7621,13045
3170,13046
4313,13047
4193,13048
921,13049
6516,13050
6197,13051
2059,13052
2658,13053
5504,13054
427,13055
1221,13056
6671,13057
1480,13058
1339,13059
136,13060
5505,13061
807,13062
943,13063
5280,13064
14475,13065
5438,13066
5498,13067
7840,13068
955,13069
6088,13070
3177,13071
2997,13072
11994,13073
814,13074
1901,13075
1266,13076
10364,13077
12718,13078
8231,13079
597,13080
5387,13081
4050,13082
773,13083
253,13084
2859,13085
3186,13086
6293,13087
8951,13088
3685,13089
1931,13090
399,13091
2942,13092
2026,13093
4070,13094
398,13095
2600,13096
1997,13097
1168,13098
527,13099
7104,13100
4413,13101
1484,13102
10669,13103
16762,13104
8684,13105
5711,13106
2000,13107
4274,13108
6302,13109
1845,13110
8974,13111
3105,13112
7520,13113
4803,13114
2129,13115
683,13116
1520,13117
317,13118
5383,13119
4331,13120
12834,13121
1164,13122
3161,13123
3614,13124
4262,13125
416,13126
3875,13127
4843,13128
4278,13129
3199,13130
3940,13131
3415,13132
3733,13133
1679,13134
1561,13135
3456,13136
5118,13137
2570,13138
3108,13139
4842,13140
9008,13141
1798,13142
163,13143
1277,13144
4691,13145
2128,13146
1848,13147
360,13148
12085,13149
85,13150
9971,13151
1268,13152
1744,13153
7329,13154
261,13155
14420,13156
543,13157
3132,13158
1921,13159
13212,13160
1754,13161
1697,13162
1641,13163
844,13164
165,13165
4559,13166
6687,13167
308,13168
3493,13169
3221,13170
4432,13171
600,13172
315,13173
2051,13174
772,13175
10483,13176
4232,13177
1276,13178
193,13179
4754,13180
3113,13181
4110,13182
1343,13183
194,13184
4086,13185
6987,13186
4882,13187
3446,13188
1655,13189
8693,13190
264,13191
1524,13192
949,13193
1007,13194
624,13195
346,13196
1354,13197
5795,13198
8318,13199
2159,13200
3689,13201
6583,13202
1735,13203
2804,13204
2596,13205
191,13206
1006,13207
497,13208
4987,13209
2469,13210
6543,13211
10733,13212
441,13213
2176,13214
1691,13215
6208,13216
2286,13217
1365,13218
2578,13219
4663,13220
4473,13221
156,13222
2921,13223
6450,13224
1773,13225
7756,13226
4104,13227
1620,13228
1043,13229
3301,13230
9438,13231
2779,13232
965,13233
10769,13234
158,13235
5400,13236
2350,13237
4988,13238
3678,13239
3700,13240
3723,13241
1794,13242
1032,13243
1955,13244
6494,13245
236,13246
7573,13247
4446,13248
1656,13249
1108,13250
3842,13251
2529,13252
9348,13253
113,13254
2644,13255
14715,13256
6630,13257
10321,13258
3359,13259
228,13260
12299,13261
8384,13262
4524,13263
153,13264
6601,13265
9433,13266
1872,13267
3655,13268
434,13269
879,13270
4706,13271
7324,13272
4093,13273
1395,13274
429,13275
182,13276
3827,13277
2933,13278
960,13279
4420,13280
492,13281
3977,13282
7614,13283
2836,13284
2114,13285
3594,13286
731,13287
17543,13288
5261,13289
545,13290
1709,13291
5612,13292
5216,13293
3791,13294
10295,13295
2385,13296
1267,13297
8410,13298
3289,13299
3680,13300
2530,13301
7879,13302
998,13303
1303,13304
7567,13305
1790,13306
1543,13307
3801,13308
9508,13309
8978,13310
3433,13311
14855,13312
7647,13313
1834,13314
16527,13315
2312,13316
10959,13317
8507,13318
4507,13319
3583,13320
3468,13321
6567,13322
6859,13323
4874,13324
3470,13325
12173,13326
13461,13327
8205,13328
1713,13329
8499,13330
7837,13331
2175,13332
13457,13333
2371,13334
7835,13335
2150,13336
6254,13337
7073,13338
5456,13339
1876,13340
487,13341
2384,13342
8603,13343
7445,13344
3735,13345
2048,13346
3768,13347
6622,13348
3269,13349
774,13350
2276,13351
5140,13352
5230,13353
5229,13354
1136,13355
10322,13356
352,13357
5231,13358
257,13359
1264,13360
6446,13361
11009,13362
4311,13363
11462,13364
9407,13365
5973,13366
9827,13367
10524,13368
494,13369
2559,13370
5988,13371
15624,13372
2140,13373
1669,13374
4160,13375
2243,13376
242,13377
2239,13378
2401,13379
710,13380
1661,13381
2444,13382
939,13383
2767,13384
14410,13385
13293,13386
9006,13387
15021,13388
9391,13389
1469,13390
741,13391
6050,13392
1961,13393
3738,13394
7163,13395
3585,13396
681,13397
177,13398
2765,13399
3357,13400
839,13401
2047,13402
1487,13403
4435,13404
10932,13405
3684,13406
2878,13407
765,13408
438,13409
5243,13410
2252,13411
2984,13412
1075,13413
2582,13414
1363,13415
1438,13416
923,13417
1283,13418
5868,13419
3812,13420
548,13421
1076,13422
2612,13423
995,13424
1540,13425
6728,13426
289,13427
2241,13428
6577,13429
3387,13430
3279,13431
1404,13432
2704,13433
5482,13434
2454,13435
935,13436
95,13437
929,13438
10775,13439
4677,13440
3259,13441
2187,13442
530,13443
7346,13444
1881,13445
2542,13446
1302,13447
816,13448
86,13449
10045,13450
5753,13451
1430,13452
662,13453
381,13454
1467,13455
2980,13456
1044,13457
1981,13458
945,13459
11854,13460
9007,13461
4919,13462
394,13463
14409,13464
176,13465
3613,13466
8965,13467
4547,13468
1645,13469
4875,13470
126,13471
6911,13472
445,13473
8025,13474
3093,13475
324,13476
5339,13477
10774,13478
956,13479
1968,13480
1281,13481
505,13482
16389,13483
4387,13484
4768,13485
822,13486
5166,13487
9065,13488
1282,13489
920,13490
834,13491
2393,13492
11428,13493
4080,13494
2964,13495
2235,13496
2023,13497
4669,13498
1758,13499
9393,13500
6904,13501
946,13502
7302,13503
10499,13504
282,13505
1200,13506
3982,13507
3902,13508
10638,13509
12005,13510
10145,13511
16269,13512
3435,13513
3502,13514
16258,13515
4611,13516
4363,13517
708,13518
2328,13519
4362,13520
12971,13521
15176,13522
4615,13523
4013,13524
11771,13525
4629,13526
310,13527
1557,13528
2760,13529
343,13530
771,13531
993,13532
657,13533
2524,13534
3746,13535
1892,13536
1976,13537
4096,13538
4247,13539
2748,13540
8356,13541
475,13542
1187,13543
6283,13544
1356,13545
1748,13546
2157,13547
2590,13548
737,13549
5704,13550
5708,13551
1298,13552
1116,13553
10298,13554
9747,13555
967,13556
3726,13557
1425,13558
3637,13559
446,13560
273,13561
5545,13562
4418,13563
4415,13564
207,13565
902,13566
706,13567
3796,13568
712,13569
6311,13570
161,13571
758,13572
865,13573
648,13574
3100,13575
927,13576
84,13577
1344,13578
1542,13579
787,13580
5064,13581
290,13582
379,13583
8097,13584
7062,13585
2749,13586
2182,13587
2190,13588
4403,13589
5444,13590
13496,13591
1418,13592
1941,13593
1650,13594
4822,13595
584,13596
9354,13597
9163,13598
7864,13599
1443,13600
8976,13601
449,13602
630,13603
458,13604
2017,13605
6106,13606
2496,13607
647,13608
5021,13609
1871,13610
1942,13611
1623,13612
815,13613
9303,13614
3158,13615
1205,13616
701,13617
6724,13618
9383,13619
7103,13620
944,13621
6307,13622
985,13623
581,13624
3520,13625
823,13626
3264,13627
1793,13628
3477,13629
1355,13630
3994,13631
4336,13632
4132,13633
3933,13634
6161,13635
14313,13636
7039,13637
4094,13638
3591,13639
664,13640
141,13641
1159,13642
557,13643
792,13644
3438,13645
3595,13646
7263,13647
5451,13648
4301,13649
2902,13650
2370,13651
2206,13652
4941,13653
2134,13654
7364,13655
2602,13656
412,13657
666,13658
1256,13659
2224,13660
928,13661
2162,13662
1263,13663
3305,13664
5059,13665
2173,13666
866,13667
3205,13668
9657,13669
4722,13670
203,13671
14150,13672
537,13673
328,13674
2494,13675
61,13676
4835,13677
3608,13678
5543,13679
2441,13680
1853,13681
3201,13682
1855,13683
2874,13684
3461,13685
5992,13686
799,13687
2993,13688
9928,13689
544,13690
736,13691
5895,13692
618,13693
2174,13694
6729,13695
1077,13696
5186,13697
578,13698
484,13699
2189,13700
4827,13701
835,13702
2218,13703
5331,13704
2821,13705
188,13706
2825,13707
975,13708
779,13709
2012,13710
8858,13711
3582,13712
2202,13713
2973,13714
5435,13715
2405,13716
5389,13717
3992,13718
407,13719
1633,13720
6518,13721
8788,13722
195,13723
5430,13724
925,13725
1101,13726
882,13727
196,13728
4699,13729
127,13730
1902,13731
9691,13732
1167,13733
351,13734
2341,13735
3006,13736
1424,13737
1785,13738
3532,13739
1229,13740
4458,13741
473,13742
1441,13743
1959,13744
2858,13745
354,13746
166,13747
180,13748
338,13749
10355,13750
2861,13751
4599,13752
5179,13753
4989,13754
1190,13755
6867,13756
3867,13757
684,13758
717,13759
3552,13760
7323,13761
5419,13762
3724,13763
2994,13764
424,13765
4015,13766
1770,13767
7157,13768
60,13769
329,13770
991,13771
8787,13772
7090,13773
5518,13774
431,13775
2392,13776
573,13777
1038,13778
1150,13779
6506,13780
8247,13781
1369,13782
478,13783
748,13784
6396,13785
2018,13786
4461,13787
979,13788
512,13789
231,13790
3722,13791
3871,13792
1489,13793
147,13794
1937,13795
3005,13796
5605,13797
12096,13798
2780,13799
1850,13800
2210,13801
6221,13802
374,13803
5063,13804
2354,13805
4312,13806
88,13807
1957,13808
1939,13809
1567,13810
7084,13811
1062,13812
1014,13813
3340,13814
110,13815
2501,13816
125,13817
9341,13818
6837,13819
258,13820
7945,13821
1246,13822
5392,13823
2807,13824
4,13825
5233,13826
4593,13827
654,13828
1545,13829
2888,13830
1067,13831
4602,13832
8927,13833
230,13834
6838,13835
6886,13836
3620,13837
400,13838
64,13839
4329,13840
2161,13841
10776,13842
1073,13843
1936,13844
9731,13845
10724,13846
3631,13847
2217,13848
294,13849
6502,13850
1393,13851
988,13852
4914,13853
796,13854
3182,13855
1336,13856
9342,13857
111,13858
5414,13859
6315,13860
738,13861
808,13862
7153,13863
1491,13864
181,13865
4661,13866
1334,13867
189,13868
4266,13869
314,13870
1454,13871
4191,13872
4187,13873
366,13874
8245,13875
2277,13876
3042,13877
369,13878
1553,13879
538,13880
276,13881
364,13882
8241,13883
171,13884
499,13885
616,13886
5420,13887
335,13888
8243,13889
2359,13890
4672,13891
4417,13892
6348,13893
356,13894
3391,13895
4436,13896
7115,13897
2917,13898
4273,13899
5200,13900
1657,13901
1059,13902
7947,13903
403,13904
909,13905
3009,13906
525,13907
1856,13908
4790,13909
3136,13910
5440,13911
711,13912
4117,13913
5409,13914
3003,13915
415,13916
1779,13917
3693,13918
5394,13919
160,13920
812,13921
2707,13922
3058,13923
1242,13924
3367,13925
5401,13926
937,13927
2245,13928
103,13929
1764,13930
976,13931
357,13932
3041,13933
1074,13934
2042,13935
278,13936
3062,13937
2676,13938
2716,13939
66,13940
719,13941
11074,13942
2811,13943
362,13944
401,13945
150,13946
1775,13947
3144,13948
3004,13949
6328,13950
3385,13951
6489,13952
380,13953
2284,13954
373,13955
1870,13956
1555,13957
83,13958
2232,13959
746,13960
1556,13961
3017,13962
722,13963
2296,13964
4584,13965
2938,13966
490,13967
1566,13968
439,13969
1490,13970
6557,13971
6078,13972
2034,13973
1861,13974
508,13975
2482,13976
8221,13977
2369,13978
575,13979
841,13980
2714,13981
16,13982
1297,13983
2149,13984
614,13985
7932,13986
10,13987
780,13988
2752,13989
43,13990
11424,13991
8365,13992
1521,13993
2447,13994
3504,13995
272,13996
240,13997
1788,13998
9773,13999
2304,14000
1153,14001
1967,14002
2734,14003
948,14004
603,14005
2394,14006
325,14007
4796,14008
585,14009
3576,14010
1743,14011
2895,14012
4542,14013
3035,14014
3835,14015
5723,14016
744,14017
2402,14018
510,14019
3213,14020
3524,14021
6627,14022
2771,14023
2741,14024
455,14025
209,14026
2634,14027
476,14028
485,14029
7650,14030
453,14031
5347,14032
506,14033
5175,14034
5201,14035
590,14036
3163,14037
286,14038
1944,14039
3090,14040
500,14041
199,14042
179,14043
515,14044
3355,14045
1673,14046
1279,14047
753,14048
442,14049
3579,14050
50,14051
157,14052
1348,14053
263,14054
7578,14055
1784,14056
4789,14057
1935,14058
1934,14059
2913,14060
112,14061
2007,14062
2219,14063
1640,14064
2747,14065
6086,14066
692,14067
3673,14068
1353,14069
1739,14070
26,14071
385,14072
4410,14073
1725,14074
4067,14075
696,14076
327,14077
1617,14078
990,14079
1924,14080
7855,14081
724,14082
483,14083
5916,14084
682,14085
192,14086
3200,14087
627,14088
3429,14089
821,14090
3324,14091
6766,14092
1663,14093
2810,14094
2879,14095
249,14096
1284,14097
8682,14098
1847,14099
3057,14100
1149,14101
3215,14102
393,14103
37,14104
4143,14105
793,14106
301,14107
604,14108
1791,14109
1092,14110
2251,14111
6957,14112
10777,14113
2120,14114
2834,14115
1495,14116
190,14117
2052,14118
763,14119
5163,14120
7771,14121
1987,14122
1887,14123
703,14124
3904,14125
743,14126
2875,14127
344,14128
382,14129
2184,14130
8110,14131
1804,14132
503,14133
4616,14134
218,14135
1880,14136
650,14137
643,14138
361,14139
3759,14140
337,14141
1593,14142
124,14143
797,14144
306,14145
4910,14146
1576,14147
4409,14148
539,14149
541,14150
686,14151
830,14152
1651,14153
6765,14154
635,14155
3442,14156
2679,14157
623,14158
54,14159
628,14160
633,14161
966,14162
75,14163
631,14164
3441,14165
202,14166
10778,14167
1984,14168
2191,14169
304,14170
721,14171
266,14172
533,14173
2959,14174
5384,14175
367,14176
293,14177
106,14178
376,14179
82,14180
461,14181
7273,14182
1,14183
1571,14184
1432,14185
1962,14186
3813,14187
636,14188
2332,14189
56,14190
520,14191
232,14192
1057,14193
80,14194
1666,14195
732,14196
518,14197
100,14198
10416,14199
448,14200
1368,14201
498,14202
599,14203
10590,14204
57,14205
751,14206
45,14207
5541,14208
419,14209
2167,14210
2025,14211
311,14212
747,14213
728,14214
2789,14215
522,14216
134,14217
7682,14218
214,14219
2320,14220
2192,14221
365,14222
535,14223
170,14224
51,14225
269,14226
642,14227
3898,14228
580,14229
4171,14230
757,14231
92,14232
2281,14233
52,14234
2525,14235
625,14236
466,14237
3561,14238
3829,14239
607,14240
255,14241
2154,14242
262,14243
3059,14244
2589,14245
1643,14246
168,14247
69,14248
5328,14249
8469,14250
973,14251
55,14252
32,14253
268,14254
299,14255
1515,14256
94,14257
35,14258
271,14259
363,14260
39,14261
6749,14262
252,14263
2178,14264
1144,14265
42,14266
1439,14267
2283,14268
49,14269
62,14270
321,14271
2755,14272
2177,14273
118,14274
1864,14275
159,14276
285,14277
76,14278
8056,14279
5242,14280
5249,14281
265,14282
5048,14283
4178,14284
53,14285
36,14286
981,14287
47,14288
13,14289
267,14290
48,14291
1273,14292
5579,14293
3179,14294
764,14295
1280,14296
5402,14297
5403,14298
38,14299
970,14300
723,14301
1033,14302
41,14303
300,14304
292,14305
5396,14306
184,14307
984,14308
555,14309
5398,14310
5410,14311
504,14312
5404,14313
3151,14314
1500,14315
178,14316
2930,14317
284,14318
33,14319
29,14320
46,14321
2223,14322
2389,14323
40,14324
151,14325
68,14326
345,14327
2738,14328
4439,14329
5199,14330
1986,14331
2677,14332
4730,14333
4652,14334
3486,14335
44,14336
384,14337
34,14338
2782,14339
5205,14340
20,14341
30,14342
73,14343
534,14344
2540,14345
4944,14346
626,14347
3444,14348
215,14349
63,14350
70,14351
2522,14352
2693,14353
2268,14354
74,14355
340,14356
123,14357
2186,14358
31,14359
2695,14360
353,14361
3445,14362
410,14363
186,14364
2697,14365
1963,14366
786,14367
2115,14368
