Unnamed: 0,timestamp,item_id,session_id,user_id
0,1441869460,40,24,3
1,1441869578,90,24,3
2,1441869593,91,24,3
3,1441869657,92,24,3
0,1441956667,93,25,3
2,1441956751,95,25,3
3,1441956789,96,25,3
4,1441956941,97,25,3
1,1442315717,11,27,3
2,1442315805,34,27,3
4,1442315883,8,27,3
6,1442316072,105,27,3
8,1442316204,107,27,3
0,1441888709,127,33,4
2,1441888761,129,33,4
3,1441888769,130,33,4
6,1441889749,132,33,4
7,1441889773,122,33,4
0,1442316259,133,34,4
1,1442316309,134,34,4
2,1442316338,135,34,4
0,1442635056,129,35,4
2,1442635181,136,35,4
5,1442635304,132,35,4
6,1442635362,135,35,4
0,1441773949,228,53,7
1,1441774074,229,53,7
2,1441774319,230,53,7
0,1444143646,231,54,7
1,1444144060,232,54,7
2,1444144613,233,54,7
0,1445009102,234,55,7
1,1445009241,235,55,7
2,1445010050,236,55,7
3,1445010071,237,55,7
4,1445010111,238,55,7
5,1445010155,239,55,7
6,1445010452,240,55,7
2,1443439652,255,59,8
3,1443439702,256,59,8
6,1443439794,259,59,8
0,1443760825,255,60,8
3,1443760998,259,60,8
4,1443761048,261,60,8
0,1444070403,268,62,8
2,1444070678,251,62,8
4,1444070876,270,62,8
5,1444070908,271,62,8
6,1444070993,272,62,8
8,1444071126,273,62,8
11,1444071392,276,62,8
14,1444071518,279,62,8
15,1444071681,280,62,8
17,1444071836,282,62,8
1,1444072178,285,62,8
1,1444727995,295,63,8
3,1444728245,282,63,8
6,1444729895,297,63,8
2,1445339229,300,64,8
3,1445339472,299,64,8
5,1445340076,302,64,8
0,1442585490,1137,257,34
2,1442586802,1139,257,34
3,1442586828,1140,257,34
4,1442586955,1141,257,34
1,1443077691,1143,258,34
2,1443077725,1144,258,34
4,1443077823,245,258,34
0,1443262300,1146,259,34
4,1443263354,1148,259,34
9,1443265549,1151,259,34
0,1440935755,2443,561,70
3,1440936213,2446,561,70
6,1440936610,721,561,70
1,1441220887,721,564,70
2,1441220890,2443,564,70
4,1441222496,2454,564,70
0,1441458713,2457,565,70
1,1441458741,1024,565,70
2,1441458753,2458,565,70
0,1444241679,1400,567,70
1,1444241693,1405,567,70
2,1444242332,725,567,70
3,1444242339,2454,567,70
5,1444242428,528,567,70
0,1445363005,2454,569,70
3,1445363034,1048,569,70
9,1445363681,2478,569,70
0,1443432180,2665,617,77
1,1443432428,2666,617,77
4,1443432657,2669,617,77
0,1443669848,2671,619,77
1,1443669850,2670,619,77
2,1443669853,2669,619,77
3,1443863155,2674,620,77
7,1443863445,2677,620,77
11,1443863530,2680,620,77
12,1443863562,2681,620,77
14,1443863597,2666,620,77
0,1444329926,2669,621,77
2,1444330214,2674,621,77
6,1444330303,2684,621,77
9,1444330505,2671,621,77
0,1444941462,2680,622,77
1,1444941471,2671,622,77
4,1444941529,2686,622,77
6,1444941677,2687,622,77
11,1444941779,2691,622,77
12,1444941784,2692,622,77
0,1442561043,2925,687,87
1,1442561092,1646,687,87
2,1442561102,2926,687,87
0,1442857668,12,688,87
2,1442857920,2928,688,87
3,1442857987,2926,688,87
4,1442858020,8,688,87
5,1442858139,2929,688,87
6,1442858288,2930,688,87
0,1443289159,2926,689,87
1,1443289272,2931,689,87
3,1443289450,1306,689,87
0,1440527248,105,699,89
1,1440527313,2984,699,89
2,1440527325,36,699,89
4,1440527344,2986,699,89
5,1440527354,19,699,89
6,1440527373,2987,699,89
7,1440527381,2988,699,89
8,1440527466,2989,699,89
9,1440527495,2990,699,89
10,1440527523,2991,699,89
11,1440527535,2992,699,89
12,1440527541,37,699,89
14,1440527616,41,699,89
15,1440527623,40,699,89
16,1440527634,2994,699,89
17,1440527654,2336,699,89
19,1440527730,2996,699,89
2,1440527786,874,699,89
3,1440527796,2999,699,89
4,1440527897,3000,699,89
5,1440527940,3001,699,89
7,1440528029,3003,699,89
9,1440528109,3005,699,89
12,1440528160,3008,699,89
14,1440528204,3010,699,89
0,1440579656,105,700,89
1,1440579670,2990,700,89
2,1440579699,40,700,89
3,1440579732,2986,700,89
4,1440579743,3011,700,89
5,1440579752,3012,700,89
6,1440579762,3013,700,89
7,1440579816,3014,700,89
8,1440579841,2989,700,89
9,1440579896,36,700,89
10,1440579915,3015,700,89
12,1440579936,37,700,89
13,1440579957,3016,700,89
15,1440579988,3017,700,89
16,1440580004,2992,700,89
17,1440580011,41,700,89
18,1440580026,2336,700,89
19,1440580056,3018,700,89
2,1440580138,2999,700,89
3,1440580213,470,700,89
6,1440580280,3003,700,89
0,1441264438,105,701,89
1,1441264481,41,701,89
2,1441264489,3012,701,89
3,1441264502,2988,701,89
4,1441264578,2999,701,89
5,1441264614,3020,701,89
6,1441264624,3021,701,89
7,1441264710,3022,701,89
8,1441264762,3023,701,89
9,1441264767,2965,701,89
12,1441264798,3000,701,89
13,1441264826,3013,701,89
14,1441264873,40,701,89
0,1443095679,11,702,89
1,1443095733,2984,702,89
2,1443095757,3026,702,89
3,1443095796,50,702,89
4,1443095823,3027,702,89
5,1443095830,1304,702,89
6,1443095881,3028,702,89
7,1443095960,3029,702,89
8,1443096004,8,702,89
9,1443096016,3030,702,89
0,1443437701,3028,703,89
1,1443437750,7,703,89
2,1443437755,11,703,89
3,1443437768,3031,703,89
4,1443437783,1304,703,89
5,1443437793,8,703,89
6,1443437807,63,703,89
7,1443437870,3030,703,89
8,1443437878,43,703,89
9,1443437901,3029,703,89
10,1443437936,3032,703,89
11,1443437962,3033,703,89
12,1443438015,3034,703,89
13,1443438036,24,703,89
14,1443438092,3035,703,89
17,1443438273,1512,703,89
18,1443438349,3038,703,89
1,1443438551,3041,703,89
7,1443438730,3046,703,89
8,1443438752,3047,703,89
10,1443438807,3048,703,89
0,1443780213,8,705,89
1,1443780228,1304,705,89
2,1443780245,3038,705,89
0,1444201844,10,706,89
1,1444201868,3053,706,89
2,1444201953,3054,706,89
0,1444315856,3048,707,89
1,1444315971,11,707,89
2,1444316220,15,707,89
4,1444316266,3056,707,89
0,1445031778,2984,708,89
1,1445031877,3028,708,89
2,1445031973,10,708,89
3,1445032067,3058,708,89
4,1445032085,15,708,89
5,1445032193,665,708,89
6,1445032349,3056,708,89
7,1445032406,31,708,89
8,1445032474,3059,708,89
9,1445032480,1513,708,89
10,1445032506,3060,708,89
0,1446394576,3061,709,89
1,1446394612,34,709,89
2,1446394696,1139,709,89
3,1446394716,665,709,89
4,1446394728,10,709,89
5,1446394772,3038,709,89
6,1446394795,3062,709,89
7,1446394823,3063,709,89
0,1442482358,3227,753,95
1,1442482368,1373,753,95
2,1442482379,3228,753,95
3,1442482399,3229,753,95
4,1442482455,3230,753,95
6,1442482486,3232,753,95
7,1442482517,993,753,95
9,1442482592,3234,753,95
10,1442482613,1778,753,95
0,1443242291,3236,754,95
1,1443242301,3227,754,95
2,1443242317,3237,754,95
3,1443242351,3230,754,95
5,1443242362,993,754,95
6,1443242433,3238,754,95
7,1443242462,3239,754,95
0,1443523849,3238,755,95
1,1443523901,3240,755,95
2,1443523926,3234,755,95
3,1443523941,3241,755,95
1,1441637167,3246,758,96
2,1441637195,3247,758,96
3,1441637222,3248,758,96
1,1441979253,3248,759,96
4,1441979369,3252,759,96
5,1441979425,3253,759,96
0,1444811024,3254,761,96
1,1444811038,2694,761,96
2,1444811143,3256,761,96
1,1441563468,3456,806,102
3,1441563506,3457,806,102
4,1441563590,3458,806,102
0,1441725638,3459,807,102
1,1441725910,3458,807,102
2,1441725946,3457,807,102
4,1441728630,3461,807,102
6,1441728954,3456,807,102
7,1441728963,3463,807,102
0,1442262879,3466,808,102
1,1442262923,3467,808,102
2,1442263052,3456,808,102
3,1442263084,3450,808,102
4,1442263125,3468,808,102
7,1442263357,3471,808,102
8,1442263358,3472,808,102
9,1442263359,2994,808,102
0,1442306830,3473,809,102
1,1442306900,3474,809,102
2,1442306997,3475,809,102
3,1442307024,3476,809,102
6,1442307166,3456,809,102
0,1441208026,2970,861,109
2,1441208219,2996,861,109
3,1441208229,2930,861,109
0,1444295416,2276,865,109
1,1444295445,1646,865,109
2,1444295454,2928,865,109
3,1444295462,3700,865,109
4,1444295476,3701,865,109
0,1444764482,3702,866,109
1,1444764509,2276,866,109
2,1444764576,2537,866,109
3,1444764796,3700,866,109
4,1444764910,3701,866,109
5,1444764928,3703,866,109
6,1444764980,3697,866,109
7,1444764988,3704,866,109
9,1444765073,3706,866,109
10,1444765187,3707,866,109
11,1444765391,3708,866,109
12,1444765391,3709,866,109
13,1444765391,3710,866,109
14,1444765391,2928,866,109
3,1444928300,3714,867,109
5,1444928324,3716,867,109
6,1444928397,3717,867,109
8,1444928471,3719,867,109
10,1444928506,3721,867,109
0,1440433227,3016,930,117
1,1440433261,3963,930,117
4,1440433366,3966,930,117
1,1440580272,3968,931,117
3,1440580401,3969,931,117
4,1440580413,3970,931,117
0,1441073434,3972,932,117
3,1441073531,3970,932,117
5,1441073628,3975,932,117
0,1441455721,1163,934,117
2,1441455923,3980,934,117
3,1441455937,3003,934,117
5,1441456007,3260,934,117
6,1441456069,3982,934,117
0,1443540052,4067,959,122
1,1443540111,4068,959,122
2,1443540296,4069,959,122
3,1443541134,4070,959,122
0,1444672872,4071,960,122
1,1444672921,3956,960,122
2,1444672933,1212,960,122
3,1444673023,4072,960,122
4,1444673086,4073,960,122
5,1444673151,4074,960,122
6,1444673358,4075,960,122
7,1444673517,4076,960,122
8,1444673708,4077,960,122
9,1444673876,4078,960,122
10,1444674191,4079,960,122
11,1444674240,4080,960,122
12,1444674319,4081,960,122
13,1444674324,4082,960,122
0,1444821808,4083,961,122
1,1444821899,4084,961,122
2,1444822012,4085,961,122
3,1444822032,4086,961,122
4,1444822064,4087,961,122
5,1444822106,4088,961,122
8,1444822454,4091,961,122
10,1444822516,4089,961,122
11,1444822526,4092,961,122
12,1444822815,4093,961,122
13,1444822876,4094,961,122
14,1444823080,4095,961,122
16,1444823143,4096,961,122
18,1444823223,4090,961,122
19,1444823249,4097,961,122
0,1445193368,4098,962,122
1,1445193670,3646,962,122
2,1445194304,4099,962,122
3,1445194551,4100,962,122
0,1445438457,4101,963,122
2,1445438978,300,963,122
3,1445439128,4102,963,122
0,1440559181,2988,968,123
1,1440559193,36,968,123
2,1440559220,37,968,123
3,1440559227,233,968,123
0,1440953014,4125,969,123
1,1440953050,2989,969,123
2,1440953082,4126,969,123
0,1441592103,4128,970,123
1,1441593812,3018,970,123
2,1441593834,41,970,123
0,1442197882,4128,971,123
1,1442197927,19,971,123
2,1442198000,2984,971,123
3,1442198070,12,971,123
5,1442231871,4189,987,125
8,1442231975,81,987,125
9,1442231980,69,987,125
11,1442232019,4191,987,125
12,1442232028,4192,987,125
4,1442232267,4199,987,125
1,1442317502,4211,990,125
3,1442317520,1851,990,125
6,1442317567,4213,990,125
0,1442340922,4216,991,125
1,1442340960,4217,991,125
3,1442341132,4218,991,125
6,1443543875,731,996,125
8,1443543911,725,996,125
14,1443544275,1316,996,125
15,1443544457,4254,996,125
18,1443544515,4255,996,125
0,1443544958,4256,996,125
0,1443619159,4255,997,125
1,1443619221,245,997,125
4,1443619431,4218,997,125
0,1443799264,4257,998,125
2,1443799353,4258,998,125
3,1443799466,4259,998,125
8,1443799669,4261,998,125
10,1443799716,4262,998,125
11,1443799731,2165,998,125
14,1443799782,4264,998,125
0,1440767501,1139,1022,127
1,1440767509,2991,1022,127
2,1440767586,19,1022,127
0,1446791215,3069,1024,127
5,1446792066,302,1024,127
6,1446792146,689,1024,127
10,1446792592,4352,1024,127
16,1446793278,4358,1024,127
0,1446795778,4360,1025,127
2,1446795995,4362,1025,127
4,1446796182,4364,1025,127
6,1446796218,4366,1025,127
9,1446796253,4369,1025,127
0,1440607571,1815,1028,128
1,1440607596,3481,1028,128
2,1440607713,122,1028,128
0,1441267708,122,1029,128
1,1441267736,4405,1029,128
3,1441268028,4407,1029,128
4,1441268210,4408,1029,128
0,1445462337,4077,1031,128
1,1445462387,4412,1031,128
2,1445462479,2349,1031,128
3,1445462868,122,1031,128
4,1445462970,115,1031,128
5,1445463047,149,1031,128
6,1445463236,4413,1031,128
7,1445463362,132,1031,128
0,1445891322,4412,1032,128
1,1445891414,4414,1032,128
2,1445891610,150,1032,128
3,1445891679,4415,1032,128
4,1445891707,2349,1032,128
5,1445891754,4413,1032,128
6,1445891813,1671,1032,128
7,1445891909,4416,1032,128
8,1445891930,4417,1032,128
0,1440407690,9,1165,148
1,1440407761,1723,1165,148
2,1440407773,4957,1165,148
0,1440498669,4962,1168,148
3,1440499020,1729,1168,148
6,1440499161,90,1168,148
1,1441688417,5027,1183,148
3,1441688558,1725,1183,148
5,1441688644,5030,1183,148
6,1441688652,1728,1183,148
7,1441689233,5031,1183,148
9,1441689317,1432,1183,148
11,1441691000,5033,1183,148
14,1441691043,5036,1183,148
15,1441691056,5037,1183,148
17,1441691520,5039,1183,148
1,1442077743,1433,1187,148
2,1442077821,5027,1187,148
7,1442079621,1729,1187,148
0,1442389729,5049,1188,148
2,1442389987,194,1188,148
5,1442390034,220,1188,148
0,1443075954,5339,1275,157
1,1443076062,5340,1275,157
4,1443076265,5341,1275,157
3,1443509750,5341,1277,157
5,1443511479,3661,1277,157
6,1443511504,5347,1277,157
1,1443515648,5348,1278,157
2,1443516502,3661,1278,157
3,1443516505,5347,1278,157
0,1442330664,3380,1292,158
1,1442330730,1163,1292,158
6,1442330979,5379,1292,158
8,1442331022,939,1292,158
9,1442331140,5381,1292,158
0,1442333836,22,1293,158
1,1442334037,2308,1293,158
2,1442334192,813,1293,158
5,1442334299,5385,1293,158
0,1443249510,5391,1295,158
2,1443249734,1223,1295,158
4,1443249950,5394,1295,158
0,1440747367,3241,1337,163
1,1440747389,5502,1337,163
2,1440747438,3247,1337,163
2,1441776679,4855,1341,163
3,1441776715,5511,1341,163
4,1441776723,5512,1341,163
5,1441776793,5510,1341,163
6,1441776819,5513,1341,163
1,1441898432,5510,1344,163
8,1441898965,3241,1344,163
10,1441899323,5518,1344,163
0,1443173220,5539,1349,163
1,1443173278,5540,1349,163
3,1443173471,5541,1349,163
4,1443173507,14,1349,163
0,1440759465,528,1361,164
1,1440761184,653,1361,164
2,1440761259,5559,1361,164
4,1440761337,2446,1361,164
0,1443676352,2325,1363,164
1,1443676761,5563,1363,164
2,1443676812,2151,1363,164
0,1445002583,3077,1367,164
1,1445002657,5572,1367,164
13,1445003175,2607,1367,164
14,1445003177,4074,1367,164
16,1445003277,5575,1367,164
1,1440058871,105,1387,167
2,1440058926,37,1387,167
3,1440058993,3963,1387,167
5,1440059040,3016,1387,167
6,1440059190,3688,1387,167
10,1440059572,5635,1387,167
0,1440067995,2297,1388,167
1,1440068029,3688,1388,167
5,1440068095,3968,1388,167
0,1440842507,2929,1390,167
5,1440842670,34,1390,167
6,1440842680,5648,1390,167
8,1440842723,3048,1390,167
10,1440842780,5651,1390,167
11,1440842811,2992,1390,167
12,1440842838,40,1390,167
0,1441082421,5657,1393,167
2,1441083132,4839,1393,167
4,1441083266,5659,1393,167
0,1441519618,5663,1395,167
1,1441520459,5664,1395,167
2,1441520473,5665,1395,167
0,1441695490,5668,1397,167
1,1441695587,165,1397,167
3,1441696066,8,1397,167
4,1441696080,4839,1397,167
5,1441696094,91,1397,167
7,1441696163,3023,1397,167
0,1441765495,50,1398,167
1,1441765627,2308,1398,167
2,1441765687,941,1398,167
3,1441765708,5670,1398,167
4,1441765717,1139,1398,167
5,1441765742,5671,1398,167
6,1441765761,2405,1398,167
14,1441766090,1304,1398,167
17,1441766166,41,1398,167
0,1441766360,5678,1398,167
2,1441766378,107,1398,167
3,1441766426,2965,1398,167
0,1441892943,3026,1400,167
2,1441892984,3260,1400,167
5,1441893075,2574,1400,167
2,1442146271,5685,1401,167
3,1442146453,5686,1401,167
4,1442146470,2928,1401,167
6,1442146535,5687,1401,167
7,1442146562,5688,1401,167
8,1442146576,5379,1401,167
9,1442146591,5689,1401,167
10,1442146608,5668,1401,167
11,1442146618,165,1401,167
16,1442147848,3710,1401,167
17,1442147875,5693,1401,167
0,1442152598,3160,1402,167
2,1442152653,5695,1402,167
3,1442152664,3972,1402,167
1,1442817536,815,1405,167
2,1442817578,5668,1405,167
3,1442817609,4469,1405,167
5,1442817666,13,1405,167
7,1442817683,1140,1405,167
8,1442817712,22,1405,167
0,1442974509,5391,1406,167
2,1442974587,3054,1406,167
3,1442974616,2866,1406,167
4,1442974995,22,1406,167
5,1442975020,3706,1406,167
1,1443000900,2866,1407,167
2,1443000966,5702,1407,167
3,1443000988,5703,1407,167
4,1443001077,3027,1407,167
5,1443001118,272,1407,167
0,1443070380,2537,1409,167
1,1443070856,30,1409,167
2,1443071131,3178,1409,167
3,1443071159,48,1409,167
0,1443243460,1668,1410,167
1,1443243476,2276,1410,167
2,1443243491,2537,1410,167
3,1443243517,1311,1410,167
4,1443243525,5709,1410,167
5,1443243539,3028,1410,167
6,1443243547,268,1410,167
7,1443243562,30,1410,167
8,1443243573,48,1410,167
9,1443243586,2866,1410,167
0,1443856944,3988,1412,167
1,1443857083,4416,1412,167
2,1443857092,1313,1412,167
3,1443857102,1320,1412,167
4,1443857147,1316,1412,167
5,1443857155,5712,1412,167
6,1443857168,63,1412,167
7,1443857190,5713,1412,167
8,1443857239,2866,1412,167
0,1444314334,21,1417,167
1,1444314359,15,1417,167
2,1444314378,5727,1417,167
0,1444632671,5727,1418,167
1,1444632707,31,1418,167
2,1444632731,1321,1418,167
3,1444632750,1319,1418,167
1,1444806642,3060,1419,167
2,1444806664,5732,1419,167
4,1444806772,316,1419,167
0,1441704776,5763,1428,168
1,1441704783,5764,1428,168
2,1441704806,5765,1428,168
3,1441704855,5766,1428,168
0,1443005176,5770,1431,168
2,1443005979,1301,1431,168
3,1443006017,5772,1431,168
0,1444204932,5782,1435,168
1,1444205532,5783,1435,168
4,1444205539,5786,1435,168
5,1444205561,5787,1435,168
2,1444296451,5789,1436,168
3,1444296454,5790,1436,168
4,1444296457,1789,1436,168
0,1444737342,5793,1438,168
1,1444737348,5794,1438,168
2,1444737390,5795,1438,168
0,1441920092,3248,1453,170
2,1441920257,5851,1453,170
3,1441920319,3227,1453,170
0,1442520542,2170,1454,170
2,1442520586,3227,1454,170
4,1442520665,5853,1454,170
5,1442520787,5854,1454,170
6,1442520910,995,1454,170
7,1442520964,997,1454,170
9,1442521261,5855,1454,170
11,1442521314,3239,1454,170
12,1442521406,3244,1454,170
0,1443619107,5861,1458,170
1,1443619122,5862,1458,170
2,1443619233,5539,1458,170
0,1444084676,5865,1460,170
7,1444085190,5871,1460,170
8,1444085200,5872,1460,170
0,1440522265,5963,1484,174
3,1440522444,2568,1484,174
7,1440522818,5969,1484,174
0,1443291416,5984,1489,174
2,1443291678,523,1489,174
3,1443291696,170,1489,174
4,1443291762,5986,1489,174
5,1444253551,3056,1490,174
6,1444253592,25,1490,174
7,1444253678,5991,1490,174
11,1444253906,5995,1490,174
13,1444254028,2008,1490,174
15,1444254354,5998,1490,174
16,1444254378,5999,1490,174
18,1444254763,6001,1490,174
19,1444254818,6002,1490,174
0,1444254844,6003,1490,174
1,1444254860,5871,1490,174
2,1444254955,5103,1490,174
3,1444254992,6004,1490,174
0,1440786575,464,1521,179
1,1440786653,6115,1521,179
2,1440786716,6116,1521,179
4,1440786828,3008,1521,179
6,1440786931,6118,1521,179
8,1440786985,3975,1521,179
10,1440787162,3969,1521,179
11,1440787200,528,1521,179
0,1442431386,528,1522,179
1,1442431442,3975,1522,179
3,1442431622,6124,1522,179
5,1442431772,6126,1522,179
6,1442431816,6127,1522,179
7,1442431866,6128,1522,179
8,1442431925,6129,1522,179
9,1442431951,228,1522,179
11,1442432250,3020,1522,179
0,1443994151,528,1523,179
1,1443994227,1304,1523,179
2,1443994284,3975,1523,179
0,1444060404,2276,1524,179
1,1444060462,3033,1524,179
2,1444060562,3020,1524,179
0,1443367196,4069,1641,194
1,1443368211,4068,1641,194
2,1443368334,4070,1641,194
3,1443368452,4067,1641,194
0,1444500008,4077,1642,194
1,1444500523,4072,1642,194
2,1444500558,4075,1642,194
3,1444500791,4079,1642,194
4,1444500840,4080,1642,194
5,1444500972,4071,1642,194
6,1444501076,4078,1642,194
7,1444501224,4082,1642,194
8,1444501251,4074,1642,194
9,1444501321,3956,1642,194
10,1444501333,1212,1642,194
11,1444501519,4081,1642,194
12,1444501617,4076,1642,194
0,1444648814,6508,1643,194
1,1444649080,4095,1643,194
2,1444649099,4084,1643,194
3,1444649212,4085,1643,194
4,1444649306,4088,1643,194
5,1444649415,4093,1643,194
7,1444649476,4094,1643,194
12,1444649864,4087,1643,194
13,1444649908,4083,1643,194
14,1444649954,4091,1643,194
15,1444650149,4097,1643,194
16,1444650343,4096,1643,194
17,1444650356,4090,1643,194
18,1444650616,4089,1643,194
0,1445020568,4098,1644,194
1,1445020587,3646,1644,194
2,1445021451,4100,1644,194
3,1445021504,4099,1644,194
1,1445266257,4101,1645,194
2,1445266478,300,1645,194
3,1445266628,4102,1645,194
0,1445013067,28,1667,198
1,1445013173,3032,1667,198
3,1445013272,3962,1667,198
0,1445060249,3028,1668,198
5,1445061938,6384,1668,198
10,1445062443,6551,1668,198
11,1445062489,6552,1668,198
12,1445062555,6553,1668,198
14,1445062691,6554,1668,198
15,1445063062,3032,1668,198
3,1446145020,5741,1670,198
5,1446145148,4132,1670,198
6,1446145223,5750,1670,198
13,1446146268,2,1670,198
0,1440440233,3008,1767,213
1,1440440584,5312,1767,213
2,1440440585,6906,1767,213
3,1440440613,6907,1767,213
4,1440440641,6908,1767,213
5,1440440681,6909,1767,213
6,1440440991,6669,1767,213
7,1440441045,6910,1767,213
8,1440441085,6911,1767,213
9,1440441121,6912,1767,213
10,1440441505,6913,1767,213
11,1440441549,6914,1767,213
12,1440442044,6915,1767,213
0,1445770447,6916,1768,213
1,1445770594,6917,1768,213
2,1445770839,6918,1768,213
3,1445771503,6919,1768,213
0,1445774876,6916,1769,213
1,1445774981,6920,1769,213
2,1445775037,6921,1769,213
3,1445775231,6922,1769,213
0,1443247988,1005,1868,227
1,1443248271,1646,1868,227
3,1443248438,7073,1868,227
4,1443248457,1635,1868,227
0,1443263087,1646,1869,227
1,1443263105,7309,1869,227
2,1443263283,34,1869,227
3,1443263328,352,1869,227
4,1443263400,13,1869,227
5,1443263713,3053,1869,227
6,1443263731,1308,1869,227
0,1443267869,1308,1870,227
1,1443267883,92,1870,227
2,1443267925,1023,1870,227
3,1443268103,1640,1870,227
4,1440062317,3466,1953,239
7,1440062394,6782,1953,239
9,1440062592,3588,1953,239
10,1440062738,431,1953,239
8,1440880992,3638,1958,239
10,1440881080,7632,1958,239
14,1440881158,629,1958,239
0,1441100630,3638,1959,239
3,1441100706,7096,1959,239
7,1441100744,3466,1959,239
12,1441101507,629,1959,239
0,1441475642,7640,1963,239
1,1441475713,7641,1963,239
2,1441475751,7309,1963,239
2,1441639283,1944,1964,239
7,1441639550,4410,1964,239
9,1441639699,7644,1964,239
12,1441640063,7,1964,239
3,1442505031,7649,1969,239
5,1442505296,7274,1969,239
7,1442505393,7651,1969,239
9,1442505419,7653,1969,239
13,1442505518,3482,1969,239
9,1442506104,3473,1969,239
12,1442507396,1944,1969,239
14,1442507500,7659,1969,239
3,1442553398,7662,1970,239
9,1442553964,3484,1970,239
11,1442554299,3474,1970,239
12,1442554316,386,1970,239
16,1442554515,7096,1970,239
0,1442584103,3473,1971,239
4,1442584222,3482,1971,239
5,1442584237,7649,1971,239
8,1442584274,3638,1971,239
9,1442584288,7,1971,239
0,1443540411,4068,2074,249
1,1443540534,4070,2074,249
2,1443541196,4069,2074,249
3,1443541252,4067,2074,249
0,1444673058,4075,2075,249
1,1444673233,1212,2075,249
2,1444673386,4073,2075,249
3,1444673424,4082,2075,249
4,1444673591,4079,2075,249
5,1444673751,4074,2075,249
6,1444673772,4071,2075,249
7,1444673821,3956,2075,249
8,1444674008,4077,2075,249
9,1444674117,4076,2075,249
10,1444674176,4078,2075,249
11,1444674540,4080,2075,249
12,1444674619,4081,2075,249
0,1444821614,6508,2076,249
1,1444821854,4091,2076,249
2,1444821926,4092,2076,249
3,1444822215,4093,2076,249
5,1444822312,4085,2076,249
7,1444822349,4097,2076,249
8,1444822406,4088,2076,249
11,1444822543,4096,2076,249
13,1444822780,4095,2076,249
14,1444822799,4084,2076,249
15,1444822876,4094,2076,249
16,1444822932,4086,2076,249
17,1444822964,4087,2076,249
18,1444823008,4083,2076,249
0,1444823116,4089,2076,249
1,1444823456,4090,2076,249
2,1444824804,8061,2076,249
0,1445193651,4100,2077,249
1,1445194287,3646,2077,249
2,1445194304,4099,2077,249
3,1445194568,4098,2077,249
0,1445438378,300,2078,249
2,1445439128,4102,2078,249
3,1445439357,4101,2078,249
0,1441294840,7193,2336,285
1,1441294972,8746,2336,285
2,1441295120,3688,2336,285
3,1441295140,4729,2336,285
9,1441296072,8751,2336,285
10,1441296091,8752,2336,285
12,1441296343,3969,2336,285
14,1441296491,1373,2336,285
2,1441391445,8760,2338,285
3,1441391706,8761,2338,285
4,1441391793,7,2338,285
1,1441523118,8751,2341,285
8,1441523573,2956,2341,285
14,1441524349,3047,2341,285
17,1441524561,8779,2341,285
19,1441524610,8780,2341,285
0,1441524881,8781,2341,285
1,1441524994,8782,2341,285
0,1442165759,4729,2342,285
2,1442165861,3693,2342,285
3,1442165994,5687,2342,285
4,1442166012,2928,2342,285
5,1442166060,8786,2342,285
8,1442166409,3691,2342,285
12,1442166852,8790,2342,285
13,1442166964,2589,2342,285
14,1442167114,3703,2342,285
15,1442167127,165,2342,285
16,1442167511,5686,2342,285
0,1442167689,8794,2342,285
2,1442167794,5695,2342,285
3,1442167843,8796,2342,285
5,1442167992,8798,2342,285
6,1442168025,8799,2342,285
7,1442168088,8800,2342,285
9,1442168456,8781,2342,285
0,1440440521,6912,2458,303
1,1440440649,6914,2458,303
2,1440440653,6906,2458,303
3,1440440681,6909,2458,303
4,1440441052,6910,2458,303
5,1440441213,6907,2458,303
6,1440441241,6908,2458,303
7,1440441385,6911,2458,303
8,1440441505,6913,2458,303
9,1440441591,6669,2458,303
10,1440441744,6915,2458,303
0,1445770603,6919,2459,303
1,1445770839,6918,2459,303
2,1445771347,6916,2459,303
3,1445771352,6917,2459,303
0,1445774305,6916,2460,303
1,1445774437,6921,2460,303
2,1445774981,6920,2460,303
0,1442390422,9273,2516,311
3,1442390429,9275,2516,311
4,1442390433,9276,2516,311
5,1442390438,9277,2516,311
6,1442390483,9274,2516,311
7,1442391021,9278,2516,311
0,1442727227,9279,2517,311
3,1442727302,8107,2517,311
5,1442727477,9282,2517,311
7,1442727584,9284,2517,311
10,1442727661,9287,2517,311
12,1442727673,9289,2517,311
13,1442727683,9290,2517,311
3,1442731662,9290,2518,311
6,1442731734,9275,2518,311
7,1442731750,9276,2518,311
8,1442731756,9277,2518,311
10,1442731822,4929,2518,311
14,1442732077,7571,2518,311
15,1442732088,1761,2518,311
16,1442732158,9303,2518,311
18,1442732175,9221,2518,311
0,1442732193,2437,2518,311
1,1442732306,2321,2518,311
1,1442771483,9290,2519,311
3,1442771493,9275,2519,311
4,1442771497,9276,2519,311
5,1442771499,9277,2519,311
9,1442771516,7571,2519,311
10,1442771517,1761,2519,311
11,1442771517,9303,2519,311
12,1442771544,9221,2519,311
15,1442771551,2437,2519,311
16,1442771552,2321,2519,311
18,1442771579,9282,2519,311
0,1442771595,8107,2519,311
2,1442771628,9279,2519,311
1,1442826925,9277,2523,311
2,1442827954,9276,2523,311
4,1442828059,9290,2523,311
5,1442828080,9275,2523,311
6,1442828609,9305,2523,311
9,1442828652,4929,2523,311
11,1442829601,9306,2523,311
12,1442830074,9287,2523,311
1,1443696492,9307,2524,311
2,1443696601,7908,2524,311
4,1443696686,669,2524,311
5,1443697954,1336,2524,311
7,1443698059,7127,2524,311
1,1440918479,9997,2734,339
6,1440918863,10001,2734,339
7,1440918923,10002,2734,339
1,1443443758,3054,2739,339
3,1443443864,9221,2739,339
9,1443444496,1304,2739,339
10,1443444525,2346,2739,339
0,1444660408,10,2741,339
2,1444660591,665,2741,339
4,1444660987,3054,2741,339
0,1441678422,1745,2799,348
1,1441678430,941,2799,348
2,1441678441,1308,2799,348
3,1441678474,3020,2799,348
4,1441678484,10168,2799,348
0,1442129320,90,2800,348
1,1442129355,100,2800,348
2,1442129385,941,2800,348
3,1442129393,172,2800,348
4,1442129429,1139,2800,348
6,1442129488,1307,2800,348
7,1442129519,2308,2800,348
0,1442859290,50,2801,348
1,1442859365,1308,2801,348
2,1442859468,2308,2801,348
3,1442859500,10170,2801,348
0,1443375591,2308,2802,348
1,1443375610,1139,2802,348
2,1443375625,8,2802,348
3,1443375644,5630,2802,348
4,1443375682,2147,2802,348
5,1443375713,1307,2802,348
6,1443375729,6574,2802,348
7,1443375771,5685,2802,348
0,1443816921,5712,2803,348
1,1443816930,3146,2803,348
2,1443817364,1316,2803,348
0,1440930655,10343,2866,357
2,1440930679,528,2866,357
4,1440930761,10345,2866,357
6,1440930783,9178,2866,357
0,1443543933,10353,2869,357
2,1443543939,10354,2869,357
3,1443544005,4414,2869,357
8,1443596606,10361,2870,357
10,1443596622,1302,2870,357
15,1443597086,1344,2870,357
16,1443597117,9312,2870,357
1,1442046159,9278,2906,362
5,1442046290,9289,2906,362
7,1442046384,10514,2906,362
8,1442046418,10515,2906,362
10,1442046552,10517,2906,362
15,1442046809,10520,2906,362
17,1442046846,10521,2906,362
0,1443037219,8698,2907,362
4,1443037298,7900,2907,362
10,1443037536,10529,2907,362
13,1443037598,9282,2907,362
15,1443037853,9289,2907,362
16,1443037870,10515,2907,362
17,1443037888,10521,2907,362
0,1443093074,9278,2909,362
1,1443093142,9289,2909,362
2,1443094027,10514,2909,362
3,1443094052,10515,2909,362
1,1440814203,1308,2958,367
4,1440814325,10657,2958,367
5,1440814339,1632,2958,367
6,1440814352,2999,2958,367
0,1441249114,14,2959,367
1,1441249237,182,2959,367
2,1441250566,3980,2959,367
1,1441679397,5653,2960,367
4,1441680114,10661,2960,367
5,1441680346,10662,2960,367
8,1441681627,10664,2960,367
0,1441866499,3027,2962,367
1,1441868154,941,2962,367
5,1441868384,10107,2962,367
10,1441868556,7309,2962,367
14,1441869137,3030,2962,367
16,1441869179,10664,2962,367
1,1445059472,10681,2967,367
4,1445059613,10683,2967,367
5,1445059658,5744,2967,367
6,1445059713,1051,2967,367
7,1445059779,1400,2967,367
9,1445059950,7279,2967,367
10,1445059973,2325,2967,367
11,1445060019,6166,2967,367
13,1445060125,10685,2967,367
14,1445060253,10686,2967,367
17,1445060427,2608,2967,367
18,1445060497,1999,2967,367
19,1445060564,10688,2967,367
0,1445263572,2265,2987,370
1,1445263674,220,2987,370
2,1445263692,5102,2987,370
0,1445801029,10753,2989,370
1,1445801087,10754,2989,370
3,1445801155,10756,2989,370
6,1445802322,10757,2989,370
8,1445802363,8618,2989,370
9,1445802445,5995,2989,370
10,1445802490,3954,2989,370
11,1445802576,6573,2989,370
12,1445802664,5104,2989,370
14,1445802692,5064,2989,370
15,1445802729,6555,2989,370
16,1445802778,10758,2989,370
2,1445803265,2265,2989,370
1,1445974867,10753,2990,370
2,1445974987,6009,2990,370
5,1445975092,10756,2990,370
6,1445975186,10763,2990,370
8,1445975248,10758,2990,370
9,1445975289,10764,2990,370
0,1446065224,5995,2991,370
2,1446065364,3954,2991,370
3,1446065461,10753,2991,370
2,1440328058,3012,3044,374
3,1440328119,464,3044,374
5,1440328271,233,3044,374
0,1440751298,1969,3045,374
2,1440752839,10916,3045,374
3,1440752908,6127,3045,374
4,1440752927,1968,3045,374
0,1440933393,10921,3047,374
2,1440933533,233,3047,374
3,1440933625,464,3047,374
5,1440933665,10923,3047,374
0,1441186600,10929,3050,374
1,1441186705,6124,3050,374
3,1441186735,464,3050,374
4,1441186796,233,3050,374
0,1442248492,6074,3056,374
2,1442248504,10923,3056,374
3,1442248507,10935,3056,374
5,1442248836,4128,3056,374
0,1443540911,2006,3060,374
2,1443540953,2010,3060,374
3,1443540995,10940,3060,374
4,1443541010,1989,3060,374
0,1441675516,2984,3198,393
1,1441675586,40,3198,393
2,1441675667,5653,3198,393
3,1441675833,182,3198,393
4,1441675917,3983,3198,393
1,1441827398,172,3199,393
2,1441827431,6271,3199,393
3,1441827488,5653,3199,393
4,1441827612,2984,3199,393
5,1441827669,40,3199,393
6,1441827703,3013,3199,393
7,1441827749,3980,3199,393
8,1441827838,182,3199,393
9,1441827871,4130,3199,393
0,1442147840,41,3202,393
1,1442147908,1304,3202,393
2,1442147955,4130,3202,393
3,1442148058,2929,3202,393
4,1442148097,1308,3202,393
5,1442148167,12,3202,393
0,1442166445,11209,3203,393
1,1442166472,19,3203,393
4,1442167044,3476,3203,393
8,1442167319,1172,3203,393
10,1442167611,7104,3203,393
0,1442513043,34,3204,393
1,1442513101,41,3204,393
2,1442513143,3641,3204,393
3,1442513182,2984,3204,393
3,1442525433,7274,3205,393
4,1442525460,11323,3205,393
5,1442525544,1759,3205,393
6,1442525610,11190,3205,393
8,1442525974,6873,3205,393
0,1442631335,3022,3206,393
1,1442631479,3641,3206,393
2,1442631502,1640,3206,393
3,1442631579,1304,3206,393
4,1442631643,3260,3206,393
5,1442631754,1432,3206,393
6,1442631776,101,3206,393
7,1442631827,41,3206,393
0,1442867019,43,3209,393
1,1442867081,8,3209,393
2,1442867112,8339,3209,393
0,1443154439,2770,3210,393
1,1443154476,3147,3210,393
2,1443154581,170,3210,393
3,1443154644,136,3210,393
4,1443154741,1373,3210,393
0,1443208583,2336,3211,393
4,1443208885,7309,3211,393
5,1443208915,8,3211,393
6,1443208990,6074,3211,393
7,1443209088,11333,3211,393
0,1443284269,11334,3212,393
10,1443285216,1001,3212,393
12,1443285703,11343,3212,393
14,1443285841,11345,3212,393
0,1443556390,9649,3213,393
1,1443556483,1373,3213,393
2,1443556511,1140,3213,393
4,1443556636,10777,3213,393
5,1443556688,7309,3213,393
6,1443556720,2170,3213,393
0,1443983514,9649,3214,393
1,1443983811,7322,3214,393
2,1443983839,7309,3214,393
3,1443983962,7442,3214,393
2,1443989567,2350,3215,393
4,1443989675,11348,3215,393
6,1443989970,6015,3215,393
7,1443990073,11349,3215,393
9,1443990592,11351,3215,393
2,1444764366,2363,3219,393
4,1444764433,2350,3219,393
5,1444764510,11360,3219,393
6,1444764532,9019,3219,393
0,1440052831,5219,3358,409
2,1440053197,11808,3358,409
5,1440053322,8966,3358,409
6,1440053383,11810,3358,409
8,1440053488,1786,3358,409
10,1440053597,11811,3358,409
0,1440500651,2957,3365,409
1,1440500695,2568,3365,409
3,1440502005,11810,3365,409
0,1440760765,11842,3366,409
3,1440760863,8840,3366,409
5,1440760887,8205,3366,409
6,1440760912,11844,3366,409
0,1441607885,5763,3373,409
3,1441609015,11881,3373,409
5,1441609766,11882,3373,409
9,1441610954,11884,3373,409
16,1441611891,11888,3373,409
18,1441611942,11889,3373,409
0,1441611973,2876,3373,409
1,1441612052,2879,3373,409
0,1441688559,5765,3374,409
1,1441688762,2411,3374,409
2,1441688804,8128,3374,409
4,1441688925,11891,3374,409
6,1441688953,73,3374,409
0,1441717394,8925,3375,409
1,1441717425,10140,3375,409
3,1441717525,11892,3375,409
3,1442812730,1767,3387,409
7,1442813372,73,3387,409
9,1442813846,3240,3387,409
10,1442814456,11884,3387,409
18,1442814790,11043,3387,409
1,1442815359,3702,3387,409
1,1442915905,7880,3388,409
4,1442916312,5768,3388,409
15,1442917299,1301,3388,409
0,1444130182,2213,3393,409
2,1444130289,4612,3393,409
6,1444130461,1794,3393,409
0,1440337631,2585,3580,434
4,1440337833,108,3580,434
5,1440337856,12393,3580,434
0,1440924766,1723,3581,434
2,1440924892,108,3581,434
3,1440924902,1373,3581,434
4,1440924972,12396,3581,434
3,1441647039,36,3582,434
4,1441647108,3472,3582,434
6,1441647188,43,3582,434
1,1442495969,12450,3612,438
3,1442496061,7649,3612,438
8,1442496136,7659,3612,438
0,1443077903,7653,3614,438
1,1443078025,5339,3614,438
2,1443078115,7177,3614,438
3,1443078151,134,3614,438
6,1443079195,7121,3614,438
7,1443079349,7689,3614,438
9,1443079475,7893,3614,438
10,1443079583,7112,3614,438
0,1443159466,7177,3615,438
1,1443159484,3605,3615,438
2,1443160849,7121,3615,438
3,1443160981,9290,3615,438
0,1442917900,3026,3685,447
1,1442917930,12667,3685,447
2,1442918006,10007,3685,447
3,1442918042,3054,3685,447
4,1442918232,653,3685,447
1,1442946526,12667,3686,447
2,1442946568,7557,3686,447
3,1442946605,2596,3686,447
4,1442946647,10007,3686,447
6,1442946740,3054,3686,447
0,1442991145,8121,3687,447
1,1442991353,12670,3687,447
2,1442991406,653,3687,447
4,1442991598,4405,3687,447
5,1442992337,7557,3687,447
7,1442992784,3054,3687,447
1,1443167051,12831,3759,453
2,1443167072,12830,3759,453
4,1443167177,11519,3759,453
0,1443434838,12833,3760,453
1,1443434865,1320,3760,453
2,1443434922,12834,3760,453
3,1443434954,12831,3760,453
1,1443688408,3493,3761,453
2,1443688486,12836,3761,453
3,1443688555,12837,3761,453
1,1444037378,12841,3763,453
2,1444037396,2165,3763,453
3,1444037439,1310,3763,453
0,1444810491,12848,3767,453
2,1444810959,1322,3767,453
4,1444811148,9019,3767,453
2,1440060255,12900,3786,456
3,1440060404,2620,3786,456
4,1440060535,108,3786,456
0,1440230418,12903,3788,456
2,1440230638,1436,3788,456
4,1440230752,2996,3788,456
5,1440230850,105,3788,456
9,1440231261,10004,3788,456
12,1440231578,12908,3788,456
13,1440231589,12909,3788,456
14,1440231644,12900,3788,456
16,1440232438,9,3788,456
1,1440234663,2992,3788,456
0,1440784942,5671,3790,456
2,1440785195,2620,3790,456
3,1440785227,108,3790,456
4,1440785376,12909,3790,456
4,1440873692,5008,3791,456
6,1440874059,12920,3791,456
11,1440874699,4729,3791,456
3,1440945959,4961,3792,456
4,1440946030,12920,3792,456
5,1440946084,12909,3792,456
8,1440946214,168,3792,456
2,1441533488,12933,3795,456
3,1441533521,10107,3795,456
4,1441533569,12934,3795,456
5,1441533717,12935,3795,456
0,1443442669,6085,3807,456
1,1443442819,2823,3807,456
2,1443442846,12963,3807,456
1,1444035481,3834,3811,456
2,1444035813,12973,3811,456
7,1444036350,1513,3811,456
8,1444036418,5103,3811,456
12,1444036688,8481,3811,456
0,1441781755,8909,3875,463
3,1441781939,2670,3875,463
9,1441782096,2707,3875,463
0,1442298030,13112,3876,463
1,1442298075,3242,3876,463
4,1442298274,2680,3876,463
5,1442298884,3246,3876,463
6,1442311616,13117,3877,463
9,1442311913,2670,3877,463
12,1442312177,13120,3877,463
0,1441451970,13430,4007,472
1,1441452033,12903,4007,472
2,1441452104,1723,4007,472
4,1441452264,170,4007,472
6,1441452490,13432,4007,472
0,1441988308,1304,4008,472
1,1441988325,90,4008,472
3,1441988443,3983,4008,472
0,1442167101,172,4010,472
3,1442167106,3017,4010,472
4,1442167115,941,4010,472
0,1443495588,11519,4011,472
1,1443495639,12934,4011,472
2,1443495754,28,4011,472
3,1443495855,12957,4011,472
0,1444626795,13440,4012,472
2,1444626887,416,4012,472
7,1444627131,5104,4012,472
0,1445952618,10763,4015,472
1,1445952635,13445,4015,472
2,1445952767,3843,4015,472
3,1445952774,6014,4015,472
0,1446139145,3834,4016,472
1,1446139296,1513,4016,472
2,1446140440,10767,4016,472
3,1446140485,13445,4016,472
0,1446231891,4417,4017,472
1,1446231896,7940,4017,472
3,1446232275,13449,4017,472
0,1440486908,2990,4207,498
1,1440487042,172,4207,498
2,1440487212,7190,4207,498
3,1440487223,2986,4207,498
4,1440487230,5648,4207,498
9,1440487666,9,4207,498
0,1441104446,172,4208,498
1,1441104464,5648,4208,498
3,1441104528,5651,4208,498
0,1443552981,1140,4210,498
1,1443552996,7190,4210,498
3,1443553092,13,4210,498
4,1443553138,7191,4210,498
5,1443553169,93,4210,498
6,1443553318,10,4210,498
1,1445167399,7340,4211,498
2,1445167470,7191,4211,498
3,1445167504,13892,4211,498
4,1445167563,2537,4211,498
5,1445167584,4676,4211,498
6,1445167636,10703,4211,498
0,1442072717,7190,4232,502
1,1442072735,49,4232,502
2,1442072902,13960,4232,502
5,1442073176,1020,4232,502
0,1442225183,7360,4234,502
2,1442225209,5689,4234,502
3,1442225212,5379,4234,502
4,1442225215,5687,4234,502
10,1442225455,5381,4234,502
11,1442225563,2928,4234,502
14,1442225800,13968,4234,502
15,1442225943,7335,4234,502
17,1442226095,939,4234,502
18,1442226184,8786,4234,502
19,1442226237,5405,4234,502
0,1442653446,49,4235,502
3,1442653939,13971,4235,502
12,1442654731,55,4235,502
0,1441119466,8779,4300,511
1,1441119495,8782,4300,511
2,1441120502,14180,4300,511
0,1441820652,5269,4302,511
2,1441820972,4657,4302,511
3,1441821006,13586,4302,511
4,1441821035,13908,4302,511
5,1441821142,8751,4302,511
6,1441821335,2587,4302,511
7,1441821366,1163,4302,511
8,1441821408,3248,4302,511
10,1441821468,7190,4302,511
0,1442342876,8782,4303,511
1,1442342939,7190,4303,511
2,1442342969,3703,4303,511
4,1442343122,5269,4303,511
0,1443410844,8782,4304,511
1,1443410879,3956,4304,511
2,1443410931,63,4304,511
3,1443410971,3709,4304,511
0,1444006715,14517,4436,526
4,1444007734,6357,4436,526
5,1444007737,9307,4436,526
0,1444294246,6357,4437,526
1,1444294301,1047,4437,526
2,1444294305,740,4437,526
0,1444400303,6351,4438,526
1,1444400311,1047,4438,526
2,1444400338,740,4438,526
1,1444595022,6351,4439,526
2,1444595027,1047,4439,526
3,1444595052,740,4439,526
1,1440096622,11808,4477,532
2,1440096866,5364,4477,532
4,1440097240,2563,4477,532
1,1441033192,14593,4478,532
2,1441033211,8799,4478,532
4,1441033350,11854,4478,532
6,1441134675,5524,4480,532
8,1441135007,2563,4480,532
16,1441135601,1163,4480,532
17,1441135680,14603,4480,532
18,1441135691,8799,4480,532
19,1441135729,5759,4480,532
0,1442345158,2563,4487,532
1,1442345325,5765,4487,532
4,1442345537,10142,4487,532
1,1440759579,3688,4542,539
2,1440759626,3968,4542,539
3,1440759641,2567,4542,539
4,1440759662,2988,4542,539
6,1440759774,3691,4542,539
7,1440759786,4676,4542,539
11,1440760039,5695,4542,539
17,1440760418,8796,4542,539
2,1440760552,4845,4542,539
0,1441003809,2990,4543,539
1,1441003837,2567,4543,539
2,1441003925,7190,4543,539
3,1441003943,251,4543,539
0,1441092603,43,4544,539
2,1441092970,3160,4544,539
3,1441092978,4996,4544,539
4,1441093003,9,4544,539
7,1441093163,8800,4544,539
8,1441093185,4853,4544,539
2,1441261910,14937,4622,550
4,1441262130,2597,4622,550
7,1441262266,2599,4622,550
0,1441344310,2853,4626,550
1,1441344437,2596,4626,550
2,1441344750,7547,4626,550
2,1441617475,3247,4627,550
3,1441617497,14942,4627,550
4,1441617543,2853,4627,550
5,1441617586,1009,4627,550
0,1442896839,11722,4630,550
1,1442897037,2321,4630,550
2,1442897143,2597,4630,550
1,1442912156,7547,4631,550
2,1442913591,1650,4631,550
3,1442913932,3026,4631,550
1,1443152494,1043,4632,550
3,1443152819,3432,4632,550
4,1443152931,1648,4632,550
0,1444707943,21,4635,550
1,1444707988,9926,4635,550
2,1444708141,724,4635,550
3,1444708330,730,4635,550
4,1444708793,5566,4635,550
5,1444709696,2607,4635,550
6,1444710095,11722,4635,550
1,1444717824,2607,4636,550
2,1444717838,13549,4636,550
3,1444717850,2608,4636,550
0,1444805344,9083,4637,550
1,1444805437,10,4637,550
3,1444806664,14947,4637,550
4,1444806705,4358,4637,550
5,1444806726,2325,4637,550
0,1444827407,4358,4638,550
1,1444827423,2325,4638,550
2,1444827475,2608,4638,550
0,1443540111,4068,4664,554
1,1443540234,4070,4664,554
2,1443540296,4069,4664,554
3,1443540352,4067,4664,554
0,1444672872,4071,4665,554
1,1444672933,1212,4665,554
2,1444673058,4075,4665,554
3,1444673124,4082,4665,554
4,1444673276,4078,4665,554
5,1444673323,4072,4665,554
6,1444673517,4076,4665,554
7,1444673708,4077,4665,554
8,1444673719,4081,4665,554
9,1444673821,3956,4665,554
10,1444673986,4073,4665,554
11,1444674051,4074,4665,554
12,1444674491,4079,4665,554
13,1444674540,4080,4665,554
0,1444821626,4092,4666,554
1,1444821854,4091,4666,554
2,1444821880,4095,4666,554
3,1444822012,4085,4666,554
4,1444822032,4086,4666,554
5,1444822064,4087,4666,554
6,1444822199,4084,4666,554
10,1444822814,6508,4666,554
11,1444822949,4097,4666,554
12,1444823008,4083,4666,554
14,1444823176,4094,4666,554
15,1444823306,4088,4666,554
16,1444823384,4089,4666,554
17,1444823443,4096,4666,554
19,1444823523,4090,4666,554
0,1445193351,4100,4667,554
1,1445193668,4098,4667,554
2,1445194304,4099,4667,554
3,1445194570,3646,4667,554
1,1445438378,300,4668,554
2,1445438457,4101,4668,554
3,1445439428,4102,4668,554
3,1442230797,3473,4754,566
6,1442230829,3463,4754,566
15,1442231185,3456,4754,566
0,1444039039,5871,4764,566
3,1444039400,7130,4764,566
9,1444039490,11205,4764,566
2,1444049035,7177,4766,566
3,1444049064,5391,4766,566
4,1444049073,3473,4766,566
5,1444049092,523,4766,566
6,1444049105,11334,4766,566
13,1444052553,2349,4766,566
14,1444052577,10252,4766,566
15,1444052583,11654,4766,566
1,1444376408,1400,4768,566
3,1444376452,2905,4768,566
4,1444376506,11118,4768,566
0,1444389800,7276,4769,566
6,1444390695,7133,4769,566
9,1444390760,7277,4769,566
13,1444390780,15234,4769,566
14,1444390786,7275,4769,566
2,1444661455,657,4771,566
5,1444661503,680,4771,566
7,1444661540,7278,4771,566
9,1444661553,15239,4771,566
10,1444661561,4416,4771,566
11,1444661572,2349,4771,566
12,1444661575,11654,4771,566
13,1444661596,4414,4771,566
0,1444726406,7278,4772,566
3,1444726446,396,4772,566
7,1444726554,4414,4772,566
8,1444727881,15239,4772,566
0,1444734331,11205,4773,566
2,1444734341,7130,4773,566
4,1444734354,1196,4773,566
2,1444894825,3071,4776,566
5,1444894896,689,4776,566
6,1444894919,931,4776,566
8,1444894960,15246,4776,566
10,1444895009,10262,4776,566
12,1444895045,2199,4776,566
13,1444895052,7133,4776,566
16,1444895079,7277,4776,566
18,1444895475,7275,4776,566
19,1444895488,12469,4776,566
0,1444983130,7275,4777,566
1,1444983153,7277,4777,566
2,1444983171,2199,4777,566
0,1445417734,5236,4779,566
2,1445417818,7701,4779,566
6,1445417964,2905,4779,566
0,1445446059,15251,4780,566
1,1445446091,15252,4780,566
3,1445446124,150,4780,566
4,1445446149,15254,4780,566
6,1445446183,7337,4780,566
7,1445446190,15255,4780,566
8,1445446202,15256,4780,566
9,1445446223,3071,4780,566
2,1445515461,15258,4781,566
4,1445515684,7588,4781,566
6,1445515756,15254,4781,566
7,1445515776,7177,4781,566
9,1445515779,7701,4781,566
10,1445515779,15256,4781,566
11,1445515780,15255,4781,566
12,1445515787,3071,4781,566
13,1445515806,7337,4781,566
15,1445515809,7277,4781,566
16,1445515811,2199,4781,566
17,1445515812,689,4781,566
18,1445515815,15239,4781,566
19,1445515818,7133,4781,566
0,1445515818,7278,4781,566
1,1445515819,11205,4781,566
3,1445515828,15252,4781,566
2,1445594170,15258,4782,566
12,1445594359,15252,4782,566
13,1445594367,15251,4782,566
0,1445810412,15262,4783,566
2,1445810495,8523,4783,566
7,1445810672,4358,4783,566
9,1445810759,4132,4783,566
10,1445810783,4399,4783,566
11,1445810806,686,4783,566
12,1445810828,6135,4783,566
13,1445810844,3060,4783,566
14,1445810889,4843,4783,566
15,1445810905,4842,4783,566
16,1445810925,21,4783,566
17,1445810941,665,4783,566
0,1445810999,1320,4783,566
1,1445811043,2984,4783,566
3,1445811068,3021,4783,566
0,1446033900,4135,4784,566
1,1446033913,38,4784,566
2,1446033920,2984,4784,566
3,1446191070,15270,4785,566
6,1446191114,11201,4785,566
10,1446191170,7283,4785,566
13,1446191222,12470,4785,566
15,1446191228,3067,4785,566
17,1446191259,15272,4785,566
0,1441615529,1432,4793,567
1,1441616149,15290,4793,567
2,1441616200,1729,4793,567
1,1442232636,6101,4794,567
2,1442232721,1432,4794,567
3,1442232807,92,4794,567
4,1442232854,6099,4794,567
5,1442232872,15290,4794,567
2,1442292755,1433,4795,567
3,1442292766,92,4795,567
5,1442292995,15290,4795,567
0,1443099480,220,4796,567
1,1443099508,5083,4796,567
2,1443099572,1304,4796,567
3,1443099623,15290,4796,567
0,1445845206,3834,4797,567
1,1445845241,2265,4797,567
2,1445845285,6004,4797,567
3,1445845324,10757,4797,567
4,1445845389,5995,4797,567
0,1440525428,11808,4810,570
1,1440525519,6116,4810,570
2,1440525555,7186,4810,570
2,1440765785,6674,4811,570
3,1440765848,1163,4811,570
4,1440765902,8840,4811,570
0,1441910760,10142,4816,570
1,1441910816,5763,4816,570
3,1441911839,15329,4816,570
7,1441911955,11854,4816,570
8,1441911995,11808,4816,570
1,1441284481,15420,4858,576
4,1441285118,15422,4858,576
11,1441285774,1823,4858,576
12,1441285870,15424,4858,576
0,1442385578,9277,4860,576
2,1442385595,15432,4860,576
3,1442385823,14865,4860,576
0,1442402653,9230,4862,576
4,1442404192,1024,4862,576
5,1442404197,14016,4862,576
6,1442404706,7244,4862,576
0,1444390197,7133,4865,576
1,1444390197,7275,4865,576
2,1444390204,7277,4865,576
0,1444383544,2537,4889,580
1,1444383577,3146,4889,580
2,1444383606,23,4889,580
0,1444402620,1320,4890,580
1,1444402721,3053,4890,580
2,1444402778,34,4890,580
3,1444402799,10,4890,580
4,1444402843,15,4890,580
5,1444402905,6578,4890,580
0,1445510707,34,4891,580
1,1445510716,10,4891,580
2,1445510754,2276,4891,580
0,1443453896,4069,5126,611
1,1443454134,4070,5126,611
2,1443454552,4067,5126,611
0,1444586408,4077,5127,611
1,1444586451,4074,5127,611
2,1444586521,3956,5127,611
3,1444586658,4075,5127,611
4,1444586686,4073,5127,611
5,1444587024,4082,5127,611
6,1444587117,4076,5127,611
7,1444587372,4071,5127,611
8,1444587523,4072,5127,611
9,1444587733,1212,5127,611
10,1444587776,4078,5127,611
11,1444587791,4079,5127,611
12,1444588219,4081,5127,611
0,1444735214,6508,5128,611
1,1444735226,4092,5128,611
2,1444735480,4095,5128,611
3,1444735649,4097,5128,611
4,1444735664,4087,5128,611
5,1444735708,4083,5128,611
8,1444736054,4091,5128,611
12,1444736232,4086,5128,611
13,1444736415,4093,5128,611
14,1444736476,4094,5128,611
15,1444736512,4085,5128,611
17,1444736823,4090,5128,611
18,1444736906,4088,5128,611
19,1444737016,4089,5128,611
0,1444737043,4096,5128,611
1,1444738704,8061,5128,611
0,1445106968,4098,5129,611
1,1445107304,4099,5129,611
2,1445107851,4100,5129,611
3,1445107887,3646,5129,611
0,1440484563,5651,5263,625
1,1440484570,3026,5263,625
2,1440484574,2992,5263,625
1,1443090081,16376,5264,625
4,1443090959,105,5264,625
5,1443091469,7073,5264,625
3,1443128047,12934,5265,625
5,1443128446,939,5265,625
7,1443128604,12933,5265,625
10,1443129349,16382,5265,625
11,1443129405,9,5265,625
12,1443129626,58,5265,625
13,1443129646,940,5265,625
0,1443215499,11236,5266,625
1,1443215503,2147,5266,625
2,1443215504,3026,5266,625
3,1443215507,3027,5266,625
0,1443273039,2437,5267,625
1,1443273043,6803,5267,625
7,1443274761,16388,5267,625
9,1443274846,16382,5267,625
10,1443274875,940,5267,625
11,1443275174,12933,5267,625
12,1443275260,10107,5267,625
13,1443275312,5047,5267,625
1,1443651738,7323,5270,625
3,1443652101,16388,5270,625
7,1443652716,16395,5270,625
0,1443990985,1304,5271,625
3,1443991330,939,5271,625
4,1443991333,7335,5271,625
5,1443991344,8786,5271,625
6,1443991362,5693,5271,625
0,1444399722,9489,5272,625
1,1444400189,12986,5272,625
3,1444400219,16399,5272,625
9,1444400582,14221,5272,625
10,1444400589,3224,5272,625
3,1445365768,2947,5276,625
6,1445366101,5100,5276,625
10,1445367239,16395,5276,625
0,1443534608,16639,5358,637
1,1443534632,1943,5358,637
2,1443534684,8103,5358,637
3,1443534791,1934,5358,637
4,1443534798,1935,5358,637
5,1443534815,6500,5358,637
6,1443534827,14385,5358,637
8,1443535570,7108,5358,637
2,1444061553,16644,5359,637
4,1444061689,3521,5359,637
6,1444062108,16639,5359,637
3,1444234734,6843,5360,637
5,1444234861,7123,5360,637
6,1444234930,16648,5360,637
8,1444235188,10261,5360,637
15,1444235507,10831,5360,637
16,1444235514,5107,5360,637
17,1444235536,2375,5360,637
18,1444235605,16639,5360,637
0,1441692382,528,5469,653
1,1441692445,653,5469,653
2,1441692574,122,5469,653
0,1441803939,12075,5470,653
1,1441803951,528,5470,653
2,1441804004,653,5470,653
3,1441804093,122,5470,653
0,1442205264,528,5471,653
3,1442206412,122,5471,653
4,1442206450,3022,5471,653
5,1442206488,132,5471,653
6,1442206704,5765,5471,653
8,1442206948,3001,5471,653
0,1442223383,5765,5472,653
1,1442223461,8339,5472,653
2,1442223534,12078,5472,653
1,1442232970,1962,5539,663
5,1442233196,7784,5539,663
6,1442233229,5437,5539,663
7,1442233303,3371,5539,663
0,1442921445,1146,5540,663
1,1442921470,1646,5540,663
3,1442921609,13994,5540,663
4,1442921663,3402,5540,663
5,1442921714,16528,5540,663
1,1442988020,1009,5542,663
2,1442988033,14796,5542,663
3,1442988066,1646,5542,663
5,1442988173,13994,5542,663
7,1442988223,3402,5542,663
2,1441956388,2561,5566,665
3,1441956439,1433,5566,665
16,1441957147,17179,5566,665
18,1441957324,220,5566,665
3,1442216798,16382,5567,665
7,1442217237,940,5567,665
8,1442218299,7062,5567,665
10,1442219367,2343,5567,665
12,1442219418,9809,5567,665
0,1442474552,5,5569,665
1,1442474644,15118,5569,665
4,1442474803,5085,5569,665
6,1442474978,17196,5569,665
0,1443074072,11519,5572,665
5,1443074438,9482,5572,665
6,1443074448,58,5572,665
1,1444211211,17211,5579,665
2,1444211264,2008,5579,665
5,1444211386,17214,5579,665
1,1444986821,6553,5581,665
2,1444986826,6572,5581,665
5,1444986976,4859,5581,665
0,1445505646,3843,5583,665
1,1445505655,13445,5583,665
2,1445505667,6014,5583,665
0,1440526684,5312,5688,674
1,1440526939,6906,5688,674
2,1440527145,6910,5688,674
3,1440527305,6913,5688,674
4,1440527367,6909,5688,674
5,1440527533,3008,5688,674
6,1440527785,6911,5688,674
7,1440527821,6912,5688,674
8,1440527913,6907,5688,674
9,1440527941,6908,5688,674
10,1440528144,6915,5688,674
11,1440528249,6914,5688,674
12,1440528291,6669,5688,674
0,1445856847,6916,5689,674
1,1445857152,6917,5689,674
2,1445857239,6918,5689,674
3,1445857603,6919,5689,674
0,1445860837,6921,5690,674
1,1445861331,6922,5690,674
2,1445861576,6916,5690,674
3,1445861681,6920,5690,674
1,1444294169,17523,5730,680
3,1444294354,9004,5730,680
5,1444294547,4259,5730,680
7,1444295393,8270,5730,680
8,1444295559,4255,5730,680
9,1444296313,14075,5730,680
12,1444296614,17525,5730,680
16,1444297155,3702,5730,680
17,1444297259,5526,5730,680
1,1444298417,8052,5730,680
0,1444305537,8270,5731,680
1,1444306013,10155,5731,680
3,1444306242,4255,5731,680
4,1444306445,3162,5731,680
2,1444576989,17529,5732,680
4,1444577118,8446,5732,680
5,1444577138,17531,5732,680
0,1444634994,1745,5733,680
1,1444635047,17525,5733,680
3,1444635506,6386,5733,680
11,1444636238,5688,5733,680
14,1444637109,15476,5733,680
15,1444637208,10155,5733,680
1,1444922271,3162,5734,680
3,1444922380,1081,5734,680
5,1444922487,17540,5734,680
6,1444922510,11962,5734,680
3,1441015624,17601,5757,683
6,1441016182,17604,5757,683
7,1441016319,3544,5757,683
8,1441016798,9640,5757,683
0,1441104531,7096,5758,683
1,1441104583,17606,5758,683
3,1441105580,4408,5758,683
0,1441965824,10798,5760,683
1,1441965849,4320,5760,683
2,1441965908,924,5760,683
4,1441966471,7659,5760,683
7,1441967720,2786,5760,683
2,1442224364,10798,5762,683
5,1442224425,3541,5762,683
10,1442224657,7668,5762,683
0,1442918657,7662,5765,683
3,1442918952,2786,5765,683
5,1442919421,17618,5765,683
0,1440150015,19,5834,693
1,1440150026,8,5834,693
2,1440150040,2987,5834,693
0,1442167154,108,5837,693
3,1442167254,5630,5837,693
4,1442167285,172,5837,693
5,1442167306,100,5837,693
0,1442217597,3027,5838,693
2,1442217706,92,5838,693
4,1442217789,50,5838,693
5,1442217839,101,5838,693
6,1442217861,3983,5838,693
1,1443992425,3031,5839,693
3,1443992569,63,5839,693
4,1443992602,11,5839,693
5,1443992676,48,5839,693
7,1443992709,1304,5839,693
8,1443992733,3486,5839,693
9,1443992788,5702,5839,693
0,1440776410,17883,5895,702
1,1440776431,17884,5895,702
4,1440776509,1304,5895,702
7,1440776673,12900,5895,702
0,1442685704,12868,5896,702
1,1442685715,1728,5896,702
2,1442685763,5008,5896,702
3,1442685840,17889,5896,702
4,1442685855,7324,5896,702
0,1443989591,5008,5898,702
1,1443989642,8,5898,702
2,1443989672,1436,5898,702
3,1443989722,5104,5898,702
5,1443989757,5305,5898,702
7,1443989856,5020,5898,702
0,1444253054,8617,5899,702
1,1444253079,1725,5899,702
2,1444253110,9,5899,702
4,1444253172,8,5899,702
5,1444253223,5606,5899,702
0,1444319298,8617,5900,702
3,1444319366,5047,5900,702
4,1444319388,5606,5900,702
5,1444319422,15118,5900,702
7,1444319486,92,5900,702
8,1444319501,3823,5900,702
9,1444319521,12304,5900,702
10,1444319551,93,5900,702
0,1441009805,6913,6021,721
1,1441009847,6401,6021,721
6,1441010006,18203,6021,721
2,1442282269,2336,6023,721
3,1442282304,2994,6023,721
7,1442282474,1100,6023,721
0,1443635639,2147,6024,721
1,1443635685,4732,6024,721
2,1443635833,5306,6024,721
3,1443635898,1095,6024,721
6,1443636106,9444,6024,721
7,1443636187,18209,6024,721
11,1443636414,18096,6024,721
13,1443636481,11519,6024,721
0,1444408715,4732,6025,721
1,1444408771,4729,6025,721
3,1444408843,6455,6025,721
3,1441720756,1491,6039,724
7,1441720957,15350,6039,724
9,1441720965,14093,6039,724
11,1441721114,2574,6039,724
17,1441721578,5069,6039,724
18,1441721580,13805,6039,724
7,1441721711,1745,6039,724
18,1441721804,8,6039,724
2,1441724858,2405,6040,724
3,1441724862,1304,6040,724
4,1441724864,91,6040,724
6,1441724871,14194,6040,724
10,1441724883,2342,6040,724
11,1441724893,5295,6040,724
13,1441724908,18267,6040,724
16,1441724949,2620,6040,724
1,1441725021,5036,6040,724
6,1441725171,18275,6040,724
1,1442586009,17545,6041,724
2,1442586016,1139,6041,724
3,1442586026,2405,6041,724
4,1442586031,5,6041,724
5,1442586035,4855,6041,724
6,1442586057,8,6041,724
7,1442586080,1304,6041,724
8,1442586156,34,6041,724
9,1442586197,9758,6041,724
10,1442586200,8390,6041,724
11,1442586205,5526,6041,724
12,1442586237,19,6041,724
13,1442586253,5542,6041,724
14,1442586286,18277,6041,724
1,1443080498,18306,6057,727
2,1443080547,8369,6057,727
7,1443080652,17341,6057,727
8,1443080661,1334,6057,727
10,1443080738,2813,6057,727
11,1443080772,9273,6057,727
12,1443080794,1341,6057,727
5,1443082826,16502,6057,727
9,1443082912,13031,6057,727
2,1443511999,8369,6058,727
4,1443512139,2823,6058,727
7,1443512286,6262,6058,727
0,1443588989,2822,6059,727
8,1443589512,2910,6059,727
11,1443589750,7021,6059,727
18,1443589980,1337,6059,727
19,1443590022,1336,6059,727
0,1445942095,4732,6062,727
1,1445942098,2097,6062,727
7,1445942219,7940,6062,727
1,1441955419,8679,6144,739
2,1441955481,9649,6144,739
3,1441955666,129,6144,739
4,1441955831,18522,6144,739
5,1441956058,6500,6144,739
0,1442986467,9649,6145,739
1,1442986780,10797,6145,739
4,1442987459,4405,6145,739
5,1442987534,11985,6145,739
6,1442988030,7653,6145,739
7,1442988169,3119,6145,739
8,1442988411,5498,6145,739
13,1442990038,7160,6145,739
14,1442990845,116,6145,739
1,1443725962,7680,6146,739
2,1443726194,11327,6146,739
4,1443727240,7649,6146,739
5,1443727318,127,6146,739
0,1444253175,431,6148,739
1,1444253533,1400,6148,739
2,1444253610,7649,6148,739
4,1446022971,18539,6151,739
5,1446023103,4419,6151,739
7,1446023797,3075,6151,739
0,1440382355,2988,6155,740
2,1440382461,5653,6155,740
3,1440382481,3012,6155,740
0,1440468843,41,6157,740
2,1440469392,11209,6157,740
3,1440469472,18203,6157,740
0,1442027024,3029,6158,740
1,1442027109,3013,6158,740
2,1442027143,172,6158,740
3,1442027177,5653,6158,740
0,1442029986,11209,6159,740
1,1442030086,3640,6159,740
2,1442030104,11008,6159,740
3,1442030178,5653,6159,740
6,1442031777,2988,6159,740
1,1442913754,3953,6160,740
2,1442913791,18555,6160,740
3,1442914308,3640,6160,740
1,1443326504,3953,6161,740
2,1443326533,18555,6161,740
3,1443326606,11008,6161,740
0,1440526933,3008,6179,743
1,1440526957,6906,6179,743
2,1440526984,5312,6179,743
3,1440527013,6907,6179,743
4,1440527091,6669,6179,743
5,1440527152,6910,6179,743
6,1440527485,6911,6179,743
7,1440527905,6913,6179,743
8,1440527941,6908,6179,743
9,1440528249,6914,6179,743
10,1440528267,6909,6179,743
0,1445857074,6916,6180,743
1,1445857246,6917,6180,743
2,1445857903,6919,6180,743
0,1445860376,6916,6181,743
1,1445860537,6921,6181,743
2,1445860781,6920,6181,743
3,1445861631,6922,6181,743
1,1441120665,10777,6203,747
2,1441121065,3457,6203,747
3,1441121074,6869,6203,747
4,1441121400,8835,6203,747
5,1441121543,1405,6203,747
9,1441122448,3466,6203,747
1,1442484390,11323,6204,747
2,1442484673,3482,6204,747
4,1442484944,1172,6204,747
6,1442485458,165,6204,747
7,1442485565,18633,6204,747
8,1442485609,11334,6204,747
9,1442485803,18634,6204,747
1,1442492479,3458,6206,747
2,1442492518,6869,6206,747
8,1442493237,1135,6206,747
9,1442493246,261,6206,747
14,1442494612,6873,6206,747
15,1442494757,271,6206,747
0,1443540052,4067,6287,758
1,1443540411,4068,6287,758
2,1443541196,4069,6287,758
0,1444672808,4077,6288,758
1,1444672872,4071,6288,758
2,1444672933,1212,6288,758
3,1444673217,4076,6288,758
4,1444673221,3956,6288,758
5,1444673291,4079,6288,758
6,1444673358,4075,6288,758
7,1444673751,4074,6288,758
8,1444673923,4072,6288,758
9,1444674024,4082,6288,758
10,1444674176,4078,6288,758
11,1444674286,4073,6288,758
12,1444674319,4081,6288,758
0,1444821614,6508,6289,758
1,1444821764,4087,6289,758
2,1444821854,4091,6289,758
3,1444822032,4086,6289,758
4,1444822049,4097,6289,758
5,1444822106,4088,6289,758
6,1444822108,4083,6289,758
9,1444822276,4094,6289,758
10,1444822526,4092,6289,758
14,1444822780,4095,6289,758
15,1444822799,4084,6289,758
16,1444822815,4093,6289,758
18,1444823212,4085,6289,758
19,1444823416,4089,6289,758
0,1444823443,4096,6289,758
1,1444823523,4090,6289,758
2,1444824204,8061,6289,758
0,1445193387,3646,6290,758
1,1445193651,4100,6290,758
2,1445193704,4099,6290,758
3,1445194268,4098,6290,758
0,1445438078,300,6291,758
2,1445438578,4102,6291,758
3,1445439357,4101,6291,758
0,1441801869,14603,6298,759
5,1441802416,15109,6298,759
8,1441802970,18843,6298,759
10,1441803280,2876,6298,759
3,1443433333,245,6302,759
4,1443433420,2969,6302,759
6,1443433544,18836,6302,759
7,1443433644,1789,6302,759
1,1443602114,4191,6303,759
2,1443602227,4199,6303,759
3,1443602253,5596,6303,759
4,1443602283,9900,6303,759
7,1443603091,280,6303,759
8,1443603154,1301,6303,759
10,1443603403,17529,6303,759
0,1440491005,90,6340,765
1,1440491022,12920,6340,765
4,1440491189,12909,6340,765
5,1440491196,12900,6340,765
7,1440491347,9,6340,765
2,1441635353,5047,6341,765
3,1441635452,17903,6341,765
4,1441635472,6104,6341,765
5,1441635480,15110,6341,765
6,1441635513,1426,6341,765
0,1441693287,15117,6342,765
3,1441693334,10753,6342,765
4,1441693360,1427,6342,765
6,1441693415,168,6342,765
9,1441693580,12908,6342,765
10,1441693699,10754,6342,765
11,1441693761,18018,6342,765
12,1441693781,14989,6342,765
0,1442326775,220,6345,765
2,1442326804,15117,6345,765
3,1442326816,12207,6345,765
4,1442326853,12217,6345,765
7,1442326953,92,6345,765
8,1442327032,4855,6345,765
10,1442327119,18925,6345,765
11,1442327252,1433,6345,765
12,1442327321,6099,6345,765
13,1442327343,1432,6345,765
14,1442327389,5039,6345,765
15,1442327429,5047,6345,765
16,1442327489,10753,6345,765
17,1442327536,17903,6345,765
2,1442579498,12207,6346,765
3,1442579511,12217,6346,765
4,1442579522,6104,6346,765
0,1443177399,18927,6347,765
1,1443177404,14995,6347,765
3,1443177558,8618,6347,765
4,1443177624,15118,6347,765
0,1443180817,18929,6348,765
2,1443180877,12213,6348,765
6,1443180997,220,6348,765
7,1443181005,18027,6348,765
0,1443196285,12220,6349,765
1,1443196316,12215,6349,765
2,1443196337,18027,6349,765
0,1443440086,8481,6350,765
1,1443440123,5102,6350,765
2,1443440170,17446,6350,765
3,1443440198,92,6350,765
5,1443440314,5085,6350,765
6,1443440340,5039,6350,765
7,1443440363,1426,6350,765
8,1443440384,5047,6350,765
0,1443519814,6102,6351,765
1,1443519842,12217,6351,765
2,1443519937,12900,6351,765
3,1443520230,18027,6351,765
2,1443613566,10757,6352,765
3,1443613610,8481,6352,765
5,1443613665,5102,6352,765
6,1443613727,3954,6352,765
7,1443613737,17446,6352,765
8,1443613854,92,6352,765
9,1443613867,220,6352,765
11,1443614026,18932,6352,765
12,1443614065,15118,6352,765
13,1443614081,6101,6352,765
14,1443614107,1426,6352,765
15,1443614248,4482,6352,765
16,1443614378,26,6352,765
3,1443684651,18935,6353,765
5,1443684842,18932,6353,765
6,1443685034,15118,6353,765
7,1443685091,5085,6353,765
8,1443685126,6102,6353,765
9,1443685207,12971,6353,765
10,1443685260,17896,6353,765
11,1443685349,18027,6353,765
12,1443685584,18936,6353,765
14,1443685697,5606,6353,765
2,1444064627,12971,6354,765
4,1444064712,12963,6354,765
5,1444064774,18936,6354,765
9,1444065053,6004,6354,765
0,1444835014,10758,6357,765
4,1444835229,4133,6357,765
5,1444835430,5995,6357,765
6,1444835491,17214,6357,765
7,1444835507,5103,6357,765
11,1444835814,3834,6357,765
14,1444836041,8481,6357,765
0,1443367552,4067,6376,768
1,1443367734,4070,6376,768
2,1443368096,4069,6376,768
3,1443368511,4068,6376,768
0,1444500051,4074,6377,768
1,1444500286,4073,6377,768
2,1444500308,4077,6377,768
3,1444500421,3956,6377,768
4,1444500540,4080,6377,768
5,1444500558,4075,6377,768
6,1444500624,4082,6377,768
7,1444500972,4071,6377,768
8,1444501076,4078,6377,768
9,1444501123,4072,6377,768
10,1444501317,4076,6377,768
11,1444501333,1212,6377,768
12,1444501391,4079,6377,768
0,1444648826,4092,6378,768
1,1444649212,4085,6378,768
2,1444649264,4087,6378,768
3,1444649380,4095,6378,768
4,1444649399,4084,6378,768
7,1444649476,4094,6378,768
9,1444649714,6508,6378,768
10,1444649716,4089,6378,768
11,1444649832,4086,6378,768
12,1444649908,4083,6378,768
13,1444649954,4091,6378,768
14,1444650015,4093,6378,768
15,1444650326,4096,6378,768
17,1444650449,4097,6378,768
18,1444650506,4088,6378,768
0,1444650723,4090,6378,768
1,1444652304,8061,6378,768
0,1445020868,4098,6379,768
1,1445020870,3646,6379,768
2,1445020904,4099,6379,768
1,1442155932,19100,6440,773
3,1442155990,552,6440,773
4,1442156008,3378,6440,773
0,1442680899,4164,6441,773
3,1442681049,5657,6441,773
4,1442681063,552,6441,773
5,1442681081,19104,6441,773
8,1442681196,3378,6441,773
9,1442681217,19100,6441,773
0,1442862769,4164,6442,773
3,1442862827,5657,6442,773
5,1442862838,552,6442,773
10,1442862908,19104,6442,773
16,1442862992,19100,6442,773
19,1442863007,3378,6442,773
1,1442863106,1021,6442,773
3,1442863172,6731,6442,773
0,1443540296,4069,6464,776
1,1443540534,4070,6464,776
2,1443540952,4067,6464,776
3,1443541011,4068,6464,776
0,1444672851,4074,6465,776
1,1444673172,4071,6465,776
2,1444673233,1212,6465,776
3,1444673276,4078,6465,776
4,1444673708,4077,6465,776
5,1444673719,4081,6465,776
6,1444673821,3956,6465,776
7,1444673958,4075,6465,776
8,1444673986,4073,6465,776
9,1444674223,4072,6465,776
10,1444674240,4080,6465,776
11,1444674417,4076,6465,776
12,1444674491,4079,6465,776
0,1444821808,4083,6466,776
1,1444821854,4091,6466,776
2,1444822180,4095,6466,776
5,1444822349,4097,6466,776
6,1444822406,4088,6466,776
7,1444822514,6508,6466,776
10,1444822632,4086,6466,776
11,1444822799,4084,6466,776
12,1444822815,4093,6466,776
13,1444822912,4085,6466,776
14,1444822964,4087,6466,776
15,1444823143,4096,6466,776
16,1444823176,4094,6466,776
18,1444823416,4089,6466,776
19,1444823456,4090,6466,776
0,1445193668,4098,6467,776
1,1445193687,3646,6467,776
2,1445194251,4100,6467,776
3,1445194304,4099,6467,776
1,1445438457,4101,6468,776
2,1445438528,4102,6468,776
3,1445438978,300,6468,776
2,1440485220,13432,6489,780
3,1440485235,4729,6489,780
7,1440485302,3980,6489,780
0,1440487876,19206,6490,780
2,1440489416,15916,6490,780
7,1440491272,8986,6490,780
0,1441865493,19217,6495,780
4,1441867361,96,6495,780
7,1441867777,95,6495,780
0,1442304396,172,6607,793
1,1442304443,13718,6607,793
2,1442304459,3034,6607,793
0,1443195325,13718,6608,793
1,1443195355,3034,6608,793
2,1443195367,7073,6608,793
7,1443195483,6658,6608,793
0,1444234402,6578,6610,793
3,1444236128,6089,6610,793
7,1444236178,19449,6610,793
3,1440831838,8840,6655,800
5,1440831882,1767,6655,800
7,1440831954,4075,6655,800
8,1440831967,13987,6655,800
11,1440832106,11793,6655,800
14,1440832207,11815,6655,800
0,1442047487,9219,6656,800
1,1442047512,17100,6656,800
3,1442047586,8129,6656,800
4,1442047607,5031,6656,800
5,1442047644,19531,6656,800
0,1442305000,81,6659,800
1,1442305045,9219,6659,800
2,1442305091,546,6659,800
0,1442590326,80,6660,800
1,1442590358,5770,6660,800
2,1442590510,546,6660,800
0,1442597023,80,6661,800
2,1442597761,5770,6661,800
3,1442597836,546,6661,800
4,1442597863,19532,6661,800
5,1442597935,81,6661,800
6,1442597963,9219,6661,800
7,1442597985,17100,6661,800
9,1442598349,5031,6661,800
10,1442598448,19531,6661,800
11,1442598479,13987,6661,800
13,1442598590,15713,6661,800
15,1442598857,69,6661,800
1,1443027941,1310,6662,800
2,1443028089,14803,6662,800
4,1443028203,8005,6662,800
5,1443028232,80,6662,800
7,1443028296,5770,6662,800
8,1443028327,546,6662,800
9,1443028418,19532,6662,800
10,1443028436,81,6662,800
11,1443028458,9219,6662,800
12,1443028511,17100,6662,800
14,1443028580,8129,6662,800
15,1443028640,5031,6662,800
16,1443028672,19531,6662,800
17,1443028686,13987,6662,800
19,1443028712,5219,6662,800
0,1443028726,7265,6662,800
2,1443029277,69,6662,800
1,1443255948,19540,6664,800
2,1443255991,9092,6664,800
3,1443256273,1791,6664,800
5,1443256409,5768,6664,800
1,1443452203,19540,6666,800
2,1443452224,9092,6666,800
5,1443452325,14803,6666,800
7,1443452842,11079,6666,800
1,1443545087,8132,6667,800
4,1443545220,19540,6667,800
7,1443545342,14803,6667,800
8,1443545369,1310,6667,800
1,1443985058,4264,6669,800
2,1443985769,4262,6669,800
3,1443985902,3988,6669,800
4,1443985943,4269,6669,800
5,1443986046,19545,6669,800
7,1443986657,3493,6669,800
8,1443986663,1302,6669,800
9,1443986808,16619,6669,800
10,1443986824,2164,6669,800
11,1443986853,5550,6669,800
12,1443986875,12091,6669,800
13,1443986892,12836,6669,800
16,1443987086,8132,6669,800
1,1444281080,19548,6670,800
6,1444281889,665,6670,800
7,1444281981,4264,6670,800
8,1444282035,4262,6670,800
10,1444282124,3988,6670,800
11,1444282168,4269,6670,800
12,1444282215,19545,6670,800
13,1444282348,16619,6670,800
14,1444282386,2164,6670,800
15,1444282428,5550,6670,800
16,1444282458,12091,6670,800
17,1444282505,12836,6670,800
19,1444282627,8132,6670,800
1,1444282752,19540,6670,800
2,1444282803,9092,6670,800
3,1444405308,19548,6673,800
6,1444405505,19553,6673,800
9,1444407375,19545,6673,800
0,1444477639,19545,6675,800
2,1444478079,681,6675,800
5,1444478214,19548,6675,800
0,1444583429,681,6677,800
4,1444583921,19548,6677,800
7,1444583993,665,6677,800
9,1444584037,4264,6677,800
10,1444584059,4262,6677,800
11,1444584073,3988,6677,800
12,1444584091,4269,6677,800
13,1444584109,19545,6677,800
14,1444584133,16619,6677,800
0,1444931559,5807,6678,800
2,1444932104,19147,6678,800
3,1444932129,4399,6678,800
4,1444932256,5799,6678,800
7,1444933189,5793,6678,800
8,1444933224,681,6678,800
0,1445017264,4399,6679,800
1,1445017540,6390,6679,800
2,1445017546,5807,6679,800
4,1445017990,19147,6679,800
5,1445018021,5799,6679,800
1,1441629661,19618,6700,803
2,1441629784,7903,6700,803
5,1441630083,12450,6700,803
7,1441630641,3518,6700,803
8,1441631434,3544,6700,803
0,1443721876,10252,6702,803
1,1443723279,14327,6702,803
2,1443723336,1304,6702,803
3,1443723354,3481,6702,803
5,1443723613,2170,6702,803
6,1443723663,3540,6702,803
6,1444660371,1620,6703,803
9,1444660799,2349,6703,803
10,1444660919,7134,6703,803
12,1444661319,7133,6703,803
13,1444661635,19627,6703,803
16,1444662317,12466,6703,803
18,1444662744,11199,6703,803
19,1444662808,10262,6703,803
3,1444663044,15239,6703,803
4,1444663136,12469,6703,803
5,1444663249,4695,6703,803
0,1445022879,11304,6704,803
2,1445024002,15255,6704,803
3,1445024147,7696,6704,803
5,1445024309,7276,6704,803
0,1443815431,4732,6728,807
1,1443815521,1304,6728,807
2,1443815567,19673,6728,807
3,1443815598,4729,6728,807
4,1443815618,8563,6728,807
5,1443815638,3046,6728,807
6,1443815715,470,6728,807
7,1443815729,19674,6728,807
8,1443815745,18213,6728,807
9,1443815782,58,6728,807
10,1443815798,5853,6728,807
0,1443818359,19675,6729,807
1,1443818417,6455,6729,807
2,1443818457,15823,6729,807
0,1445232080,3063,6731,807
1,1445232184,150,6731,807
3,1445232221,19677,6731,807
4,1445232273,6552,6731,807
0,1442846261,5269,6758,812
1,1442846371,19708,6758,812
3,1442846600,6185,6758,812
4,1442846718,9900,6758,812
10,1442846909,11823,6758,812
11,1442846914,19710,6758,812
0,1443599639,5269,6759,812
2,1443600395,13847,6759,812
3,1443600518,1046,6759,812
0,1443642360,6468,6760,812
1,1443642369,5663,6760,812
2,1443642395,6185,6760,812
3,1443642411,523,6760,812
4,1443642494,7205,6760,812
6,1443642588,1139,6760,812
9,1443642647,1637,6760,812
10,1443642654,13962,6760,812
11,1443642660,2589,6760,812
14,1443642669,19717,6760,812
15,1443642672,360,6760,812
17,1443642680,3395,6760,812
18,1443642717,12050,6760,812
0,1443949314,3146,6761,812
1,1443949526,7205,6761,812
2,1443949569,6185,6761,812
4,1443949738,26,6761,812
0,1443540111,4068,6838,823
1,1443540952,4067,6838,823
2,1443541196,4069,6838,823
3,1443541434,4070,6838,823
0,1444672851,4074,6839,823
1,1444672872,4071,6839,823
2,1444673108,4077,6839,823
3,1444673233,1212,6839,823
4,1444673291,4079,6839,823
5,1444673358,4075,6839,823
6,1444673424,4082,6839,823
7,1444673517,4076,6839,823
8,1444673821,3956,6839,823
9,1444673986,4073,6839,823
10,1444674176,4078,6839,823
11,1444674223,4072,6839,823
12,1444674540,4080,6839,823
0,1444821626,4092,6840,823
1,1444821764,4087,6840,823
2,1444821854,4091,6840,823
3,1444821915,4093,6840,823
4,1444822032,4086,6840,823
5,1444822049,4097,6840,823
6,1444822312,4085,6840,823
8,1444822406,4088,6840,823
9,1444822514,6508,6840,823
12,1444822556,4090,6840,823
13,1444822708,4083,6840,823
14,1444823080,4095,6840,823
16,1444823099,4084,6840,823
18,1444823176,4094,6840,823
19,1444823416,4089,6840,823
0,1444823426,4096,6840,823
1,1444825104,8061,6840,823
0,1445193670,3646,6841,823
1,1445194568,4098,6841,823
2,1445194604,4099,6841,823
0,1440526621,6912,6953,841
1,1440526753,6906,6953,841
2,1440526885,6911,6953,841
3,1440526984,5312,6953,841
4,1440527013,6907,6953,841
5,1440527152,6910,6953,841
6,1440527349,6914,6953,841
7,1440527367,6909,6953,841
8,1440527833,3008,6953,841
9,1440527941,6908,6953,841
10,1440528291,6669,6953,841
11,1440528444,6915,6953,841
0,1445857003,6919,6954,841
1,1445857147,6916,6954,841
2,1445857152,6917,6954,841
3,1445857839,6918,6954,841
0,1445860731,6922,6955,841
1,1445861276,6916,6955,841
2,1445861381,6920,6955,841
3,1445861737,6921,6955,841
0,1442344826,11728,6986,846
1,1442345042,1640,6986,846
2,1442345236,2853,6986,846
0,1443022931,20236,6987,846
1,1443023032,12246,6987,846
2,1443023065,1640,6987,846
6,1443023929,5304,6987,846
8,1443024096,11065,6987,846
9,1443025100,20240,6987,846
0,1443204659,3046,6988,846
1,1443205382,10500,6988,846
2,1443205841,20241,6988,846
0,1443981381,243,6989,846
1,1443981411,12246,6989,846
2,1443981467,17897,6989,846
3,1443981550,1646,6989,846
0,1444669660,243,6990,846
1,1444669780,10664,6990,846
2,1444669879,11065,6990,846
3,1444669928,15,6990,846
0,1440401473,2990,7025,852
1,1440401528,2987,7025,852
2,1440401582,3963,7025,852
0,1442483392,3027,7026,852
1,1442483444,3030,7026,852
2,1442483486,5678,7026,852
0,1442996960,3027,7027,852
1,1442996996,1304,7027,852
2,1442997042,9,7027,852
3,1442997117,11,7027,852
4,1442997183,18275,7027,852
5,1442997307,941,7027,852
6,1442997332,6271,7027,852
0,1443434891,941,7028,852
1,1443434927,7279,7028,852
2,1443434955,9,7028,852
0,1440080615,20390,7062,857
1,1440080646,3016,7062,857
6,1440080890,2568,7062,857
1,1440593097,20392,7063,857
2,1440593148,2563,7063,857
4,1440593256,3975,7063,857
5,1440593336,7640,7063,857
0,1444045763,2276,7064,857
1,1444045794,9900,7064,857
2,1444045875,15917,7064,857
7,1440429254,1009,7092,862
8,1440430820,1005,7092,862
12,1440431156,20445,7092,862
1,1441105175,1003,7094,862
5,1441106012,1689,7094,862
9,1441106407,20452,7094,862
14,1441106698,12314,7094,862
1,1442200989,3371,7097,862
4,1442201125,12008,7097,862
6,1442201206,1050,7097,862
7,1442201279,13994,7097,862
0,1442209615,1009,7098,862
2,1442210402,3432,7098,862
3,1442210500,5437,7098,862
4,1442210539,20452,7098,862
2,1442296337,1023,7099,862
4,1442296394,3378,7099,862
6,1442296489,2982,7099,862
4,1442556870,3384,7100,862
5,1442556957,13,7100,862
7,1442557271,7768,7100,862
0,1442892346,12403,7102,862
2,1442892485,3413,7102,862
5,1442892741,1037,7102,862
2,1443152687,3371,7105,862
7,1443153795,1023,7105,862
9,1443153816,282,7105,862
10,1443153820,10946,7105,862
0,1443520502,7753,7107,862
1,1443520550,282,7107,862
3,1443520600,3371,7107,862
0,1443678056,1999,7108,862
2,1443678094,13847,7108,862
3,1443678621,20452,7108,862
5,1443678673,1050,7108,862
2,1441302446,126,7210,872
3,1441302658,6872,7210,872
7,1441303230,20668,7210,872
13,1441303845,16644,7210,872
15,1441304229,4672,7210,872
16,1441304365,7,7210,872
17,1441304576,3457,7210,872
18,1441304599,17606,7210,872
19,1441304718,7640,7210,872
4,1441305092,3467,7210,872
6,1441305364,5405,7210,872
7,1441305510,10771,7210,872
0,1442046172,165,7211,872
2,1442046264,6859,7211,872
4,1442046347,5540,7211,872
5,1442046436,20676,7211,872
6,1442046489,6185,7211,872
8,1442046648,4672,7211,872
0,1444853253,126,7212,872
1,1444853253,3457,7212,872
2,1444853253,5540,7212,872
4,1444853286,4672,7212,872
5,1444853310,165,7212,872
6,1444853323,10829,7212,872
0,1440698676,13987,7286,884
1,1440698762,11815,7286,884
2,1440698767,15713,7286,884
3,1440698840,5219,7286,884
1,1440747544,19710,7287,884
2,1440747786,18835,7287,884
5,1440748204,20822,7287,884
1,1441208568,5524,7290,884
4,1441208732,14593,7290,884
6,1441208922,20822,7290,884
12,1441210423,13987,7290,884
13,1441210428,20831,7290,884
1,1441632708,8984,7295,884
3,1441633033,15713,7295,884
5,1441633049,11815,7295,884
9,1441633332,5348,7295,884
16,1441634839,2876,7295,884
17,1441634857,20860,7295,884
18,1441634861,18486,7295,884
1,1441826519,8984,7296,884
2,1441826527,8129,7296,884
3,1441826551,7868,7296,884
5,1442495375,546,7299,884
8,1442495652,1778,7299,884
9,1442495720,1779,7299,884
10,1442495791,8107,7299,884
0,1442691406,4929,7300,884
1,1442691413,9303,7300,884
2,1442691433,80,7300,884
3,1442691959,4199,7300,884
0,1442836549,10090,7302,884
4,1442837408,20877,7302,884
6,1442837662,4199,7302,884
0,1442998665,20882,7304,884
1,1442998914,7120,7304,884
2,1442998951,13853,7304,884
4,1442998967,8364,7304,884
1,1443622189,5550,7307,884
2,1443622199,12091,7307,884
4,1443622233,6313,7307,884
6,1443622637,18858,7307,884
1,1443253435,20983,7349,890
3,1443253452,20985,7349,890
5,1443253462,20986,7349,890
7,1443253787,20987,7349,890
9,1443253854,20988,7349,890
10,1443253924,6401,7349,890
1,1443448784,20985,7350,890
3,1443448797,20983,7350,890
7,1443448928,20987,7350,890
10,1443449407,20988,7350,890
14,1443449485,20986,7350,890
1,1443685515,20983,7351,890
3,1443685534,20987,7351,890
5,1443685544,20985,7351,890
7,1443685556,20986,7351,890
11,1443685617,20988,7351,890
1,1443855394,20987,7352,890
3,1443855664,20986,7352,890
7,1443855851,20985,7352,890
1,1443877645,20988,7353,890
3,1443877716,20985,7353,890
5,1443877731,20983,7353,890
1,1443979846,20988,7354,890
3,1443979911,20985,7354,890
5,1443979936,20987,7354,890
1,1444047344,20986,7355,890
3,1444047358,20987,7355,890
5,1444047367,20983,7355,890
8,1444047391,20988,7355,890
1,1444073970,20987,7356,890
3,1444073981,20983,7356,890
5,1444073992,20986,7356,890
9,1444074066,20988,7356,890
1,1444153315,20987,7357,890
3,1444153328,20985,7357,890
5,1444153353,20983,7357,890
7,1444153364,20986,7357,890
9,1444153373,20988,7357,890
1,1444201002,20985,7358,890
3,1444201017,20987,7358,890
5,1444201033,20983,7358,890
6,1444201043,20986,7358,890
7,1444201051,20988,7358,890
1,1444316333,20985,7360,890
3,1444316343,20983,7360,890
5,1444316353,20986,7360,890
7,1444316366,20987,7360,890
1,1444332016,20988,7361,890
4,1444332031,20986,7361,890
6,1444332040,20983,7361,890
8,1444332082,20987,7361,890
1,1444378388,20987,7362,890
3,1444378401,20985,7362,890
5,1444378429,20983,7362,890
7,1444378438,20986,7362,890
9,1444378459,20988,7362,890
1,1444408645,20986,7363,890
3,1444409033,20987,7363,890
5,1444409052,20983,7363,890
7,1444409071,20985,7363,890
1,1444596499,20985,7366,890
3,1444596513,20983,7366,890
5,1444596522,20986,7366,890
9,1444596538,20988,7366,890
1,1444634772,20985,7367,890
3,1444634993,20987,7367,890
5,1444635006,20983,7367,890
7,1444635014,20986,7367,890
10,1444635042,20988,7367,890
1,1444727890,20987,7369,890
3,1444727899,20985,7369,890
4,1444727906,20983,7369,890
6,1444727917,20986,7369,890
8,1444727934,20988,7369,890
1,1444745920,20985,7370,890
2,1444745927,20987,7370,890
4,1444745952,20983,7370,890
6,1444745978,20986,7370,890
1,1444915575,20987,7372,890
3,1444915584,20985,7372,890
5,1444915593,20983,7372,890
7,1444915604,20986,7372,890
1,1445016605,20987,7373,890
3,1445016618,20985,7373,890
5,1445016625,20983,7373,890
7,1445016635,20986,7373,890
0,1445076242,20985,7374,890
1,1445076255,20983,7374,890
2,1445076260,20986,7374,890
3,1445251783,20985,7377,890
5,1445251792,20983,7377,890
9,1445251818,20988,7377,890
11,1445251896,20986,7377,890
1,1440948890,9967,7389,891
3,1440948899,1966,7389,891
4,1440948905,1968,7389,891
3,1441301286,9967,7391,891
5,1441301375,1966,7391,891
6,1441301379,1968,7391,891
2,1441464339,6124,7392,891
5,1441464438,9967,7392,891
6,1441464587,1969,7392,891
0,1442041776,4128,7393,891
1,1442041778,1304,7393,891
4,1442043264,1969,7393,891
0,1442732972,1979,7395,891
2,1442733007,16290,7395,891
7,1442733123,1973,7395,891
8,1442733126,6074,7395,891
9,1442733140,246,7395,891
12,1442733164,6124,7395,891
14,1442733190,6126,7395,891
0,1442766350,8990,7396,891
1,1442766352,21010,7396,891
3,1442766365,16955,7396,891
4,1442766378,17392,7396,891
11,1442767256,243,7396,891
12,1442767543,1979,7396,891
0,1443368793,10940,7397,891
1,1443368842,1989,7397,891
3,1443368886,16285,7397,891
5,1443368928,1994,7397,891
7,1443369779,13776,7397,891
8,1443369807,9081,7397,891
0,1441116308,3467,7441,899
1,1441116379,7310,7441,899
4,1441116628,7640,7441,899
5,1441116750,4587,7441,899
0,1441650988,3467,7442,899
1,1441651009,5405,7442,899
3,1441651068,528,7442,899
4,1441651103,2587,7442,899
9,1441651404,2297,7442,899
10,1441651421,3703,7442,899
11,1441651447,7312,7442,899
12,1441651467,1140,7442,899
14,1441651562,21114,7442,899
15,1441651639,10771,7442,899
16,1441651726,21115,7442,899
0,1442068719,165,7443,899
1,1442068769,7312,7443,899
2,1442068792,1304,7443,899
3,1442068912,3972,7443,899
4,1442069008,7,7443,899
5,1442069086,2170,7443,899
6,1442069130,4676,7443,899
0,1441794156,2965,7485,905
1,1441794214,11236,7485,905
2,1441795512,172,7485,905
3,1441795526,43,7485,905
4,1441795535,5295,7485,905
5,1441795557,3030,7485,905
6,1441795565,2988,7485,905
0,1442216739,34,7486,905
1,1442216751,3030,7486,905
2,1442216784,92,7486,905
0,1443179962,1304,7487,905
1,1443180011,92,7487,905
2,1443180046,3053,7487,905
3,1443180061,3030,7487,905
0,1443505988,3030,7488,905
2,1443506023,34,7488,905
3,1443506031,1304,7488,905
4,1443506099,92,7488,905
0,1440526753,6906,7511,909
1,1440527452,6910,7511,909
2,1440527485,6911,7511,909
3,1440527521,6912,7511,909
4,1440527533,3008,7511,909
5,1440527544,6915,7511,909
6,1440527584,5312,7511,909
7,1440527613,6907,7511,909
8,1440527949,6914,7511,909
9,1440527967,6909,7511,909
0,1445856994,6917,7512,909
1,1445857074,6916,7512,909
2,1445857839,6918,7512,909
0,1445860705,6916,7513,909
1,1445860731,6922,7513,909
2,1445861437,6921,7513,909
3,1445861681,6920,7513,909
1,1441961485,14115,7573,919
2,1441961487,2484,7573,919
3,1441961827,12670,7573,919
4,1441962102,2446,7573,919
0,1442228213,12670,7574,919
1,1442228222,14115,7574,919
2,1442228260,15424,7574,919
3,1442228267,2484,7574,919
5,1442228284,5547,7574,919
6,1442228291,2670,7574,919
0,1444050719,15896,7575,919
1,1444050721,2670,7575,919
3,1444050731,3961,7575,919
4,1444050828,6696,7575,919
7,1444050838,6285,7575,919
8,1444050841,14434,7575,919
0,1444474400,6351,7578,919
4,1444474570,12304,7578,919
6,1444475719,6696,7578,919
7,1444475726,19838,7578,919
0,1441527008,5405,7680,933
1,1441527038,7640,7680,933
3,1441527130,3969,7680,933
4,1441527138,21535,7680,933
7,1441527316,3972,7680,933
12,1441527462,21539,7680,933
1,1441536386,2587,7681,933
2,1441536432,6859,7681,933
3,1441536470,21542,7681,933
2,1441686273,8800,7682,933
3,1441686298,7640,7682,933
4,1441686363,21535,7682,933
6,1441686504,8782,7682,933
9,1441686651,5405,7682,933
10,1441686666,165,7682,933
11,1441686683,126,7682,933
12,1441686841,7190,7682,933
0,1441803087,3688,7683,933
1,1441803100,7640,7683,933
3,1441803155,3972,7683,933
4,1441803191,165,7683,933
0,1442130887,7308,7684,933
1,1442130921,165,7684,933
2,1442130990,5687,7684,933
4,1442131169,8790,7684,933
0,1442391433,7308,7685,933
1,1442391507,21146,7685,933
2,1442391700,19075,7685,933
0,1442838252,2302,7686,933
2,1442838383,2926,7686,933
3,1442838419,7308,7686,933
0,1440270315,8966,7761,944
1,1440270331,6139,7761,944
3,1440270398,1815,7761,944
4,1440270440,3584,7761,944
0,1441722871,9249,7763,944
1,1441722874,8344,7763,944
4,1441722957,14326,7763,944
7,1441723002,8011,7763,944
9,1441723027,1944,7763,944
0,1443535798,12723,7765,944
1,1443535804,6285,7765,944
2,1443535807,2484,7765,944
3,1443535816,3767,7765,944
4,1443535819,4410,7765,944
6,1443535826,2437,7765,944
8,1443535833,7177,7765,944
10,1443536232,7649,7765,944
0,1443851150,21691,7766,944
2,1443851312,3605,7766,944
3,1443851321,3638,7766,944
4,1443851324,7649,7766,944
5,1443851328,7651,7766,944
6,1443851335,7668,7766,944
1,1444165983,19545,7768,944
2,1444165991,3647,7768,944
3,1444166009,1620,7768,944
4,1444166014,7130,7768,944
7,1444166033,1048,7768,944
14,1444166353,15153,7768,944
16,1444166411,20189,7768,944
0,1444166436,725,7768,944
1,1444166450,10252,7768,944
3,1444166575,7573,7768,944
2,1444266421,4261,7769,944
4,1444266448,9414,7769,944
7,1444266477,5789,7769,944
8,1444266486,9094,7769,944
10,1444267164,3628,7769,944
12,1444267181,8761,7769,944
14,1444267189,7644,7769,944
15,1444268420,4414,7769,944
0,1444372785,122,7770,944
1,1444372788,1400,7770,944
2,1444372804,2354,7770,944
3,1444372826,2452,7770,944
0,1445508860,4419,7772,944
1,1445508863,2349,7772,944
2,1445508866,689,7772,944
0,1443670190,10615,7805,949
1,1443670358,6294,7805,949
2,1443670409,21744,7805,949
0,1444114574,10615,7807,949
1,1444114911,3647,7807,949
2,1444115789,6294,7807,949
0,1444197736,10615,7808,949
1,1444197855,6294,7808,949
2,1444198112,20189,7808,949
0,1444813873,8193,7809,949
1,1444813989,1251,7809,949
2,1444814048,20189,7809,949
1,1441963451,7248,7939,965
2,1441963462,14016,7939,965
4,1441963668,1007,7939,965
0,1442293812,5561,7942,965
1,1442293817,22050,7942,965
4,1442294027,12673,7942,965
2,1443629814,1669,7949,965
5,1443630846,5563,7949,965
6,1443630855,13847,7949,965
7,1443630886,1671,7949,965
8,1443631009,8871,7949,965
10,1443631043,10023,7949,965
2,1444219379,613,7951,965
4,1444219436,14099,7951,965
8,1444219705,9315,7951,965
1,1444292966,1047,7952,965
2,1444292979,22070,7952,965
3,1444292996,613,7952,965
5,1444293054,14099,7952,965
6,1444293139,5563,7952,965
0,1445592906,22078,7957,965
4,1445593498,11251,7957,965
7,1445596126,6619,7957,965
4,1445944867,10023,7958,965
5,1445944871,1630,7958,965
11,1445945924,22078,7958,965
0,1443540052,4067,8080,984
1,1443540411,4068,8080,984
2,1443540534,4070,8080,984
0,1444672851,4074,8081,984
1,1444672872,4071,8081,984
2,1444672921,3956,8081,984
3,1444673108,4077,8081,984
4,1444673386,4073,8081,984
5,1444673719,4081,8081,984
6,1444673833,1212,8081,984
7,1444673876,4078,8081,984
8,1444674117,4076,8081,984
9,1444674191,4079,8081,984
10,1444674258,4075,8081,984
11,1444674540,4080,8081,984
0,1444821732,4086,8082,984
1,1444821854,4091,8082,984
2,1444821880,4095,8082,984
3,1444821976,4094,8082,984
4,1444822012,4085,8082,984
5,1444822049,4097,8082,984
6,1444822064,4087,8082,984
7,1444822108,4083,8082,984
8,1444822215,4093,8082,984
12,1444822406,4088,8082,984
14,1444822543,4096,8082,984
16,1444822799,4084,8082,984
17,1444822814,6508,8082,984
18,1444822826,4092,8082,984
19,1444823223,4090,8082,984
0,1444823384,4089,8082,984
1,1444824204,8061,8082,984
0,1445193368,4098,8083,984
1,1445193404,4099,8083,984
2,1445193670,3646,8083,984
3,1445194251,4100,8083,984
0,1440532370,170,8088,985
2,1440532567,17767,8088,985
3,1440532628,3980,8088,985
4,1440532776,90,8088,985
6,1440532923,1723,8088,985
7,1440533009,12868,8088,985
8,1440533127,3472,8088,985
0,1441044239,17767,8089,985
1,1441044255,1723,8089,985
2,1441044335,3472,8089,985
3,1441044419,12868,8089,985
4,1441044478,17905,8089,985
5,1441044536,12908,8089,985
7,1441044564,12920,8089,985
8,1441044600,12909,8089,985
9,1441044677,12900,8089,985
11,1441045149,11597,8089,985
0,1441783316,3980,8090,985
1,1441783345,19,8090,985
3,1441783419,11597,8090,985
4,1441783480,12521,8090,985
6,1441783858,8619,8090,985
7,1441783972,15110,8090,985
8,1441784021,1723,8090,985
13,1441785181,17903,8090,985
0,1442303943,108,8091,985
1,1442304226,100,8091,985
3,1442304367,3472,8091,985
4,1442304383,1723,8091,985
5,1442304468,8619,8091,985
6,1442304506,17905,8091,985
8,1442304662,17903,8091,985
0,1442343278,3980,8092,985
1,1442343452,8619,8092,985
2,1442343475,15110,8092,985
1,1442861930,8619,8093,985
3,1442862050,17905,8093,985
4,1442862070,1723,8093,985
0,1443004703,10766,8123,988
1,1443005177,14989,8123,988
2,1443005758,17903,8123,988
3,1443005790,8618,8123,988
0,1443261745,1723,8124,988
1,1443261847,4961,8124,988
3,1443261920,12215,8124,988
4,1443261949,8618,8124,988
0,1443356134,5037,8125,988
1,1443356185,18929,8125,988
2,1443356239,17446,8125,988
3,1443356274,12213,8125,988
4,1443356291,8618,8125,988
0,1444047986,17446,8127,988
1,1444048035,12220,8127,988
2,1444048062,17896,8127,988
3,1444048085,12213,8127,988
1,1440681890,1163,8194,999
3,1440681955,21579,8194,999
7,1440684280,2563,8194,999
0,1441175290,6641,8195,999
1,1441175350,1498,8195,999
2,1441175596,3687,8195,999
4,1441175697,11844,8195,999
7,1441175985,2563,8195,999
1,1442821892,1310,8200,999
5,1442822374,8378,8200,999
6,1442822626,14393,8200,999
0,1442912150,22503,8204,999
1,1442913166,2532,8204,999
2,1442913314,7880,8204,999
1,1440836645,9967,8244,1004
2,1440836712,1969,8244,1004
5,1440836831,1966,8244,1004
6,1440836859,6127,8244,1004
7,1440836898,1968,8244,1004
0,1441343052,11515,8245,1004
4,1441343432,6124,8245,1004
6,1441343504,9967,8245,1004
0,1442301057,1979,8246,1004
2,1442301222,16290,8246,1004
3,1442301243,22613,8246,1004
1,1442493302,21010,8248,1004
2,1442493388,1979,8248,1004
6,1442493651,16290,8248,1004
11,1442494617,22620,8248,1004
2,1443425585,10940,8251,1004
3,1443425660,1989,8251,1004
4,1443425699,16285,8251,1004
6,1443425774,13776,8251,1004
0,1444031110,22623,8253,1004
1,1444031165,16293,8253,1004
2,1444031294,22624,8253,1004
1,1444381106,22626,8254,1004
3,1444381210,2004,8254,1004
4,1444381424,22628,8254,1004
5,1445444549,14644,8256,1004
6,1445444855,14647,8256,1004
7,1445445102,22635,8256,1004
9,1445445352,10955,8256,1004
11,1445445446,14649,8256,1004
12,1445445468,14645,8256,1004
0,1444157397,4199,8285,1007
1,1444157476,17068,8285,1007
6,1444157752,9004,8285,1007
1,1444488352,17525,8286,1007
5,1444488558,12834,8286,1007
8,1444488738,11947,8286,1007
9,1444488760,11954,8286,1007
0,1444643288,3146,8287,1007
1,1444643327,14962,8287,1007
3,1444645014,1723,8287,1007
5,1444645065,11954,8287,1007
10,1444645376,18859,8287,1007
11,1444645422,11947,8287,1007
12,1444645452,1311,8287,1007
0,1440497907,2568,8463,1032
2,1440497951,3688,8463,1032
4,1440498059,5651,8463,1032
5,1440498076,3969,8463,1032
0,1442505674,100,8467,1032
3,1442505800,34,8467,1032
4,1442505871,4162,8467,1032
6,1442505974,2926,8467,1032
7,1442506116,5379,8467,1032
8,1442506161,22,8467,1032
9,1442506218,2308,8467,1032
11,1442506310,4469,8467,1032
12,1442506364,1373,8467,1032
2,1442735579,14,8468,1032
3,1442735695,15357,8468,1032
4,1442735759,8782,8468,1032
0,1443363712,3160,8469,1032
1,1443363736,2926,8469,1032
3,1443363841,5389,8469,1032
0,1443629273,6074,8470,1032
1,1443629446,3972,8470,1032
2,1443629463,2926,8470,1032
1,1440791780,5651,8480,1034
2,1440791805,6115,8480,1034
3,1440791929,6658,8480,1034
0,1442422079,3038,8482,1034
1,1442422185,41,8482,1034
2,1442422204,3029,8482,1034
3,1442422270,11236,8482,1034
4,1442422427,6658,8482,1034
5,1442422609,5304,8482,1034
6,1442422649,11515,8482,1034
7,1442422719,2147,8482,1034
8,1442422782,4417,8482,1034
11,1442423398,8563,8482,1034
13,1442424178,43,8482,1034
16,1442424989,23033,8482,1034
2,1442425964,16022,8482,1034
5,1442426518,23038,8482,1034
6,1442426756,9519,8482,1034
0,1443167899,11520,8483,1034
1,1443167940,3038,8483,1034
4,1443168441,3053,8483,1034
0,1444376779,23090,8507,1037
1,1444376800,8944,8507,1037
2,1444377773,1163,8507,1037
0,1444383067,1163,8508,1037
1,1444383217,8944,8508,1037
2,1444383471,1135,8508,1037
3,1444384295,23090,8508,1037
1,1444721161,1163,8511,1037
2,1444721241,23090,8511,1037
3,1444721821,8944,8511,1037
0,1444747664,23090,8514,1037
2,1444747674,8944,8514,1037
3,1444747682,1163,8514,1037
4,1444747684,1135,8514,1037
5,1444747686,2638,8514,1037
0,1444813346,1163,8515,1037
1,1444813350,1723,8515,1037
2,1444813356,23090,8515,1037
3,1444813359,14186,8515,1037
4,1444813361,8944,8515,1037
5,1444813823,5763,8515,1037
0,1444894409,322,8516,1037
1,1444894417,23090,8516,1037
2,1444894558,1081,8516,1037
3,1444895465,14186,8516,1037
4,1444895468,8944,8516,1037
5,1444895471,5763,8516,1037
6,1444895475,1405,8516,1037
7,1444895477,11399,8516,1037
8,1444896375,11414,8516,1037
9,1444896378,1135,8516,1037
13,1444896392,11961,8516,1037
15,1444896399,10369,8516,1037
0,1444900317,322,8517,1037
1,1444900322,14186,8517,1037
2,1444900325,8944,8517,1037
0,1441191387,3588,8581,1047
1,1441191470,632,8581,1047
2,1441191535,2563,8581,1047
3,1441191680,23242,8581,1047
0,1441351993,1815,8582,1047
1,1441352308,2424,8582,1047
2,1441352343,874,8582,1047
6,1441352417,652,8582,1047
8,1441352509,8127,8582,1047
0,1441609884,2424,8583,1047
1,1441609901,1632,8583,1047
2,1441609913,8343,8583,1047
0,1442495743,81,8584,1047
1,1442495857,2813,8584,1047
3,1442496027,652,8584,1047
4,1442496122,8986,8584,1047
5,1442496241,13805,8584,1047
7,1442496297,2596,8584,1047
8,1442496415,23247,8584,1047
10,1442496467,1373,8584,1047
0,1443874681,17574,8585,1047
1,1443874702,1304,8585,1047
2,1443874714,8977,8585,1047
3,1443874735,17856,8585,1047
4,1443874751,23248,8585,1047
5,1443874783,23249,8585,1047
1,1444036906,8977,8586,1047
2,1444036942,23248,8586,1047
3,1444036968,17856,8586,1047
4,1444036999,8,8586,1047
0,1444663624,13805,8587,1047
1,1444663791,8977,8587,1047
2,1444663802,23248,8587,1047
3,1444663835,5426,8587,1047
4,1444663852,23249,8587,1047
5,1444663998,9222,8587,1047
7,1444664081,1320,8587,1047
8,1444664130,4412,8587,1047
0,1445096092,5426,8588,1047
2,1445096225,4412,8588,1047
4,1445096282,3648,8588,1047
0,1445498241,8977,8589,1047
1,1445498268,9222,8589,1047
2,1445498319,23252,8589,1047
3,1445498427,11200,8589,1047
4,1445498439,8970,8589,1047
6,1445498604,4071,8589,1047
0,1443153345,1223,8617,1052
1,1443153399,19,8617,1052
2,1443153427,273,8617,1052
0,1443532979,7190,8618,1052
1,1443533038,273,8618,1052
3,1443533188,8986,8618,1052
4,1443533219,8343,8618,1052
5,1443533240,528,8618,1052
1,1444388739,10214,8619,1052
2,1444388749,4281,8619,1052
4,1444388865,8,8619,1052
0,1445353671,8977,8620,1052
1,1445353778,3648,8620,1052
2,1445353822,5689,8620,1052
3,1445353842,4412,8620,1052
4,1445354257,933,8620,1052
0,1445410690,12844,8621,1052
1,1445410761,20327,8621,1052
2,1445410787,5402,8621,1052
3,1445410914,21588,8621,1052
6,1445410979,4479,8621,1052
7,1445411002,8132,8621,1052
8,1445411030,23309,8621,1052
0,1445415248,3059,8622,1052
2,1445415512,3717,8622,1052
4,1445415726,122,8622,1052
5,1445415746,11654,8622,1052
6,1445415786,3985,8622,1052
7,1445415829,14803,8622,1052
9,1445415867,730,8622,1052
0,1441699455,125,8665,1058
2,1441699574,1944,8665,1058
3,1441699631,2297,8665,1058
0,1442479053,3956,8666,1058
1,1442479168,1491,8666,1058
3,1442479275,122,8666,1058
4,1442479328,100,8666,1058
6,1442479482,1009,8666,1058
0,1442819666,1304,8667,1058
1,1442819779,7668,8667,1058
3,1442819853,132,8667,1058
2,1440489456,3526,8705,1064
7,1440489633,3467,8705,1064
12,1440489866,4405,8705,1064
18,1440490722,629,8705,1064
0,1441695175,19017,8707,1064
1,1441695181,4410,8707,1064
2,1441695315,23497,8707,1064
1,1442900697,386,8709,1064
2,1442900904,7274,8709,1064
4,1442901070,16592,8709,1064
2,1442696587,2450,8899,1088
4,1442696720,10614,8899,1088
6,1442696859,10514,8899,1088
7,1442696916,23804,8899,1088
8,1442697109,5766,8899,1088
1,1442811421,23806,8901,1088
2,1442811494,4191,8901,1088
5,1442811743,1949,8901,1088
8,1442812027,9275,8901,1088
8,1443012188,9306,8903,1088
9,1443012223,10514,8903,1088
11,1443012257,10710,8903,1088
12,1443012278,8836,8903,1088
13,1443012291,23819,8903,1088
1,1443471612,14038,8905,1088
2,1443471700,9141,8905,1088
3,1443471752,5883,8905,1088
0,1443866952,3767,8907,1088
3,1443867228,10520,8907,1088
7,1443867957,10547,8907,1088
0,1440441274,2999,8914,1089
1,1440441364,3688,8914,1089
2,1440441374,3968,8914,1089
5,1440441523,2986,8914,1089
7,1440441637,11235,8914,1089
8,1440441666,3016,8914,1089
9,1440441708,2990,8914,1089
10,1440441722,172,8914,1089
0,1441944810,3026,8915,1089
1,1441944843,933,8915,1089
2,1441944873,91,8915,1089
6,1441944953,172,8915,1089
7,1441945012,941,8915,1089
0,1442491474,1304,8916,1089
1,1442491487,91,8916,1089
2,1442491511,8,8916,1089
3,1442491536,50,8916,1089
4,1442491556,3027,8916,1089
0,1443188572,1304,8917,1089
1,1443188592,13718,8917,1089
3,1443188679,3983,8917,1089
0,1444117647,1320,8918,1089
1,1444117848,2276,8918,1089
3,1444119107,3178,8918,1089
4,1444119144,1513,8918,1089
2,1440781586,1966,8923,1090
3,1440781614,10916,8923,1090
4,1440781625,1969,8923,1090
0,1441532311,247,8925,1090
2,1441532322,6124,8925,1090
5,1441532815,1973,8925,1090
2,1442737247,21010,8928,1090
3,1442737269,1979,8928,1090
4,1442737294,4199,8928,1090
0,1443420164,1994,8929,1090
2,1443420260,1989,8929,1090
5,1443420735,1981,8929,1090
7,1443420883,2906,8929,1090
0,1444586708,4077,9048,1109
1,1444586751,4074,9048,1109
2,1444586923,4072,9048,1109
3,1444586958,4075,9048,1109
4,1444586986,4073,9048,1109
5,1444587019,4081,9048,1109
6,1444587024,4082,9048,1109
7,1444587240,4080,9048,1109
8,1444587433,1212,9048,1109
9,1444587476,4078,9048,1109
10,1444587721,3956,9048,1109
11,1444587791,4079,9048,1109
12,1444588017,4076,9048,1109
0,1444735154,4091,9049,1109
1,1444735214,6508,9049,1109
2,1444735526,4092,9049,1109
3,1444735780,4095,9049,1109
5,1444735799,4084,9049,1109
6,1444735815,4093,9049,1109
7,1444735912,4085,9049,1109
9,1444736232,4086,9049,1109
10,1444736564,4087,9049,1109
11,1444736608,4083,9049,1109
13,1444736743,4096,9049,1109
15,1444736906,4088,9049,1109
16,1444737016,4089,9049,1109
17,1444737123,4090,9049,1109
0,1445106951,4100,9050,1109
1,1445106970,3646,9050,1109
2,1445107268,4098,9050,1109
1,1445351878,4102,9051,1109
2,1445352057,4101,9051,1109
3,1445352878,300,9051,1109
0,1441082115,3035,9088,1114
1,1441082120,5678,9088,1114
2,1441082132,3983,9088,1114
3,1441082143,5405,9088,1114
4,1441082171,11107,9088,1114
4,1441260531,23,9090,1114
5,1441260538,5031,9090,1114
6,1441260548,14186,9090,1114
8,1441260635,941,9090,1114
0,1441345526,8219,9091,1114
2,1441345574,3017,9091,1114
7,1441345774,17418,9091,1114
0,1441568244,2574,9092,1114
2,1441568399,10341,9092,1114
3,1441568464,941,9092,1114
1,1441598132,5666,9093,1114
4,1441598151,12230,9093,1114
5,1441598165,4676,9093,1114
0,1441685865,2852,9094,1114
1,1441685901,5668,9094,1114
2,1441685905,13962,9094,1114
4,1441686090,165,9094,1114
5,1441686129,15350,9094,1114
1,1441780269,8790,9095,1114
2,1441780315,2308,9095,1114
3,1441780351,1491,9095,1114
0,1442123548,93,9097,1114
1,1442123551,5685,9097,1114
2,1442123553,11,9097,1114
4,1442123769,17429,9097,1114
2,1442376668,17854,9099,1114
3,1442376698,22,9099,1114
4,1442376717,5547,9099,1114
1,1442574375,941,9100,1114
2,1442574396,3032,9100,1114
6,1442574780,4162,9100,1114
7,1442574853,5726,9100,1114
13,1442575243,2276,9100,1114
1,1442674168,3032,9101,1114
2,1442674446,5726,9101,1114
3,1442674455,2276,9101,1114
0,1443167808,3031,9104,1114
1,1443167855,11,9104,1114
2,1443167865,6185,9104,1114
3,1443167868,16322,9104,1114
0,1443292684,474,9105,1114
1,1443292687,12957,9105,1114
2,1443292690,28,9105,1114
4,1443292708,1314,9105,1114
6,1443292737,10,9105,1114
1,1443872195,1513,9109,1114
3,1443872216,7509,9109,1114
5,1443872223,11118,9109,1114
0,1444222113,1761,9123,1115
2,1444222117,18606,9123,1115
7,1444222233,7462,9123,1115
8,1444222291,3119,9123,1115
9,1444222305,382,9123,1115
11,1444222434,24193,9123,1115
3,1444369692,431,9126,1115
4,1444369704,11190,9126,1115
5,1444369731,10353,9126,1115
6,1444369876,7644,9126,1115
7,1444369888,273,9126,1115
8,1444370805,5853,9126,1115
0,1444382476,431,9128,1115
1,1444382492,24193,9128,1115
2,1444382949,15234,9128,1115
2,1444629357,149,9129,1115
3,1444629363,13054,9129,1115
8,1444630045,11124,9129,1115
9,1444630139,11122,9129,1115
16,1444631352,15234,9129,1115
17,1444631453,143,9129,1115
1,1444822509,150,9130,1115
4,1444822848,931,9130,1115
7,1444823030,15246,9130,1115
0,1443453596,4069,9173,1122
1,1443453711,4068,9173,1122
2,1443454552,4067,9173,1122
3,1443454734,4070,9173,1122
0,1444586708,4077,9174,1122
1,1444586751,4074,9174,1122
2,1444586833,1212,9174,1122
3,1444586891,4079,9174,1122
4,1444587319,4081,9174,1122
5,1444587372,4071,9174,1122
6,1444587476,4078,9174,1122
7,1444587523,4072,9174,1122
8,1444587586,4073,9174,1122
9,1444587721,3956,9174,1122
10,1444588140,4080,9174,1122
0,1444735408,4083,9175,1122
1,1444735514,6508,9175,1122
2,1444735515,4093,9175,1122
3,1444735526,4092,9175,1122
4,1444735632,4086,9175,1122
5,1444735706,4088,9175,1122
9,1444736054,4091,9175,1122
12,1444736223,4090,9175,1122
13,1444736264,4087,9175,1122
14,1444736380,4095,9175,1122
15,1444736476,4094,9175,1122
16,1444736512,4085,9175,1122
17,1444736549,4097,9175,1122
19,1444736716,4089,9175,1122
0,1444737043,4096,9175,1122
1,1444737804,8061,9175,1122
0,1445106951,4100,9176,1122
1,1445106970,3646,9176,1122
2,1445107868,4098,9176,1122
0,1445351678,300,9177,1122
2,1445352657,4101,9177,1122
3,1445353028,4102,9177,1122
0,1440188390,37,9199,1125
2,1440188427,2988,9199,1125
3,1440188525,38,9199,1125
4,1440188537,3963,9199,1125
5,1440188551,1304,9199,1125
6,1440188580,2989,9199,1125
1,1441744532,4128,9201,1125
2,1441744617,2984,9201,1125
3,1441744656,1308,9201,1125
6,1441744726,40,9201,1125
7,1441744747,172,9201,1125
8,1441744758,3003,9201,1125
9,1441744803,50,9201,1125
10,1441744881,5670,9201,1125
12,1441744924,5653,9201,1125
0,1441955489,3980,9202,1125
2,1441955552,1308,9202,1125
3,1441955581,3003,9202,1125
0,1443461544,3028,9203,1125
1,1443461582,3031,9203,1125
2,1443461608,3980,9203,1125
0,1441773419,230,9216,1127
1,1441774674,229,9216,1127
2,1441775149,228,9216,1127
0,1444144246,231,9217,1127
1,1444144313,233,9217,1127
2,1444144360,232,9217,1127
0,1445008955,239,9218,1127
1,1445009252,240,9218,1127
2,1445009450,236,9218,1127
3,1445009511,238,9218,1127
4,1445010071,237,9218,1127
5,1445010141,235,9218,1127
6,1445010302,234,9218,1127
0,1445274314,237,9219,1127
1,1445275138,240,9219,1127
2,1445275363,24323,9219,1127
1,1444814892,11092,9267,1135
3,1444814988,2165,9267,1135
10,1444815416,8359,9267,1135
0,1444852349,22423,9269,1135
1,1444852511,24402,9269,1135
2,1444852522,13554,9269,1135
0,1444899363,10152,9270,1135
1,1444899381,9622,9270,1135
3,1444899453,8838,9270,1135
0,1442398873,15432,9458,1163
1,1442398910,14865,9458,1163
2,1442398972,2680,9458,1163
3,1442399005,8102,9458,1163
5,1442399114,13545,9458,1163
6,1442399295,4852,9458,1163
7,1442399330,6641,9458,1163
9,1442399525,1023,9458,1163
11,1442399925,2670,9458,1163
0,1442834834,2853,9461,1163
9,1442837755,7570,9461,1163
13,1442838135,2596,9461,1163
14,1442838412,20445,9461,1163
0,1443087767,12403,9462,1163
1,1443087891,6369,9462,1163
3,1443088010,1043,9462,1163
0,1440171485,2925,9584,1179
1,1440171520,40,9584,1179
2,1440171604,1745,9584,1179
0,1441218131,14,9586,1179
1,1441218156,5678,9586,1179
3,1441218193,3260,9586,1179
0,1442391263,2929,9588,1179
1,1442391314,14,9588,1179
2,1442391370,3035,9588,1179
3,1442391474,2984,9588,1179
4,1442391516,3017,9588,1179
5,1442391522,92,9588,1179
6,1442391650,3980,9588,1179
7,1442391695,3260,9588,1179
12,1440059991,6914,9909,1224
0,1440060363,2568,9909,1224
1,1440060419,7186,9909,1224
0,1440750370,8840,9911,1224
1,1440750424,1163,9911,1224
3,1440750502,1161,9911,1224
4,1440750553,23746,9911,1224
0,1441009734,20928,9912,1224
1,1441010403,5759,9912,1224
2,1441010943,1767,9912,1224
2,1442382409,2276,9915,1224
4,1442382575,11913,9915,1224
8,1442383014,8977,9915,1224
0,1444812900,11962,9918,1224
1,1444812945,5801,9918,1224
3,1444813188,19721,9918,1224
5,1444813249,9414,9918,1224
2,1444843208,6384,9919,1224
4,1444845065,1314,9919,1224
5,1444845231,3059,9919,1224
7,1444845719,12990,9919,1224
0,1444921600,3962,9920,1224
3,1444921775,12990,9920,1224
4,1444921865,18559,9920,1224
5,1444921911,17211,9920,1224
6,1444921977,3162,9920,1224
12,1444922167,23021,9920,1224
14,1444923238,4399,9920,1224
15,1444923325,25578,9920,1224
0,1444977538,3059,9921,1224
1,1444977557,3162,9921,1224
4,1444977681,12844,9921,1224
5,1444977877,5944,9921,1224
8,1444978111,5945,9921,1224
11,1444978208,4399,9921,1224
18,1444978873,665,9921,1224
3,1445332437,5815,9922,1224
4,1445332501,8622,9922,1224
5,1445332516,11947,9922,1224
2,1445454355,24093,9923,1224
5,1445454863,16281,9923,1224
6,1445454895,3162,9923,1224
0,1445867073,8622,9926,1224
1,1445867336,1163,9926,1224
2,1445867353,17523,9926,1224
0,1445933555,3075,9927,1224
1,1445933633,13006,9927,1224
5,1445935660,20977,9927,1224
8,1445935804,16281,9927,1224
0,1446021893,3081,9928,1224
1,1446021923,13006,9928,1224
3,1446022090,1163,9928,1224
4,1446022109,11881,9928,1224
1,1446199529,12260,9930,1224
3,1446199747,3075,9930,1224
4,1446199761,3069,9930,1224
0,1443453952,4067,9937,1225
1,1443454496,4069,9937,1225
2,1443454611,4068,9937,1225
0,1444586451,4074,9938,1225
1,1444586533,1212,9938,1225
2,1444586708,4077,9938,1225
3,1444586772,4071,9938,1225
4,1444587024,4082,9938,1225
5,1444587117,4076,9938,1225
6,1444587421,3956,9938,1225
7,1444587523,4072,9938,1225
8,1444587586,4073,9938,1225
9,1444587791,4079,9938,1225
10,1444587858,4075,9938,1225
11,1444587919,4081,9938,1225
0,1444735408,4083,9939,1225
1,1444735526,4092,9939,1225
2,1444735649,4097,9939,1225
3,1444735706,4088,9939,1225
4,1444735912,4085,9939,1225
5,1444736114,6508,9939,1225
9,1444736232,4086,9939,1225
10,1444736354,4091,9939,1225
11,1444736680,4095,9939,1225
12,1444736699,4084,9939,1225
13,1444736715,4093,9939,1225
14,1444736716,4089,9939,1225
15,1444736743,4096,9939,1225
17,1444737123,4090,9939,1225
18,1444737804,8061,9939,1225
0,1445106970,3646,9940,1225
1,1445107268,4098,9940,1225
2,1445107304,4099,9940,1225
0,1445351757,4101,9941,1225
2,1445352728,4102,9941,1225
3,1445352878,300,9941,1225
0,1442753651,3961,9958,1228
1,1442753709,5547,9958,1228
2,1442753730,5510,9958,1228
4,1442753766,14883,9958,1228
5,1442753795,863,9958,1228
0,1443103953,2665,9959,1228
1,1443103963,18275,9959,1228
2,1443104032,3961,9959,1228
0,1443632804,2680,9961,1228
1,1443632848,2665,9961,1228
3,1443632963,14883,9961,1228
5,1443632985,16861,9961,1228
9,1443633090,2681,9961,1228
12,1443633136,2702,9961,1228
14,1443633177,863,9961,1228
17,1443633325,8390,9961,1228
19,1443633778,9209,9961,1228
0,1444148009,2665,9962,1228
1,1444148028,3961,9962,1228
2,1444148077,14883,9962,1228
3,1444148127,2707,9962,1228
1,1440837579,2340,10018,1235
2,1440837630,528,10018,1235
8,1440837923,3518,10018,1235
10,1440837997,4075,10018,1235
0,1444033280,1607,10019,1235
1,1444033299,3628,10019,1235
2,1444033548,3481,10019,1235
3,1444033681,11654,10019,1235
4,1444033720,4413,10019,1235
5,1444033831,23579,10019,1235
0,1445414129,2349,10020,1235
3,1445414308,122,10020,1235
4,1445414406,115,10020,1235
0,1440294358,464,10117,1245
1,1440294527,2999,10117,1245
3,1440294614,11235,10117,1245
4,1440294626,37,10117,1245
5,1440294632,3963,10117,1245
0,1440741254,3008,10119,1245
1,1440741341,17768,10119,1245
2,1440741487,3001,10119,1245
0,1441014084,2989,10120,1245
1,1441014143,17768,10120,1245
2,1441014274,38,10120,1245
0,1441860474,229,10137,1248
1,1441860719,230,10137,1248
2,1441861549,228,10137,1248
0,1445095355,239,10138,1248
1,1445095802,234,10138,1248
2,1445095850,236,10138,1248
3,1445095911,238,10138,1248
4,1445095952,240,10138,1248
5,1445096541,235,10138,1248
6,1445096771,237,10138,1248
0,1445361014,237,10139,1248
1,1445361463,24323,10139,1248
2,1445361526,241,10139,1248
3,1445361698,242,10139,1248
4,1445361838,240,10139,1248
0,1441672996,2996,10151,1250
1,1441673392,1745,10151,1250
2,1441673480,105,10151,1250
3,1441673596,4128,10151,1250
4,1441673890,20240,10151,1250
6,1441674041,2999,10151,1250
7,1441674350,3001,10151,1250
8,1441674384,3003,10151,1250
9,1441674497,172,10151,1250
10,1441674514,10929,10151,1250
11,1441674863,1969,10151,1250
0,1444197897,2906,10153,1250
1,1444197922,1976,10153,1250
2,1444199299,1977,10153,1250
3,1444199414,13733,10153,1250
0,1444286837,3834,10154,1250
1,1444287504,2906,10154,1250
2,1444287534,1981,10154,1250
0,1444735215,2906,10155,1250
2,1444735609,1981,10155,1250
3,1444735625,1976,10155,1250
4,1444735644,1977,10155,1250
6,1444735693,247,10155,1250
0,1444837123,2906,10156,1250
1,1444837162,1981,10156,1250
2,1444837206,1976,10156,1250
3,1444837283,1977,10156,1250
5,1444837375,247,10156,1250
0,1445008922,1981,10157,1250
1,1445009061,1976,10157,1250
2,1445009083,1977,10157,1250
4,1445009223,247,10157,1250
0,1445066357,2013,10158,1250
2,1445066656,2906,10158,1250
3,1445066675,1981,10158,1250
0,1445170423,2013,10159,1250
2,1445170549,2906,10159,1250
3,1445170594,1981,10159,1250
1,1445252262,2013,10160,1250
3,1445252308,2906,10160,1250
4,1445252330,1981,10160,1250
5,1445252350,1976,10160,1250
7,1445252380,247,10160,1250
0,1445413384,1981,10162,1250
1,1445413434,2013,10162,1250
3,1445413459,2906,10162,1250
4,1445413494,1976,10162,1250
0,1440491817,3517,10415,1282
1,1440491839,3584,10415,1282
2,1440491865,6782,10415,1282
0,1441006573,7240,10416,1282
1,1441006592,132,10416,1282
2,1441006612,4407,10416,1282
1,1441875320,3584,10418,1282
2,1441875376,115,10418,1282
4,1441875423,3544,10418,1282
5,1441875523,23497,10418,1282
6,1441875530,16586,10418,1282
1,1442900424,7670,10419,1282
2,1442900452,2786,10419,1282
6,1442900622,22144,10419,1282
1,1440321304,40,10462,1289
2,1440321360,5295,10462,1289
3,1440321365,5083,10462,1289
4,1440321387,1304,10462,1289
2,1441046466,19206,10463,1289
4,1441046526,5306,10463,1289
5,1441046585,40,10463,1289
6,1441046591,2991,10463,1289
7,1441046832,1304,10463,1289
8,1441046838,5295,10463,1289
12,1441047219,107,10463,1289
0,1441392675,122,10466,1289
1,1441392678,5295,10466,1289
2,1441392685,132,10466,1289
0,1440408045,5651,10494,1294
6,1440408884,14242,10494,1294
9,1440409417,17883,10494,1294
10,1440409426,14990,10494,1294
2,1440743961,12903,10499,1294
4,1440744009,17388,10499,1294
6,1440744061,4988,10499,1294
0,1441101591,17767,10500,1294
3,1441103081,14994,10500,1294
5,1441103138,10766,10500,1294
0,1442394946,18018,10506,1294
1,1442394994,17392,10506,1294
3,1442395107,1330,10506,1294
4,1442395368,3983,10506,1294
1,1440053389,5306,10561,1302
2,1440053413,1304,10561,1302
3,1440053420,40,10561,1302
4,1440089667,1304,10562,1302
5,1440089885,107,10562,1302
6,1440089959,5306,10562,1302
0,1441298924,40,10565,1302
2,1441299040,5306,10565,1302
3,1441299107,172,10565,1302
0,1443204860,12213,10580,1305
1,1443204871,8618,10580,1305
2,1443204923,220,10580,1305
3,1443204966,92,10580,1305
4,1443205064,4988,10580,1305
5,1443205066,26581,10580,1305
6,1443205068,10766,10580,1305
0,1445175727,17896,10581,1305
5,1445175904,12973,10581,1305
7,1445176726,18936,10581,1305
0,1445278424,13449,10582,1305
1,1445278456,26583,10582,1305
2,1445278557,10758,10582,1305
4,1445278589,4133,10582,1305
5,1445278602,17896,10582,1305
1,1446497416,10767,10583,1305
2,1446497481,4133,10583,1305
3,1446497485,10758,10583,1305
4,1446497492,13449,10583,1305
5,1446498555,17889,10583,1305
6,1446498692,8622,10583,1305
7,1446498770,3834,10583,1305
0,1446579548,6014,10585,1305
1,1446579553,3936,10585,1305
2,1446580140,4133,10585,1305
0,1440440221,6912,10651,1316
1,1440440233,3008,10651,1316
2,1440440885,6906,10651,1316
3,1440440949,6914,10651,1316
4,1440440981,6909,10651,1316
5,1440441144,6915,10651,1316
6,1440441184,5312,10651,1316
7,1440441241,6908,10651,1316
8,1440441385,6911,10651,1316
9,1440441513,6907,10651,1316
10,1440441645,6910,10651,1316
0,1445770603,6919,10652,1316
1,1445770752,6917,10652,1316
2,1445770839,6918,10652,1316
3,1445771347,6916,10652,1316
0,1445774031,6922,10653,1316
1,1445774305,6916,10653,1316
2,1445774437,6921,10653,1316
3,1445774981,6920,10653,1316
1,1441433028,3012,10717,1324
2,1441433043,4836,10717,1324
3,1441433052,5635,10717,1324
5,1441433109,2988,10717,1324
6,1441433118,18023,10717,1324
7,1441433125,90,10717,1324
8,1441433137,3026,10717,1324
9,1441433157,172,10717,1324
10,1441433191,1308,10717,1324
12,1441433234,3983,10717,1324
14,1441434611,97,10717,1324
19,1441434884,3160,10717,1324
3,1441435005,4996,10717,1324
6,1441435206,50,10717,1324
7,1441435225,9,10717,1324
8,1441435397,8219,10717,1324
1,1441545410,97,10718,1324
5,1441545690,3160,10718,1324
7,1441545749,4996,10718,1324
0,1444770212,3059,10722,1324
1,1444770259,3060,10722,1324
2,1444770401,31,10722,1324
3,1444770578,5630,10722,1324
0,1444813394,9240,10723,1324
4,1444813553,11122,10723,1324
6,1444813592,17454,10723,1324
8,1444813761,18559,10723,1324
10,1444813883,6555,10723,1324
12,1444814636,10698,10723,1324
0,1444851217,3962,10724,1324
1,1444851293,1513,10724,1324
2,1444851372,3980,10724,1324
0,1444941596,420,10725,1324
2,1444941689,18559,10725,1324
5,1444941820,4132,10725,1324
6,1444942271,1513,10725,1324
7,1444942332,12834,10725,1324
8,1444942405,3962,10725,1324
0,1445622946,6573,10727,1324
1,1445622975,11122,10727,1324
2,1445622993,5751,10727,1324
3,1445623061,16399,10727,1324
4,1445623088,18559,10727,1324
5,1445623116,17453,10727,1324
6,1445623123,4132,10727,1324
1,1446062474,3081,10728,1324
4,1446062757,13006,10728,1324
5,1446062770,14252,10728,1324
0,1446464086,3178,10729,1324
1,1446464146,100,10729,1324
2,1446464162,5751,10729,1324
3,1446464278,5723,10729,1324
4,1446464336,5402,10729,1324
5,1446464430,7279,10729,1324
6,1446464562,3020,10729,1324
0,1446579905,16416,10730,1324
1,1446580167,1139,10730,1324
2,1446580230,1321,10730,1324
3,1446580345,5309,10730,1324
4,1446580367,4132,10730,1324
6,1446580621,4136,10730,1324
7,1446581104,3178,10730,1324
8,1446581239,5671,10730,1324
9,1446581277,18327,10730,1324
10,1446581290,5723,10730,1324
11,1446581375,10,10730,1324
12,1446581435,3020,10730,1324
0,1441978035,9128,10826,1338
3,1441978240,10884,10826,1338
4,1441978263,3950,10826,1338
5,1441978303,26944,10826,1338
6,1441978360,7210,10826,1338
7,1441978409,259,10826,1338
0,1442225942,259,10827,1338
2,1442226051,5540,10827,1338
3,1442226057,9128,10827,1338
5,1442226078,7210,10827,1338
3,1442234162,259,10828,1338
4,1442234197,1072,10828,1338
7,1442234467,9128,10828,1338
8,1442234550,7210,10828,1338
13,1442234923,1077,10828,1338
15,1442235127,10884,10828,1338
0,1442235321,8563,10828,1338
1,1442235388,13557,10828,1338
4,1442235582,26944,10828,1338
5,1442235596,17604,10828,1338
0,1442298839,9128,10829,1338
1,1442298853,7210,10829,1338
2,1442298871,259,10829,1338
2,1442823549,26955,10831,1338
3,1442824158,23137,10831,1338
4,1442824168,7209,10831,1338
16,1442825359,3950,10831,1338
1,1442914610,26955,10832,1338
2,1442914626,259,10832,1338
3,1442915081,5540,10832,1338
1,1443160210,279,10834,1338
2,1443160297,268,10834,1338
3,1443160313,9128,10834,1338
13,1441525426,11272,10993,1361
17,1441526997,17545,10993,1361
6,1441527432,3259,10993,1361
2,1443543902,3256,10997,1361
4,1443544174,2665,10997,1361
9,1443544821,11269,10997,1361
12,1443545130,1561,10997,1361
13,1443545184,2702,10997,1361
0,1446890178,13011,10999,1361
2,1446890429,2699,10999,1361
3,1446890491,19692,10999,1361
0,1442423846,12396,11012,1364
1,1442423865,4995,11012,1364
2,1442423989,3472,11012,1364
3,1442424050,1434,11012,1364
4,1442424100,1725,11012,1364
6,1442424330,5046,11012,1364
10,1442424622,5039,11012,1364
0,1442488102,5069,11013,1364
1,1442488399,5046,11013,1364
3,1442488486,27291,11013,1364
4,1442488510,1721,11013,1364
9,1442489099,5053,11013,1364
0,1444849745,8613,11017,1364
3,1444849850,12983,11017,1364
4,1444849875,17392,11017,1364
1,1441802484,7668,11085,1374
2,1441802669,23497,11085,1374
4,1441802835,7635,11085,1374
5,1441802941,10798,11085,1374
6,1441803031,1939,11085,1374
7,1441803111,7644,11085,1374
8,1441803224,4410,11085,1374
11,1441803940,924,11085,1374
0,1442473105,429,11087,1374
1,1442473561,21146,11087,1374
2,1442473698,1759,11087,1374
0,1442814220,17618,11088,1374
1,1442814446,16592,11088,1374
2,1442814464,1948,11088,1374
0,1443548441,2484,11127,1381
1,1443548448,11062,11127,1381
2,1443548455,2452,11127,1381
1,1443797998,2484,11128,1381
2,1443798011,11062,11128,1381
3,1443798023,2452,11128,1381
0,1444729675,2484,11129,1381
1,1444729676,2452,11129,1381
2,1444729701,11062,11129,1381
0,1444851668,2484,11130,1381
1,1444851669,2452,11130,1381
2,1444851690,11062,11130,1381
0,1444853601,2452,11131,1381
1,1444853601,2484,11131,1381
2,1444853619,11062,11131,1381
0,1445275481,2484,11132,1381
1,1445275481,2452,11132,1381
2,1445275500,11062,11132,1381
0,1443631140,10155,11248,1398
1,1443631209,7880,11248,1398
2,1443631273,4189,11248,1398
0,1443637625,7880,11249,1398
4,1443639497,5797,11249,1398
7,1443640424,4189,11249,1398
13,1443640910,22100,11249,1398
14,1443640939,540,11249,1398
2,1443719526,4189,11251,1398
3,1443720423,1301,11251,1398
7,1443721130,3493,11251,1398
10,1443721491,27654,11251,1398
1,1444060662,14081,11252,1398
2,1444060766,540,11252,1398
7,1444062503,77,11252,1398
11,1444062795,20647,11252,1398
0,1444146576,7127,11254,1398
2,1444146737,7177,11254,1398
4,1444147340,1405,11254,1398
5,1444147387,4189,11254,1398
1,1444159917,7127,11255,1398
3,1444160289,5782,11255,1398
4,1444160388,767,11255,1398
5,1444160484,540,11255,1398
10,1444160784,27661,11255,1398
11,1444161620,20259,11255,1398
0,1444385704,14081,11258,1398
1,1444387021,27654,11258,1398
3,1444387211,1786,11258,1398
3,1441212546,1547,11294,1403
19,1441213237,11258,11294,1403
1,1441213296,14459,11294,1403
1,1441527304,23587,11295,1403
4,1441527375,11027,11295,1403
10,1441528818,11258,11295,1403
11,1441528949,14459,11295,1403
1,1442047249,3257,11298,1403
5,1442048516,15987,11298,1403
8,1442048574,15989,11298,1403
9,1442048582,10290,11298,1403
19,1442052372,11258,11298,1403
0,1442052386,14459,11298,1403
1,1442052431,23587,11298,1403
1,1440145401,17021,11310,1404
3,1440145559,3975,11310,1404
4,1440145649,6128,11310,1404
1,1440421263,4675,11312,1404
3,1440421344,4839,11312,1404
4,1440421430,4676,11312,1404
5,1440421496,27738,11312,1404
0,1440509729,122,11314,1404
2,1440509863,22046,11314,1404
3,1440509955,632,11314,1404
4,1440510071,3638,11314,1404
5,1440510143,27742,11314,1404
0,1440564935,8343,11315,1404
1,1440564953,528,11315,1404
2,1440565037,3016,11315,1404
1,1440741662,11797,11316,1404
9,1440742485,3026,11316,1404
10,1440742548,5635,11316,1404
0,1441363704,3023,11320,1404
1,1441363897,2574,11320,1404
2,1441363985,12935,11320,1404
4,1441364174,17418,11320,1404
6,1441364306,97,11320,1404
0,1441374924,2866,11321,1404
1,1441375020,3609,11321,1404
4,1441375238,6262,11321,1404
6,1443445078,1037,11386,1412
8,1443445261,26,11386,1412
10,1443445401,1652,11386,1412
11,1443445455,2511,11386,1412
0,1443592645,3026,11388,1412
2,1443593235,3384,11388,1412
4,1443593539,3391,11388,1412
0,1443599435,730,11390,1412
4,1443599875,2511,11390,1412
5,1443600097,5349,11390,1412
14,1443601526,6369,11390,1412
0,1443684302,10029,11392,1412
1,1443684600,3391,11392,1412
4,1443685482,8871,11392,1412
5,1443685701,1041,11392,1412
0,1440503727,17767,11414,1415
1,1440504117,1723,11414,1415
6,1440504574,4962,11414,1415
8,1440504666,9,11414,1415
11,1440504789,5364,11414,1415
12,1440504836,168,11414,1415
13,1440504928,4947,11414,1415
1,1441269727,18018,11416,1415
3,1441269939,10766,11416,1415
4,1441270094,17903,11416,1415
0,1442568532,15118,11418,1415
1,1442568545,5085,11418,1415
2,1442568555,6102,11418,1415
3,1442568627,22,11418,1415
5,1442568982,6099,11418,1415
0,1442821542,8618,11419,1415
1,1442821569,5084,11419,1415
2,1442821601,3954,11419,1415
0,1443540296,4069,11432,1416
1,1443541252,4067,11432,1416
2,1443541311,4068,11432,1416
0,1444673108,4077,11433,1416
1,1444673221,3956,11433,1416
2,1444673276,4078,11433,1416
3,1444673323,4072,11433,1416
4,1444673386,4073,11433,1416
5,1444673424,4082,11433,1416
6,1444673517,4076,11433,1416
7,1444673772,4071,11433,1416
8,1444673958,4075,11433,1416
9,1444674051,4074,11433,1416
10,1444674240,4080,11433,1416
11,1444674619,4081,11433,1416
0,1444821614,6508,11434,1416
1,1444822215,4093,11434,1416
3,1444822276,4094,11434,1416
4,1444822349,4097,11434,1416
6,1444822526,4092,11434,1416
7,1444822632,4086,11434,1416
8,1444822780,4095,11434,1416
9,1444822799,4084,11434,1416
10,1444822912,4085,11434,1416
11,1444823008,4083,11434,1416
13,1444823116,4089,11434,1416
15,1444823143,4096,11434,1416
17,1444823223,4090,11434,1416
18,1444823306,4088,11434,1416
19,1444825104,8061,11434,1416
0,1445193404,4099,11435,1416
1,1445193670,3646,11435,1416
2,1445194268,4098,11435,1416
0,1440846317,2770,11441,1417
1,1440846359,2783,11441,1417
2,1440846431,382,11441,1417
3,1440846527,5859,11441,1417
2,1441780683,1944,11442,1417
3,1441780720,23497,11442,1417
4,1441781052,2340,11442,1417
6,1441781448,3541,11442,1417
7,1441781594,3584,11442,1417
1,1441872279,8098,11443,1417
4,1441872369,2854,11443,1417
5,1441872371,6782,11443,1417
6,1441872847,2340,11443,1417
8,1441873343,2239,11443,1417
10,1441874203,125,11443,1417
12,1441874344,126,11443,1417
14,1441874514,132,11443,1417
15,1441874618,3544,11443,1417
16,1441874681,12543,11443,1417
17,1441874726,3584,11443,1417
0,1444047084,24193,11445,1417
1,1444047742,7685,11445,1417
2,1444047840,10252,11445,1417
3,1444048397,5339,11445,1417
4,1444048513,7177,11445,1417
0,1445262275,15255,11449,1417
1,1445262360,266,11449,1417
3,1445262474,7512,11449,1417
4,1445262611,7276,11449,1417
5,1445262990,7908,11449,1417
6,1445263145,689,11449,1417
0,1440181718,7187,11482,1423
5,1440182220,1632,11482,1423
8,1440182483,9997,11482,1423
0,1441889441,8466,11483,1423
3,1441890344,3146,11483,1423
6,1441891118,779,11483,1423
8,1441891226,16433,11483,1423
9,1441891293,4996,11483,1423
14,1441891543,108,11483,1423
0,1442080250,4676,11485,1423
1,1442080404,3047,11485,1423
3,1442080946,3046,11485,1423
0,1442348669,1721,11486,1423
1,1442348723,8466,11486,1423
2,1442348795,3041,11486,1423
3,1442348844,3703,11486,1423
0,1442862750,8466,11487,1423
2,1442863004,21351,11487,1423
3,1442863332,3703,11487,1423
5,1442863619,4676,11487,1423
8,1442863904,1723,11487,1423
9,1442864049,8760,11487,1423
0,1442069572,15971,11572,1434
1,1442069634,15078,11572,1434
2,1442069785,19886,11572,1434
3,1443881577,3240,11573,1434
5,1443881696,19886,11573,1434
6,1443881705,6770,11573,1434
7,1443881748,15971,11573,1434
8,1443881850,15973,11573,1434
10,1443883343,9578,11573,1434
0,1443950340,6770,11574,1434
1,1443950447,15973,11574,1434
2,1443950455,15971,11574,1434
3,1443950464,3240,11574,1434
0,1444029681,15973,11575,1434
1,1444029684,15971,11575,1434
2,1444029686,6770,11575,1434
3,1444029686,3240,11575,1434
4,1444029688,9578,11575,1434
6,1444030744,6763,11575,1434
0,1443367552,4067,11671,1449
1,1443367734,4070,11671,1449
2,1443368211,4068,11671,1449
0,1444500072,4071,11672,1449
1,1444500286,4073,11672,1449
2,1444500308,4077,11672,1449
3,1444500351,4074,11672,1449
4,1444500558,4075,11672,1449
5,1444500624,4082,11672,1449
6,1444500791,4079,11672,1449
7,1444501033,1212,11672,1449
8,1444501123,4072,11672,1449
9,1444501317,4076,11672,1449
10,1444501321,3956,11672,1449
11,1444501376,4078,11672,1449
12,1444501440,4080,11672,1449
0,1444648814,6508,11673,1449
1,1444648826,4092,11673,1449
2,1444648932,4086,11673,1449
3,1444649380,4095,11673,1449
4,1444649512,4085,11673,1449
6,1444649549,4097,11673,1449
7,1444649606,4088,11673,1449
11,1444649954,4091,11673,1449
12,1444650015,4093,11673,1449
13,1444650076,4094,11673,1449
14,1444650208,4083,11673,1449
15,1444650299,4084,11673,1449
16,1444650316,4089,11673,1449
17,1444650326,4096,11673,1449
18,1444650356,4090,11673,1449
19,1444652004,8061,11673,1449
0,1445020587,3646,11674,1449
1,1445021504,4099,11674,1449
2,1445021768,4098,11674,1449
1,1445266178,300,11675,1449
2,1445266257,4101,11675,1449
3,1445266328,4102,11675,1449
0,1443539996,4069,11761,1462
1,1443540234,4070,11761,1462
2,1443541011,4068,11761,1462
3,1443541252,4067,11761,1462
0,1444672851,4074,11762,1462
1,1444673086,4073,11762,1462
2,1444673108,4077,11762,1462
3,1444673233,1212,11762,1462
4,1444673424,4082,11762,1462
5,1444673640,4080,11762,1462
6,1444673876,4078,11762,1462
7,1444674072,4071,11762,1462
8,1444674117,4076,11762,1462
9,1444674121,3956,11762,1462
10,1444674223,4072,11762,1462
11,1444674258,4075,11762,1462
12,1444674319,4081,11762,1462
0,1444821764,4087,11763,1462
1,1444821808,4083,11763,1462
2,1444821926,4092,11763,1462
3,1444822199,4084,11763,1462
4,1444822215,4093,11763,1462
7,1444822276,4094,11763,1462
8,1444822312,4085,11763,1462
10,1444822543,4096,11763,1462
11,1444822632,4086,11763,1462
12,1444822754,4091,11763,1462
13,1444822814,6508,11763,1462
14,1444822949,4097,11763,1462
16,1444823116,4089,11763,1462
17,1444823306,4088,11763,1462
19,1444823523,4090,11763,1462
0,1445193368,4098,11764,1462
1,1445193651,4100,11764,1462
2,1445193704,4099,11764,1462
3,1445194287,3646,11764,1462
0,1445438078,300,11765,1462
2,1445438278,4102,11765,1462
3,1445439057,4101,11765,1462
0,1442880715,7193,11819,1469
5,1442881244,3629,11819,1469
12,1442882162,7209,11819,1469
13,1442882257,270,11819,1469
14,1442883759,8166,11819,1469
0,1443275499,1140,11820,1469
4,1443276537,3632,11820,1469
6,1443276842,268,11820,1469
9,1443277536,1078,11820,1469
2,1443321684,7209,11821,1469
3,1443321963,8166,11821,1469
8,1443322394,272,11821,1469
11,1443323056,9210,11821,1469
14,1443323972,7087,11821,1469
0,1440604387,170,11864,1476
1,1440604390,14242,11864,1476
2,1440604392,21044,11864,1476
3,1440604428,17388,11864,1476
0,1441195564,90,11865,1476
2,1441195567,4996,11865,1476
4,1441196391,10004,11865,1476
0,1442736930,92,11866,1476
1,1442737003,220,11866,1476
2,1442737049,2639,11866,1476
0,1443540296,4069,11883,1479
1,1443540352,4067,11883,1479
2,1443540534,4070,11883,1479
3,1443541311,4068,11883,1479
0,1444672872,4071,11884,1479
1,1444673108,4077,11884,1479
2,1444673591,4079,11884,1479
3,1444673751,4074,11884,1479
4,1444673821,3956,11884,1479
5,1444673833,1212,11884,1479
6,1444673876,4078,11884,1479
7,1444673923,4072,11884,1479
8,1444674117,4076,11884,1479
9,1444674319,4081,11884,1479
10,1444674324,4082,11884,1479
0,1444821808,4083,11885,1479
1,1444821854,4091,11885,1479
2,1444821976,4094,11885,1479
3,1444822312,4085,11885,1479
6,1444822526,4092,11885,1479
9,1444822632,4086,11885,1479
10,1444822780,4095,11885,1479
11,1444822799,4084,11885,1479
12,1444822814,6508,11885,1479
13,1444822815,4093,11885,1479
14,1444822964,4087,11885,1479
15,1444823006,4088,11885,1479
16,1444823249,4097,11885,1479
18,1444823416,4089,11885,1479
0,1444823443,4096,11885,1479
1,1444823523,4090,11885,1479
2,1444825104,8061,11885,1479
0,1445193351,4100,11886,1479
1,1445193387,3646,11886,1479
2,1445193704,4099,11886,1479
3,1445194268,4098,11886,1479
1,1445438378,300,11887,1479
2,1445438457,4101,11887,1479
3,1445439128,4102,11887,1479
1,1440239571,3978,11908,1482
3,1440239592,874,11908,1482
6,1440239664,5651,11908,1482
7,1440239667,6118,11908,1482
10,1440239671,2989,11908,1482
14,1440239721,3016,11908,1482
15,1440239762,37,11908,1482
16,1440239771,2986,11908,1482
17,1440239773,3014,11908,1482
0,1442422159,19217,11910,1482
1,1442422185,8977,11910,1482
2,1442422223,7309,11910,1482
4,1442422309,14796,11910,1482
5,1442422376,3047,11910,1482
0,1443273209,3026,11911,1482
1,1443273242,5608,11911,1482
2,1443273319,19217,11911,1482
0,1445539118,19217,11912,1482
1,1445539160,7279,11912,1482
2,1445539176,1321,11912,1482
2,1440078770,2446,11946,1487
5,1440079028,2452,11946,1487
6,1440079080,7539,11946,1487
0,1441702397,5664,11947,1487
1,1441702598,3423,11947,1487
2,1441702734,7557,11947,1487
3,1441703855,2596,11947,1487
4,1441705356,14942,11947,1487
7,1441705443,2446,11947,1487
8,1441705446,7539,11947,1487
9,1441705484,20452,11947,1487
0,1441720871,28620,11948,1487
3,1441720931,8114,11948,1487
4,1441720937,2484,11948,1487
7,1441721267,12676,11948,1487
8,1441721385,3423,11948,1487
17,1441721651,2446,11948,1487
0,1442320642,8121,11952,1487
2,1442320731,653,11952,1487
4,1442320800,28624,11952,1487
1,1442826177,28620,11954,1487
2,1442827740,2443,11954,1487
3,1442828506,653,11954,1487
4,1442828511,28624,11954,1487
0,1443367311,4068,12141,1513
1,1443367434,4070,12141,1513
2,1443368396,4069,12141,1513
3,1443368452,4067,12141,1513
0,1444500286,4073,12142,1513
1,1444500308,4077,12142,1513
2,1444500372,4071,12142,1513
3,1444500791,4079,12142,1513
4,1444500840,4080,12142,1513
5,1444500919,4081,12142,1513
6,1444500951,4074,12142,1513
7,1444501021,3956,12142,1513
8,1444501033,1212,12142,1513
9,1444501076,4078,12142,1513
10,1444501317,4076,12142,1513
11,1444501423,4072,12142,1513
12,1444501524,4082,12142,1513
0,1444649380,4095,12143,1513
1,1444649415,4093,12143,1513
2,1444649476,4094,12143,1513
3,1444649549,4097,12143,1513
4,1444649606,4088,12143,1513
6,1444649714,6508,12143,1513
8,1444649726,4092,12143,1513
11,1444649864,4087,12143,1513
12,1444649954,4091,12143,1513
13,1444649999,4084,12143,1513
14,1444650132,4086,12143,1513
15,1444650208,4083,12143,1513
16,1444650316,4089,12143,1513
18,1444650643,4096,12143,1513
19,1444650723,4090,12143,1513
0,1445020604,4099,12144,1513
1,1445020851,4100,12144,1513
2,1445020870,3646,12144,1513
3,1445021468,4098,12144,1513
0,1445265278,300,12145,1513
1,1445265357,4101,12145,1513
3,1445266328,4102,12145,1513
0,1443540234,4070,12219,1523
1,1443540411,4068,12219,1523
2,1443540896,4069,12219,1523
3,1443540952,4067,12219,1523
0,1444672872,4071,12220,1523
1,1444672976,4078,12220,1523
2,1444673023,4072,12220,1523
3,1444673108,4077,12220,1523
4,1444673217,4076,12220,1523
5,1444673221,3956,12220,1523
6,1444673233,1212,12220,1523
7,1444673386,4073,12220,1523
8,1444673958,4075,12220,1523
9,1444674024,4082,12220,1523
10,1444674191,4079,12220,1523
11,1444674319,4081,12220,1523
0,1444821732,4086,12221,1523
1,1444821808,4083,12221,1523
2,1444821899,4084,12221,1523
3,1444821976,4094,12221,1523
4,1444822180,4095,12221,1523
5,1444822215,4093,12221,1523
6,1444822312,4085,12221,1523
7,1444822406,4088,12221,1523
8,1444822454,4091,12221,1523
9,1444822514,6508,12221,1523
13,1444822826,4092,12221,1523
14,1444822964,4087,12221,1523
15,1444823126,4096,12221,1523
19,1444823416,4089,12221,1523
0,1444823523,4090,12221,1523
1,1444824804,8061,12221,1523
0,1445193404,4099,12222,1523
1,1445193668,4098,12222,1523
2,1445193687,3646,12222,1523
3,1445194251,4100,12222,1523
1,1445438281,4102,12223,1523
2,1445439278,300,12223,1523
3,1445439357,4101,12223,1523
0,1442546196,6101,12280,1531
1,1442546236,1432,12280,1531
3,1442546346,220,12280,1531
0,1443078496,18927,12281,1531
2,1443079079,18932,12281,1531
4,1443079094,5085,12281,1531
5,1443079250,6101,12281,1531
1,1443694367,5104,12282,1531
2,1443694394,8481,12282,1531
3,1443694413,18932,12282,1531
0,1444643880,416,12283,1531
4,1444643975,5104,12283,1531
5,1444644116,18932,12283,1531
0,1445339607,2265,12285,1531
1,1445339618,4133,12285,1531
3,1445339890,4401,12285,1531
4,1445339909,14267,12285,1531
6,1445340306,3834,12285,1531
6,1440583065,7754,12617,1580
7,1440583243,22046,12617,1580
13,1440583456,1007,12617,1580
15,1440583547,13256,12617,1580
5,1440629108,1007,12618,1580
6,1440629108,1005,12618,1580
7,1440629108,13256,12618,1580
1,1440662525,1005,12619,1580
7,1440662904,1007,12619,1580
8,1440662919,13256,12619,1580
0,1442213078,1023,12622,1580
5,1442214264,14016,12622,1580
11,1442214464,7557,12622,1580
13,1442214522,2317,12622,1580
0,1442854125,1037,12625,1580
2,1442854149,21623,12625,1580
7,1442854269,14653,12625,1580
10,1442854377,13,12625,1580
15,1442854462,8102,12625,1580
17,1442854522,3700,12625,1580
0,1442854704,12008,12625,1580
3,1442854917,13994,12625,1580
5,1442855050,302,12625,1580
1,1443282231,21623,12627,1580
5,1443282268,14653,12627,1580
7,1443282277,13,12627,1580
13,1443282319,12008,12627,1580
15,1443282345,13994,12627,1580
16,1443282350,302,12627,1580
0,1443540111,4068,12671,1587
1,1443540534,4070,12671,1587
2,1443541196,4069,12671,1587
3,1443541252,4067,12671,1587
0,1444672921,3956,12672,1587
1,1444673151,4074,12672,1587
2,1444673276,4078,12672,1587
3,1444673291,4079,12672,1587
4,1444673386,4073,12672,1587
5,1444673517,4076,12672,1587
6,1444673640,4080,12672,1587
7,1444674133,1212,12672,1587
8,1444674324,4082,12672,1587
9,1444674619,4081,12672,1587
0,1444821880,4095,12673,1587
1,1444821915,4093,12673,1587
2,1444821926,4092,12673,1587
3,1444821976,4094,12673,1587
5,1444822406,4088,12673,1587
9,1444822632,4086,12673,1587
10,1444822664,4087,12673,1587
11,1444822799,4084,12673,1587
12,1444822949,4097,12673,1587
13,1444823116,4089,12673,1587
14,1444823143,4096,12673,1587
15,1444823212,4085,12673,1587
16,1444823523,4090,12673,1587
17,1444824204,8061,12673,1587
0,1445193404,4099,12674,1587
1,1445193651,4100,12674,1587
2,1445193687,3646,12674,1587
3,1445194568,4098,12674,1587
1,1445438378,300,12675,1587
2,1445438528,4102,12675,1587
3,1445439057,4101,12675,1587
1,1443623849,1400,12711,1593
5,1443624292,285,12711,1593
6,1443624707,7685,12711,1593
9,1443624819,4211,12711,1593
0,1444848725,5732,12712,1593
1,1444849540,657,12712,1593
2,1444849817,6015,12712,1593
0,1445370754,15247,12713,1593
3,1445371367,2905,12713,1593
4,1445371427,2375,12713,1593
6,1445371833,7701,12713,1593
7,1445371865,150,12713,1593
8,1445371928,24193,12713,1593
0,1440149026,17767,12819,1610
1,1440149126,5364,12819,1610
4,1440149566,29899,12819,1610
1,1441634412,7536,12824,1610
9,1441635143,8844,12824,1610
11,1441635453,12043,12824,1610
12,1441635496,25430,12824,1610
2,1441818520,8751,12826,1610
3,1441818737,1100,12826,1610
4,1441818773,7186,12826,1610
0,1442225224,1490,12827,1610
1,1442225244,29915,12827,1610
2,1442225274,1723,12827,1610
6,1442227014,7205,12827,1610
8,1442227254,14402,12827,1610
9,1442227352,20798,12827,1610
10,1442227446,16160,12827,1610
0,1442222845,70,12867,1617
2,1442223044,21279,12867,1617
3,1442223048,5765,12867,1617
4,1442223054,73,12867,1617
6,1442223100,1405,12867,1617
0,1444045422,12079,12869,1617
1,1444045482,5789,12869,1617
2,1444045488,23101,12869,1617
0,1445239205,23319,12870,1617
1,1445239232,5799,12870,1617
3,1445239244,5816,12870,1617
4,1445239271,5800,12870,1617
5,1445239289,1794,12870,1617
0,1442824652,9278,12877,1618
1,1442824902,1764,12877,1618
3,1442825051,8091,12877,1618
0,1444119240,11023,12879,1618
1,1444120361,8385,12879,1618
8,1444121013,10303,12879,1618
10,1444121218,8368,12879,1618
16,1444121650,10284,12879,1618
17,1444121693,24279,12879,1618
19,1444121837,7104,12879,1618
0,1444121877,10520,12879,1618
1,1444121911,1764,12879,1618
3,1444122008,21074,12879,1618
5,1444122091,8091,12879,1618
0,1444134970,14517,12880,1618
2,1444135769,9233,12880,1618
3,1444135782,16082,12880,1618
4,1444135814,25033,12880,1618
5,1444135819,8091,12880,1618
1,1444148121,8368,12881,1618
4,1444149526,7127,12881,1618
5,1444149604,9233,12881,1618
6,1444149624,16082,12881,1618
7,1444149639,2782,12881,1618
8,1444149716,5861,12881,1618
9,1444149803,5878,12881,1618
11,1444150758,8091,12881,1618
12,1444151675,10282,12881,1618
13,1444151873,19016,12881,1618
14,1444151916,10284,12881,1618
15,1444152120,24279,12881,1618
16,1444152575,15992,12881,1618
18,1444152752,8385,12881,1618
7,1444153319,10310,12881,1618
8,1444153341,1250,12881,1618
0,1444644133,14473,12882,1618
7,1444644577,3132,12882,1618
12,1444645352,5877,12882,1618
13,1444645521,13064,12882,1618
14,1444645564,30025,12882,1618
2,1444910095,11252,12884,1618
4,1444910454,5289,12884,1618
7,1444910986,5877,12884,1618
0,1440573118,14345,12942,1627
1,1440574085,126,12942,1627
2,1440574215,7486,12942,1627
3,1440574229,6869,12942,1627
0,1440682994,126,12943,1627
1,1440683193,3457,12943,1627
2,1440683203,4675,12943,1627
3,1440683238,4672,12943,1627
7,1440683730,3467,12943,1627
0,1440831094,126,12944,1627
1,1440831268,6872,12944,1627
2,1440831566,4672,12944,1627
3,1440831758,3456,12944,1627
0,1440935719,126,12945,1627
1,1440935870,4675,12945,1627
2,1440935937,4672,12945,1627
0,1440994127,126,12946,1627
1,1440994451,6872,12946,1627
2,1440994531,4675,12946,1627
3,1440994679,4672,12946,1627
0,1442214002,3473,12947,1627
1,1442214099,3456,12947,1627
2,1442214134,7449,12947,1627
4,1442214288,8533,12947,1627
5,1442214313,22176,12947,1627
7,1442214378,2589,12947,1627
9,1442214443,3476,12947,1627
12,1442214531,5405,12947,1627
13,1442214551,7441,12947,1627
14,1442214686,19717,12947,1627
15,1442214709,3457,12947,1627
16,1442214866,3467,12947,1627
18,1442214894,10771,12947,1627
19,1442214918,6871,12947,1627
0,1442215417,6869,12947,1627
1,1442215522,4675,12947,1627
2,1442216047,165,12947,1627
3,1442216418,130,12947,1627
4,1442216426,10786,12947,1627
5,1442216436,13908,12947,1627
6,1442216449,7635,12947,1627
7,1442216457,126,12947,1627
8,1442216466,6872,12947,1627
1,1442505066,7449,12948,1627
3,1442505183,8533,12948,1627
4,1442505253,271,12948,1627
0,1443178308,14213,12949,1627
2,1443178388,7449,12949,1627
3,1443178443,8533,12949,1627
4,1443178482,22176,12949,1627
5,1443178635,2589,12949,1627
6,1443178652,10786,12949,1627
7,1443178695,13908,12949,1627
8,1443178724,7635,12949,1627
9,1443178830,6872,12949,1627
10,1443178840,4675,12949,1627
11,1443178861,4672,12949,1627
12,1443178958,30095,12949,1627
16,1443179305,3473,12949,1627
17,1443179570,3476,12949,1627
0,1443180229,5405,12949,1627
1,1443180246,7441,12949,1627
2,1443180272,19717,12949,1627
3,1443180290,3457,12949,1627
4,1443180324,3467,12949,1627
0,1444151101,15225,12950,1627
2,1444151289,11343,12950,1627
3,1444151324,9290,12950,1627
4,1444151339,271,12950,1627
0,1445233084,15225,12951,1627
2,1445233144,14210,12951,1627
3,1445233200,313,12951,1627
4,1445233402,285,12951,1627
6,1445233438,30095,12951,1627
8,1445233483,7449,12951,1627
9,1445233616,22176,12951,1627
0,1445491318,15258,12953,1627
2,1445491478,14210,12953,1627
3,1445491733,313,12953,1627
4,1445491874,162,12953,1627
5,1445491876,4588,12953,1627
0,1440613153,6906,13069,1643
1,1440613285,6911,13069,1643
2,1440613321,6912,13069,1643
3,1440613491,6669,13069,1643
4,1440613749,6914,13069,1643
5,1440613767,6909,13069,1643
6,1440613852,6910,13069,1643
7,1440613933,3008,13069,1643
8,1440613984,5312,13069,1643
9,1440614013,6907,13069,1643
10,1440614041,6908,13069,1643
11,1440614544,6915,13069,1643
12,1440614605,6913,13069,1643
0,1445943403,6919,13070,1643
1,1445943646,6917,13070,1643
2,1445944374,6916,13070,1643
3,1445944539,6918,13070,1643
0,1445947105,6916,13071,1643
1,1445947131,6922,13071,1643
2,1445947237,6921,13071,1643
3,1445947781,6920,13071,1643
0,1444586451,4074,13074,1644
1,1444586623,4072,13074,1644
2,1444586708,4077,13074,1644
3,1444587117,4076,13074,1644
4,1444587240,4080,13074,1644
5,1444587372,4071,13074,1644
6,1444587476,4078,13074,1644
7,1444587624,4082,13074,1644
8,1444587721,3956,13074,1644
9,1444587791,4079,13074,1644
10,1444587858,4075,13074,1644
11,1444587886,4073,13074,1644
12,1444587919,4081,13074,1644
0,1444735408,4083,13075,1644
1,1444735499,4084,13075,1644
2,1444735526,4092,13075,1644
3,1444735664,4087,13075,1644
4,1444735876,4094,13075,1644
5,1444735912,4085,13075,1644
6,1444736054,4091,13075,1644
8,1444736114,6508,13075,1644
9,1444736116,4089,13075,1644
12,1444736232,4086,13075,1644
13,1444736380,4095,13075,1644
14,1444736415,4093,13075,1644
15,1444736606,4088,13075,1644
17,1444736823,4090,13075,1644
18,1444737043,4096,13075,1644
19,1444738404,8061,13075,1644
0,1445107004,4099,13076,1644
1,1445107270,3646,13076,1644
2,1445107868,4098,13076,1644
3,1445108151,4100,13076,1644
1,1445352057,4101,13077,1644
2,1445352578,300,13077,1644
3,1445352781,4102,13077,1644
3,1443022002,3956,13107,1647
4,1443022025,21114,13107,1647
5,1443022068,7312,13107,1647
6,1443022084,5695,13107,1647
7,1443022096,13557,13107,1647
9,1443022124,3026,13107,1647
0,1443067026,1140,13108,1647
1,1443067071,1646,13108,1647
2,1443067103,352,13108,1647
1,1443167642,30,13109,1647
2,1443167796,3704,13109,1647
3,1443167830,3031,13109,1647
4,1443167865,3695,13109,1647
8,1443168470,12830,13109,1647
0,1443267502,13557,13110,1647
1,1443267549,3031,13110,1647
2,1443267567,3704,13110,1647
0,1443510316,30130,13111,1647
1,1443510904,2512,13111,1647
4,1443511618,17895,13111,1647
0,1443531145,3704,13113,1647
1,1443531177,7314,13113,1647
2,1443531213,1646,13113,1647
3,1443531226,939,13113,1647
4,1443531235,3956,13113,1647
5,1443531249,24559,13113,1647
0,1443765571,19,13114,1647
1,1443765655,1320,13114,1647
2,1443765708,2276,13114,1647
3,1443765764,3026,13114,1647
4,1443765826,3704,13114,1647
5,1443765842,4479,13114,1647
6,1443766103,5693,13114,1647
8,1443766404,279,13114,1647
9,1443766881,12830,13114,1647
3,1444908986,4484,13116,1647
4,1444909014,3714,13116,1647
5,1444909432,17895,13116,1647
0,1444974834,25157,13117,1647
1,1444974881,1320,13117,1647
2,1444974935,11214,13117,1647
3,1444974969,7308,13117,1647
4,1444974986,4257,13117,1647
5,1444974998,3704,13117,1647
6,1444975051,4479,13117,1647
7,1444975082,3709,13117,1647
2,1444982989,3059,13118,1647
9,1444983575,15370,13118,1647
11,1444983746,15447,13118,1647
12,1444983783,15256,13118,1647
13,1444983907,6665,13118,1647
14,1444984130,3714,13118,1647
17,1444984367,4484,13118,1647
18,1444984419,2955,13118,1647
19,1444984511,272,13118,1647
0,1444984537,3704,13118,1647
1,1444984555,2931,13118,1647
2,1444984590,3703,13118,1647
0,1444997353,313,13119,1647
6,1444997856,14338,13119,1647
10,1444998513,17895,13119,1647
12,1445238341,5750,13121,1647
13,1445238367,7337,13121,1647
16,1445238509,15370,13121,1647
5,1445323566,842,13122,1647
7,1445323732,5100,13122,1647
8,1445323846,6025,13122,1647
0,1445350617,3880,13123,1647
4,1445350803,4484,13123,1647
5,1445350863,3162,13123,1647
10,1445351036,3714,13123,1647
11,1445351072,3716,13123,1647
0,1445498568,6551,13124,1647
4,1445499200,5750,13124,1647
11,1445500187,13894,13124,1647
0,1442234481,247,13148,1650
2,1442234739,24302,13148,1650
4,1442234870,10929,13148,1650
5,1442234999,1968,13148,1650
0,1442822818,247,13149,1650
1,1442822905,12576,13149,1650
2,1442822930,43,13149,1650
0,1443700789,2010,13150,1650
1,1443700873,10942,13150,1650
3,1443700927,1981,13150,1650
4,1443700949,1989,13150,1650
7,1443701909,1976,13150,1650
0,1444051763,6074,13151,1650
1,1444051822,2906,13151,1650
3,1444052024,10942,13151,1650
5,1444052085,2010,13151,1650
7,1444052163,2009,13151,1650
8,1444052205,1977,13151,1650
9,1444052247,30339,13151,1650
11,1444052375,247,13151,1650
0,1444289991,24302,13152,1650
1,1444290105,16293,13152,1650
2,1444290128,2004,13152,1650
5,1444290252,2010,13152,1650
6,1444290317,2009,13152,1650
0,1444910789,14646,13154,1650
3,1444911130,2004,13154,1650
4,1444911150,22623,13154,1650
0,1445353890,22635,13155,1650
2,1445353969,14646,13155,1650
3,1445354493,2000,13155,1650
5,1445354563,2001,13155,1650
6,1445354778,2010,13155,1650
2,1440133718,11815,13181,1654
5,1440133830,8966,13181,1654
8,1440134032,11826,13181,1654
0,1442918693,14803,13186,1654
1,1442918730,15716,13186,1654
3,1442918844,3648,13186,1654
4,1444051185,6313,13187,1654
5,1444052152,19141,13187,1654
7,1444052186,12841,13187,1654
8,1444052270,665,13187,1654
9,1444052342,3988,13187,1654
10,1444052384,3493,13187,1654
0,1441554518,779,13230,1658
3,1441554757,28909,13230,1658
4,1441554828,8984,13230,1658
5,1441554910,5979,13230,1658
6,1441555001,10515,13230,1658
0,1444773877,2213,13232,1658
3,1444773950,665,13232,1658
4,1444774028,20901,13232,1658
8,1444774369,15070,13232,1658
10,1444774499,1794,13232,1658
11,1444774591,4261,13232,1658
2,1445033169,23319,13234,1658
8,1445034270,2764,13234,1658
10,1445034399,11053,13234,1658
11,1445034577,12254,13234,1658
0,1441907517,2994,13358,1675
1,1441907551,34,13358,1675
2,1441907573,1373,13358,1675
4,1441908823,25434,13358,1675
0,1443293142,2984,13359,1675
1,1443293153,19,13359,1675
2,1443293172,1763,13359,1675
3,1443293183,1498,13359,1675
4,1443293191,12631,13359,1675
5,1443293286,43,13359,1675
8,1443293495,4451,13359,1675
9,1443293549,1202,13359,1675
10,1443293569,25434,13359,1675
0,1443460687,34,13360,1675
1,1443460706,14962,13360,1675
2,1443460714,12631,13360,1675
3,1443460741,1202,13360,1675
0,1443888515,12631,13361,1675
1,1443888553,56,13361,1675
2,1443888660,25434,13361,1675
4,1443888693,494,13361,1675
5,1443888843,3034,13361,1675
6,1443888849,3635,13361,1675
7,1443888869,470,13361,1675
9,1443888968,55,13361,1675
10,1443888996,1373,13361,1675
11,1443889006,3047,13361,1675
12,1443889026,15780,13361,1675
15,1443889137,3192,13361,1675
16,1443889140,9475,13361,1675
18,1443889185,29882,13361,1675
19,1443889222,3191,13361,1675
0,1443891513,25434,13362,1675
5,1443892563,56,13362,1675
10,1443894385,12631,13362,1675
0,1440651948,2854,13502,1695
1,1440651989,2787,13502,1695
3,1440652168,382,13502,1695
13,1440652935,5312,13502,1695
16,1440652970,523,13502,1695
0,1440653369,2930,13502,1695
0,1441656085,129,13503,1695
1,1441656286,11098,13503,1695
3,1441656381,382,13503,1695
8,1441656833,7463,13503,1695
9,1441656887,29398,13503,1695
10,1441656900,5859,13503,1695
12,1441657082,3517,13503,1695
14,1441657167,2778,13503,1695
15,1441657214,7644,13503,1695
2,1442253922,6859,13504,1695
6,1442253969,21115,13504,1695
12,1442255604,2458,13504,1695
4,1442256886,4408,13504,1695
5,1442256900,2787,13504,1695
6,1442256955,122,13504,1695
7,1442256963,7240,13504,1695
8,1442256987,3544,13504,1695
0,1440470719,23706,13549,1702
1,1440470800,30927,13549,1702
5,1440471205,2336,13549,1702
2,1441677044,23706,13552,1702
3,1441677062,30927,13552,1702
4,1441677130,22638,13552,1702
1,1442039200,11112,13553,1702
3,1442039306,9457,13553,1702
4,1442039408,1304,13553,1702
0,1442856914,5058,13555,1702
1,1442857167,1729,13555,1702
2,1442857574,17606,13555,1702
0,1441097504,3047,13577,1705
2,1441098375,23966,13577,1705
4,1441098620,23869,13577,1705
0,1441785292,2994,13579,1705
1,1441785467,3047,13579,1705
2,1441785510,6882,13579,1705
3,1441785950,23869,13579,1705
5,1441786262,12230,13579,1705
6,1441786331,29882,13579,1705
8,1441786731,1737,13579,1705
9,1441786759,25430,13579,1705
1,1442395299,6882,13580,1705
2,1442395321,4732,13580,1705
3,1442395427,494,13580,1705
0,1442814137,494,13582,1705
2,1442814283,9471,13582,1705
4,1442814342,50,13582,1705
5,1442814393,12230,13582,1705
6,1442814466,15780,13582,1705
7,1442814661,25787,13582,1705
8,1442814747,19022,13582,1705
0,1443155659,7073,13583,1705
1,1443155668,494,13583,1705
2,1443155708,23869,13583,1705
3,1443155737,20683,13583,1705
4,1443155760,50,13583,1705
5,1443155784,15780,13583,1705
6,1443155831,6882,13583,1705
0,1443372639,20683,13584,1705
2,1443372763,23869,13584,1705
3,1443372800,4732,13584,1705
4,1443372865,15780,13584,1705
5,1443372980,12138,13584,1705
0,1440821535,2989,13615,1708
1,1440821557,10648,13615,1708
4,1440821770,2988,13615,1708
0,1441633372,2965,13616,1708
1,1441633414,172,13616,1708
2,1441633463,3022,13616,1708
0,1444056532,63,13617,1708
1,1444056578,2537,13617,1708
2,1444056630,10,13617,1708
3,1444056645,4211,13617,1708
0,1443453652,4067,13695,1720
1,1443453896,4069,13695,1720
2,1443454134,4070,13695,1720
0,1444586451,4074,13696,1720
1,1444586472,4071,13696,1720
2,1444586533,1212,13696,1720
3,1444586724,4082,13696,1720
4,1444586821,3956,13696,1720
5,1444586876,4078,13696,1720
6,1444586958,4075,13696,1720
7,1444587191,4079,13696,1720
8,1444587240,4080,13696,1720
9,1444587319,4081,13696,1720
10,1444587586,4073,13696,1720
11,1444587608,4077,13696,1720
12,1444587823,4072,13696,1720
13,1444588017,4076,13696,1720
0,1444735332,4086,13697,1720
1,1444735364,4087,13697,1720
2,1444735408,4083,13697,1720
3,1444735454,4091,13697,1720
4,1444735649,4097,13697,1720
5,1444735780,4095,13697,1720
6,1444735799,4084,13697,1720
7,1444735876,4094,13697,1720
8,1444736006,4088,13697,1720
9,1444736114,6508,13697,1720
12,1444736415,4093,13697,1720
13,1444736426,4092,13697,1720
14,1444736512,4085,13697,1720
16,1444736716,4089,13697,1720
18,1444736743,4096,13697,1720
19,1444737123,4090,13697,1720
0,1445107851,4100,13698,1720
1,1445107870,3646,13698,1720
2,1445107904,4099,13698,1720
0,1445351757,4101,13699,1720
2,1445352878,300,13699,1720
3,1445353028,4102,13699,1720
0,1440227435,3016,13703,1721
1,1440227466,1304,13703,1721
2,1440227497,2988,13703,1721
3,1440227563,170,13703,1721
4,1440227608,100,13703,1721
5,1440227697,10001,13703,1721
0,1440310758,2984,13704,1721
1,1440310783,10001,13704,1721
2,1440310814,17884,13704,1721
4,1440310887,90,13704,1721
5,1440310930,5651,13704,1721
0,1440388680,40,13705,1721
1,1440388743,9,13705,1721
2,1440388770,90,13705,1721
0,1440391259,2992,13706,1721
1,1440392105,14242,13706,1721
2,1440392341,91,13706,1721
0,1442904081,1304,13809,1738
1,1442904106,9,13809,1738
2,1442904111,50,13809,1738
3,1442904122,1432,13809,1738
4,1442904318,3954,13809,1738
0,1445462448,23480,13810,1738
1,1445462458,10766,13810,1738
2,1445462854,10055,13810,1738
0,1446031373,3954,13811,1738
1,1446031377,2265,13811,1738
2,1446031388,3834,13811,1738
3,1446031417,3081,13811,1738
4,1446031419,3184,13811,1738
5,1446031422,4133,13811,1738
3,1441192377,13718,13835,1742
4,1441192432,2991,13835,1742
5,1441192527,6641,13835,1742
0,1441622417,3020,13836,1742
1,1441622424,34,13836,1742
2,1441622905,941,13836,1742
3,1441622909,1432,13836,1742
4,1441622919,4839,13836,1742
7,1441623149,2639,13836,1742
8,1441623154,9894,13836,1742
2,1442304192,3687,13837,1742
4,1442304195,941,13837,1742
7,1442304416,5984,13837,1742
0,1442418137,50,13838,1742
1,1442418163,5630,13838,1742
2,1442418214,91,13838,1742
4,1441615287,8786,13897,1751
5,1441615299,3710,13897,1751
9,1441615362,5695,13897,1751
12,1441615382,8796,13897,1751
15,1441615538,13962,13897,1751
1,1441882843,8786,13898,1751
2,1441882871,3695,13898,1751
3,1441882892,3710,13898,1751
4,1441885436,5695,13899,1751
5,1441885516,8796,13899,1751
12,1441886632,5693,13899,1751
15,1441887161,7312,13899,1751
16,1441887198,3160,13899,1751
0,1440683327,10345,14075,1770
1,1440683386,12043,14075,1770
2,1440683422,10455,14075,1770
3,1440683492,653,14075,1770
0,1443702346,2610,14076,1770
1,1443702407,15432,14076,1770
2,1443702437,14865,14076,1770
3,1443702457,730,14076,1770
4,1443702494,731,14076,1770
5,1443702546,13,14076,1770
6,1443702597,1009,14076,1770
7,1443702707,6074,14076,1770
8,1443702718,1646,14076,1770
9,1443702740,10,14076,1770
10,1443702940,2606,14076,1770
1,1444214967,21273,14078,1770
2,1444214994,18974,14078,1770
4,1444215236,14517,14078,1770
5,1444215256,8872,14078,1770
6,1444215288,6619,14078,1770
8,1444215574,10882,14078,1770
0,1441863557,528,14127,1778
2,1441863589,170,14127,1778
5,1441864275,5039,14127,1778
3,1442380975,16382,14129,1778
4,1442380978,12934,14129,1778
5,1442380989,5671,14129,1778
7,1442381006,90,14129,1778
8,1442381010,105,14129,1778
10,1442381270,9,14129,1778
12,1442381356,6103,14129,1778
2,1443010359,16382,14132,1778
3,1443010361,12934,14132,1778
4,1443010365,5671,14132,1778
6,1443010382,90,14132,1778
7,1443010385,105,14132,1778
8,1443010540,9,14132,1778
0,1443089893,1373,14133,1778
1,1443089902,50,14133,1778
3,1443089961,93,14133,1778
1,1444028521,2629,14136,1778
4,1444028625,17895,14136,1778
5,1444029041,3058,14136,1778
6,1444029044,7279,14136,1778
9,1444029057,7323,14136,1778
10,1444029266,1513,14136,1778
13,1444029471,92,14136,1778
14,1444029475,2346,14136,1778
15,1444029653,19,14136,1778
0,1444830235,31646,14138,1778
1,1444830239,4729,14138,1778
2,1444830249,168,14138,1778
1,1444895640,2629,14139,1778
3,1444895797,220,14139,1778
4,1444895839,2265,14139,1778
5,1444895842,7279,14139,1778
7,1444895846,1095,14139,1778
9,1444895890,6103,14139,1778
10,1444895962,4133,14139,1778
12,1444896251,3178,14139,1778
2,1444977100,8481,14140,1778
3,1444977302,5551,14140,1778
4,1444977337,3160,14140,1778
5,1444977340,933,14140,1778
6,1444977475,31646,14140,1778
0,1445002448,31646,14141,1778
1,1445002452,3160,14141,1778
2,1445002582,5671,14141,1778
0,1443453711,4068,14315,1799
1,1443453834,4070,14315,1799
2,1443454496,4069,14315,1799
0,1444586408,4077,14316,1799
1,1444586451,4074,14316,1799
2,1444586533,1212,14316,1799
3,1444586724,4082,14316,1799
4,1444586876,4078,14316,1799
5,1444586940,4080,14316,1799
6,1444587586,4073,14316,1799
7,1444587672,4071,14316,1799
8,1444587721,3956,14316,1799
9,1444587791,4079,14316,1799
10,1444587823,4072,14316,1799
11,1444587858,4075,14316,1799
12,1444587919,4081,14316,1799
13,1444588017,4076,14316,1799
0,1444735480,4095,14317,1799
1,1444735499,4084,14317,1799
2,1444735612,4085,14317,1799
3,1444735649,4097,14317,1799
4,1444735706,4088,14317,1799
6,1444735815,4093,14317,1799
10,1444736054,4091,14317,1799
11,1444736114,6508,14317,1799
12,1444736116,4089,14317,1799
13,1444736126,4092,14317,1799
15,1444736143,4096,14317,1799
17,1444736264,4087,14317,1799
18,1444736308,4083,14317,1799
19,1444736476,4094,14317,1799
0,1444736532,4086,14317,1799
1,1444736756,4090,14317,1799
2,1444737804,8061,14317,1799
0,1445106968,4098,14318,1799
1,1445106987,3646,14318,1799
2,1445107251,4100,14318,1799
1,1445352057,4101,14319,1799
2,1445352178,4102,14319,1799
3,1445352578,300,14319,1799
3,1442048574,5854,14532,1831
4,1442048900,18280,14532,1831
5,1442048909,11902,14532,1831
6,1442049029,6039,14532,1831
8,1442049530,3229,14532,1831
6,1443175712,540,14537,1831
7,1443176732,12051,14537,1831
8,1443176739,7880,14537,1831
0,1443424304,7880,14538,1831
1,1443425517,8698,14538,1831
2,1443425534,7900,14538,1831
3,1443426155,10282,14538,1831
0,1441627799,10683,14579,1837
1,1441627802,3688,14579,1837
2,1441627855,2930,14579,1837
2,1441883529,14650,14580,1837
3,1441883548,251,14580,1837
4,1441883568,5648,14580,1837
5,1441883617,5668,14580,1837
2,1442321073,5668,14581,1837
3,1442321087,2930,14581,1837
4,1442321094,3160,14581,1837
1,1441009713,5468,14600,1840
3,1441009901,276,14600,1840
5,1441010178,6803,14600,1840
0,1441634862,9444,14604,1840
2,1441635022,9249,14604,1840
4,1441635243,936,14604,1840
3,1441775815,3688,14605,1840
4,1441775872,276,14605,1840
5,1441776002,255,14605,1840
8,1441776164,936,14605,1840
6,1442473857,5480,14608,1840
8,1442473916,25532,14608,1840
10,1442474015,23141,14608,1840
16,1442474722,9444,14608,1840
0,1442474890,9249,14608,1840
3,1443165279,5391,14611,1840
6,1443165710,31322,14611,1840
10,1443166165,3701,14611,1840
2,1440400548,11823,14628,1842
3,1440400573,2563,14628,1842
5,1440400810,295,14628,1842
3,1440574506,28979,14631,1842
5,1440574661,7186,14631,1842
6,1440574840,4839,14631,1842
2,1441965504,20860,14638,1842
3,1441965513,3148,14638,1842
4,1441965527,20676,14638,1842
0,1440568474,170,14685,1849
1,1440568483,26581,14685,1849
2,1440568736,37,14685,1849
3,1440568743,3016,14685,1849
0,1441342632,18023,14686,1849
1,1441343903,3983,14686,1849
2,1441343963,108,14686,1849
3,1441343979,4988,14686,1849
4,1441344087,10766,14686,1849
5,1441344129,1432,14686,1849
6,1441344142,5039,14686,1849
7,1441344181,26581,14686,1849
0,1441628661,34,14687,1849
1,1441628666,18023,14687,1849
2,1441628676,3983,14687,1849
3,1441628713,108,14687,1849
4,1441628726,4988,14687,1849
5,1441628742,6103,14687,1849
6,1441628745,10766,14687,1849
1,1442582857,3228,14780,1864
2,1442582898,3242,14780,1864
3,1442582938,528,14780,1864
0,1443431840,2680,14783,1864
1,1443432591,3242,14783,1864
2,1443432623,32486,14783,1864
0,1445549970,6166,14785,1864
1,1445550024,2686,14785,1864
2,1445550131,13163,14785,1864
0,1445634423,2665,14787,1864
1,1445634479,13172,14787,1864
2,1445634546,13163,14787,1864
3,1445634623,6169,14787,1864
0,1440764040,632,14881,1875
3,1440765620,6148,14881,1875
4,1440766470,39,14881,1875
6,1440766820,8986,14881,1875
7,1440766935,23249,14881,1875
0,1442070794,25398,14883,1875
1,1442070883,5031,14883,1875
2,1442071491,632,14883,1875
3,1442071646,6148,14883,1875
0,1442075131,25398,14884,1875
1,1442075237,5031,14884,1875
2,1442075245,632,14884,1875
3,1442075304,6148,14884,1875
1,1442079951,73,14885,1875
2,1442080823,3648,14885,1875
3,1442080889,8985,14885,1875
1,1442773164,813,14887,1875
2,1442773234,25398,14887,1875
3,1442773254,5031,14887,1875
4,1442773537,632,14887,1875
1,1442833990,813,14889,1875
2,1442834080,25398,14889,1875
3,1442834129,5031,14889,1875
0,1443084166,5426,14891,1875
2,1443084298,3609,14891,1875
3,1443084496,23249,14891,1875
0,1444041197,813,14894,1875
1,1444041259,25398,14894,1875
2,1444041436,5031,14894,1875
1,1444225804,665,14895,1875
2,1444225828,813,14895,1875
3,1444226044,6252,14895,1875
5,1444226436,12836,14895,1875
6,1444226523,12841,14895,1875
10,1444227928,12090,14895,1875
0,1444313573,2328,14896,1875
4,1444314008,4269,14896,1875
5,1444314019,11654,14896,1875
0,1442307258,8840,14964,1885
1,1442307315,5766,14964,1885
6,1442307760,14034,14964,1885
2,1444155524,21279,14966,1885
3,1444156670,8984,14966,1885
7,1444157133,19548,14966,1885
13,1444157675,1302,14966,1885
15,1444157723,19553,14966,1885
0,1444295608,1302,14967,1885
6,1444297508,4269,14967,1885
9,1444297574,12091,14967,1885
10,1444297672,21279,14967,1885
11,1444297712,19553,14967,1885
1,1444898938,24366,14969,1885
2,1444898951,10391,14969,1885
4,1444898994,5800,14969,1885
0,1440182058,2991,15075,1901
2,1440182425,4128,15075,1901
3,1440182577,37,15075,1901
4,1440182623,1139,15075,1901
5,1440182647,2999,15075,1901
9,1440182798,34,15075,1901
0,1442914864,3028,15079,1901
1,1442915337,1139,15079,1901
2,1442915363,50,15079,1901
4,1442915507,1308,15079,1901
5,1442915546,2925,15079,1901
1,1444408115,5991,15082,1901
2,1444408218,3028,15082,1901
3,1444408257,63,15082,1901
1,1444882477,3028,15083,1901
2,1444882505,2925,15083,1901
3,1444882666,14,15083,1901
4,1444882707,31,15083,1901
5,1444882812,3980,15083,1901
0,1445016968,3028,15084,1901
1,1445017048,14,15084,1901
2,1445017222,31,15084,1901
4,1445017623,1513,15084,1901
5,1445017714,3980,15084,1901
6,1445017772,3962,15084,1901
14,1445018237,22183,15084,1901
16,1445018352,6381,15084,1901
17,1445018503,3048,15084,1901
5,1445019288,20248,15084,1901
7,1445019362,12848,15084,1901
8,1445019427,3038,15084,1901
1,1446047105,3081,15085,1901
10,1446047845,22183,15085,1901
11,1446047871,16049,15085,1901
13,1446048499,3048,15085,1901
17,1446049335,31,15085,1901
18,1446049745,1513,15085,1901
19,1446049962,3061,15085,1901
2,1446090976,3081,15086,1901
5,1446091248,5954,15086,1901
6,1446091900,3048,15086,1901
0,1443453834,4070,15170,1912
1,1443453896,4069,15170,1912
2,1443453952,4067,15170,1912
3,1443454011,4068,15170,1912
0,1444586408,4077,15171,1912
1,1444586772,4071,15171,1912
2,1444586923,4072,15171,1912
3,1444586986,4073,15171,1912
4,1444587024,4082,15171,1912
5,1444587240,4080,15171,1912
6,1444587476,4078,15171,1912
7,1444587717,4076,15171,1912
8,1444587721,3956,15171,1912
9,1444587733,1212,15171,1912
10,1444587858,4075,15171,1912
11,1444587919,4081,15171,1912
12,1444588091,4079,15171,1912
0,1444735154,4091,15172,1912
1,1444735226,4092,15172,1912
2,1444735332,4086,15172,1912
3,1444735799,4084,15172,1912
8,1444736380,4095,15172,1912
9,1444736414,6508,15172,1912
10,1444736608,4083,15172,1912
12,1444736715,4093,15172,1912
13,1444736743,4096,15172,1912
14,1444736776,4094,15172,1912
15,1444736812,4085,15172,1912
16,1444736823,4090,15172,1912
17,1444736849,4097,15172,1912
19,1444737016,4089,15172,1912
1,1441692994,5502,15219,1919
3,1441693006,998,15219,1919
8,1441693032,1373,15219,1919
9,1441693037,14115,15219,1919
11,1441693384,15960,15219,1919
0,1441866945,33009,15220,1919
2,1441867429,5502,15220,1919
4,1441867540,8046,15220,1919
5,1441867648,5340,15220,1919
6,1441867657,9074,15220,1919
9,1441868431,3644,15220,1919
10,1441869660,1353,15220,1919
0,1442374716,1353,15221,1919
1,1442374753,13713,15221,1919
2,1442374766,9587,15221,1919
3,1442375257,8909,15221,1919
4,1442375366,5518,15221,1919
0,1443515894,1353,15222,1919
1,1443515937,1537,15222,1919
2,1443516498,18685,15222,1919
3,1443516527,11258,15222,1919
0,1440526621,6912,15279,1926
1,1440526933,3008,15279,1926
2,1440527013,6907,15279,1926
3,1440527041,6908,15279,1926
4,1440527152,6910,15279,1926
5,1440527244,6915,15279,1926
6,1440527305,6913,15279,1926
7,1440527349,6914,15279,1926
8,1440527381,6909,15279,1926
9,1440527391,6669,15279,1926
10,1440527485,6911,15279,1926
11,1440527653,6906,15279,1926
0,1445856939,6918,15280,1926
1,1445856994,6917,15280,1926
2,1445857003,6919,15280,1926
3,1445857674,6916,15280,1926
0,1445860676,6916,15281,1926
1,1445860837,6921,15281,1926
2,1445861331,6922,15281,1926
0,1440156910,12868,15284,1927
1,1440157000,14242,15284,1927
2,1440157012,3472,15284,1927
4,1440157269,14990,15284,1927
5,1440157274,17883,15284,1927
0,1440318799,170,15285,1927
3,1440319077,1723,15285,1927
4,1440319206,14990,15285,1927
0,1440565188,17388,15286,1927
1,1440565230,12868,15286,1927
2,1440565274,4996,15286,1927
0,1440568655,6118,15287,1927
1,1440568691,17884,15287,1927
2,1440568752,170,15287,1927
1,1443085055,8364,15527,1957
2,1443085272,13545,15527,1957
3,1443085346,6369,15527,1957
0,1443159754,2860,15528,1957
1,1443159787,7776,15528,1957
2,1443160598,540,15528,1957
0,1443676304,18858,15530,1957
1,1443676390,5550,15530,1957
2,1443676470,12091,15530,1957
5,1443677238,3930,15530,1957
6,1443677443,10457,15530,1957
7,1443677504,19733,15530,1957
0,1442343068,2458,15655,1972
2,1442343743,9273,15655,1972
3,1442343762,9276,15655,1972
12,1442345237,23587,15655,1972
0,1442504215,23587,15656,1972
3,1442505658,15145,15656,1972
4,1442505664,9276,15656,1972
5,1442505798,5226,15656,1972
0,1442578508,23587,15657,1972
5,1442578990,10301,15657,1972
14,1442579993,9276,15657,1972
0,1444586686,4073,15671,1974
1,1444586876,4078,15671,1974
2,1444586923,4072,15671,1974
3,1444586940,4080,15671,1974
4,1444586958,4075,15671,1974
5,1444587019,4081,15671,1974
6,1444587024,4082,15671,1974
7,1444587308,4077,15671,1974
8,1444587351,4074,15671,1974
9,1444587672,4071,15671,1974
10,1444587733,1212,15671,1974
11,1444587791,4079,15671,1974
0,1444735214,6508,15672,1974
1,1444735454,4091,15672,1974
2,1444735576,4094,15672,1974
3,1444735664,4087,15672,1974
4,1444735799,4084,15672,1974
7,1444735843,4096,15672,1974
8,1444735912,4085,15672,1974
10,1444736006,4088,15672,1974
13,1444736380,4095,15672,1974
14,1444736415,4093,15672,1974
15,1444736426,4092,15672,1974
16,1444736532,4086,15672,1974
17,1444736549,4097,15672,1974
18,1444736608,4083,15672,1974
19,1444736716,4089,15672,1974
0,1444736823,4090,15672,1974
1,1444738404,8061,15672,1974
0,1445106987,3646,15673,1974
1,1445107004,4099,15673,1974
2,1445107251,4100,15673,1974
3,1445107868,4098,15673,1974
0,1442477160,1023,15827,1994
1,1442477195,8102,15827,1994
3,1442477369,607,15827,1994
4,1442477480,7776,15827,1994
5,1442477561,3402,15827,1994
1,1443081959,1037,15829,1994
2,1443081965,1647,15829,1994
4,1443081991,1045,15829,1994
5,1443082045,1050,15829,1994
0,1443690873,13847,15830,1994
1,1443690900,5563,15830,1994
2,1443690967,10023,15830,1994
3,1443690978,8871,15830,1994
6,1443691308,607,15830,1994
1,1440416187,10775,15931,2009
2,1440416210,2568,15931,2009
3,1440416243,4587,15931,2009
4,1440416265,3970,15931,2009
0,1442841871,605,15933,2009
1,1442841885,7886,15933,2009
2,1442841921,23141,15933,2009
4,1442841994,282,15933,2009
0,1442849824,33770,15934,2009
1,1442849853,7886,15934,2009
2,1442849971,12008,15934,2009
3,1442850020,1148,15934,2009
4,1442850189,20877,15934,2009
2,1441962719,182,16091,2033
3,1441962726,3011,16091,2033
5,1441962733,92,16091,2033
4,1442224824,15368,16092,2033
5,1442225041,17418,16092,2033
7,1442225120,17021,16092,2033
0,1443033542,50,16093,2033
1,1443033592,3986,16093,2033
3,1443033765,3146,16093,2033
4,1443033936,4417,16093,2033
5,1443034008,1308,16093,2033
0,1444850405,5727,16096,2033
1,1444850451,48,16096,2033
2,1444850818,4417,16096,2033
3,1444851496,10,16096,2033
4,1444851514,2537,16096,2033
0,1441692366,23309,16140,2039
3,1441692543,15350,16140,2039
4,1441692568,5668,16140,2039
7,1441692625,5666,16140,2039
8,1441692660,8786,16140,2039
0,1441946975,92,16142,2039
2,1441947666,220,16142,2039
4,1441947784,3693,16142,2039
7,1441947836,3695,16142,2039
1,1442210115,15368,16143,2039
2,1442210841,4482,16143,2039
3,1442210878,17429,16143,2039
4,1442210913,940,16143,2039
1,1440086543,1719,16178,2045
3,1440086593,168,16178,2045
4,1440086615,10004,16178,2045
0,1440441407,9,16179,2045
3,1440441536,168,16179,2045
4,1440441579,12909,16179,2045
1,1440562785,12920,16180,2045
2,1440562862,12908,16180,2045
4,1440562922,12909,16180,2045
6,1440562965,4961,16180,2045
0,1440615534,108,16181,2045
1,1440615567,1723,16181,2045
2,1440615627,10001,16181,2045
3,1440615658,1719,16181,2045
4,1440615672,37,16181,2045
5,1440615707,100,16181,2045
6,1440615766,3472,16181,2045
7,1440615786,17883,16181,2045
8,1440615806,12291,16181,2045
10,1440615898,12908,16181,2045
12,1440616004,1729,16181,2045
17,1440616227,12868,16181,2045
18,1440616262,12920,16181,2045
1,1440616346,4962,16181,2045
1,1440930365,12908,16182,2045
2,1440930381,12920,16182,2045
3,1440930390,12909,16182,2045
1,1440937073,1723,16183,2045
3,1440937219,4995,16183,2045
4,1440937272,10657,16183,2045
7,1440937362,2567,16183,2045
2,1441248219,168,16184,2045
4,1441248267,10753,16184,2045
5,1441248326,12908,16184,2045
7,1441248393,12900,16184,2045
9,1441248504,18018,16184,2045
12,1441248739,8606,16184,2045
13,1441248794,1725,16184,2045
0,1441426410,1432,16185,2045
2,1441426528,1434,16185,2045
3,1441426543,4996,16185,2045
1,1441479006,15117,16186,2045
6,1441479113,10753,16186,2045
7,1441479173,12908,16186,2045
9,1441479283,14989,16186,2045
0,1441986450,9,16187,2045
2,1441986518,1304,16187,2045
3,1441986529,92,16187,2045
4,1441986599,15117,16187,2045
5,1441986623,12217,16187,2045
0,1442299971,1433,16188,2045
1,1442299985,5304,16188,2045
2,1442300032,11370,16188,2045
4,1442300083,12207,16188,2045
0,1442850308,1304,16189,2045
1,1442850328,12213,16189,2045
2,1442850353,8618,16189,2045
3,1442850396,220,16189,2045
4,1442850411,18027,16189,2045
1,1441282305,2984,16327,2066
2,1441284015,6641,16327,2066
3,1441284767,2925,16327,2066
4,1441284858,34,16327,2066
5,1441285358,19,16327,2066
6,1441285436,2999,16327,2066
0,1442121111,90,16328,2066
1,1442121153,2097,16328,2066
4,1442121513,1304,16328,2066
5,1442121584,1139,16328,2066
6,1442121686,18275,16328,2066
0,1446011787,2097,16329,2066
1,1446011862,3032,16329,2066
2,1446011968,5100,16329,2066
3,1446012033,2276,16329,2066
4,1446012080,3954,16329,2066
5,1446012178,3178,16329,2066
0,1446016396,2276,16330,2066
1,1446016624,3032,16330,2066
2,1446017615,3075,16330,2066
0,1440350009,12219,16439,2078
1,1440350037,30927,16439,2078
3,1440350153,17884,16439,2078
4,1440350236,170,16439,2078
5,1440350289,3963,16439,2078
7,1440350394,31082,16439,2078
0,1440848439,12219,16440,2078
1,1440848456,30927,16440,2078
2,1440848520,10001,16440,2078
3,1440848631,2989,16440,2078
4,1440848659,18399,16440,2078
0,1441563201,12219,16441,2078
1,1441563246,170,16441,2078
2,1441563251,18399,16441,2078
3,1441563285,30927,16441,2078
0,1442249090,41,16534,2092
1,1442249137,91,16534,2092
2,1442249246,43,16534,2092
3,1442249303,101,16534,2092
0,1442658644,1304,16535,2092
1,1442658723,3986,16535,2092
2,1442658832,50,16535,2092
3,1442659261,5648,16535,2092
4,1442659363,172,16535,2092
0,1442727978,3178,16536,2092
1,1442727994,185,16536,2092
2,1442727998,6271,16536,2092
0,1442755114,3178,16537,2092
1,1442755141,6271,16537,2092
2,1442755235,185,16537,2092
3,1442755461,13718,16537,2092
0,1443326176,63,16539,2092
1,1443326197,2342,16539,2092
2,1443326300,3030,16539,2092
3,1443326322,11527,16539,2092
4,1443326357,3032,16539,2092
0,1443938397,5712,16540,2092
1,1443938467,1320,16540,2092
2,1443938483,10,16540,2092
4,1443938492,14093,16540,2092
6,1443938633,19022,16540,2092
7,1443938653,20304,16540,2092
1,1440083252,18267,16557,2095
3,1440083383,2999,16557,2095
4,1440083781,9067,16557,2095
0,1440088817,232,16559,2095
1,1440088844,4126,16559,2095
3,1440088911,464,16559,2095
1,1440133190,233,16560,2095
2,1440134732,2999,16560,2095
3,1440134887,5651,16560,2095
5,1440135017,232,16560,2095
6,1440135046,4126,16560,2095
9,1440136667,464,16560,2095
0,1441257308,2999,16562,2095
1,1441257400,10929,16562,2095
2,1441257447,10916,16562,2095
7,1441257893,6126,16562,2095
10,1441258343,1966,16562,2095
11,1441258373,6127,16562,2095
12,1441258405,9967,16562,2095
18,1441258718,232,16562,2095
19,1441258874,10923,16562,2095
0,1442296758,6074,16563,2095
1,1442296822,9067,16563,2095
3,1442296888,16290,16563,2095
4,1442297097,1491,16563,2095
5,1442297180,1304,16563,2095
6,1442297200,3012,16563,2095
9,1442298161,10934,16563,2095
11,1442298276,10916,16563,2095
12,1442298403,22613,16563,2095
14,1442299210,1979,16563,2095
19,1442299681,6124,16563,2095
1,1442299769,1968,16563,2095
6,1442299942,232,16563,2095
9,1442300203,464,16563,2095
11,1442300376,1973,16563,2095
0,1441257046,3691,16615,2100
2,1441257148,3710,16615,2100
5,1441257281,34501,16615,2100
8,1441257575,3703,16615,2100
10,1441257610,4676,16615,2100
12,1441257691,5695,16615,2100
16,1441258072,8796,16615,2100
18,1441258243,10170,16615,2100
0,1441258424,8800,16615,2100
2,1441258552,14186,16615,2100
4,1441258793,32196,16615,2100
9,1441259768,5693,16615,2100
0,1443422043,4473,16616,2100
3,1443422167,2276,16616,2100
4,1443422225,93,16616,2100
5,1443422268,4482,16616,2100
12,1443423209,5394,16616,2100
16,1443423315,5389,16616,2100
2,1443423718,7335,16616,2100
3,1443423740,272,16616,2100
5,1443423846,3693,16616,2100
6,1443423884,3704,16616,2100
7,1443424104,3706,16616,2100
8,1443424130,5687,16616,2100
11,1443424260,5668,16616,2100
1,1443535664,2537,16617,2100
2,1443535742,16395,16617,2100
3,1443535785,5394,16617,2100
4,1443535799,34513,16617,2100
9,1443536173,5687,16617,2100
10,1443536186,3693,16617,2100
11,1443536232,4473,16617,2100
1,1444844137,12990,16618,2100
3,1444844234,3224,16618,2100
4,1444844254,10681,16618,2100
5,1444844323,4473,16618,2100
0,1440481465,5651,16816,2129
1,1440481479,3013,16816,2129
2,1440481499,3016,16816,2129
0,1441804089,1723,16817,2129
1,1441804146,12868,16817,2129
2,1441804163,3472,16817,2129
0,1444199692,2265,16818,2129
1,1444199930,1723,16818,2129
3,1444200131,8607,16818,2129
0,1440749831,3972,16836,2132
3,1440750156,7310,16836,2132
5,1440750678,24484,16836,2132
7,1440750726,3969,16836,2132
14,1440750956,32196,16836,2132
0,1440779598,5635,16837,2132
1,1440779624,7186,16837,2132
2,1440779852,3970,16837,2132
4,1440780015,91,16837,2132
7,1440780398,19933,16837,2132
0,1440948443,1139,16838,2132
3,1440948734,3970,16838,2132
4,1440948827,3972,16838,2132
0,1440652280,3244,16948,2142
3,1440652569,6541,16948,2142
4,1440652623,13705,16948,2142
0,1442540506,19206,16950,2142
1,1442540545,1908,16950,2142
4,1442540743,15896,16950,2142
0,1442894098,19206,16953,2142
1,1442894153,1908,16953,2142
2,1442894273,20786,16953,2142
3,1442894497,3261,16953,2142
5,1442894927,7160,16953,2142
6,1442894976,21346,16953,2142
0,1443629455,5862,16954,2142
2,1443629484,17256,16954,2142
4,1443629584,9590,16954,2142
5,1443629604,4785,16954,2142
0,1441303141,1223,16989,2148
2,1441303283,3471,16989,2148
3,1441303346,7190,16989,2148
0,1441392171,3471,16990,2148
1,1441392465,7190,16990,2148
2,1441392473,1223,16990,2148
0,1443815306,3471,16993,2148
1,1443815664,7509,16993,2148
2,1443815665,5710,16993,2148
2,1440680125,185,17005,2150
3,1440680320,6075,17005,2150
4,1440680439,170,17005,2150
7,1440680742,172,17005,2150
9,1440681612,3013,17005,2150
2,1442211134,43,17009,2150
3,1442211159,13718,17009,2150
4,1442211244,1140,17009,2150
0,1442403625,13718,17010,2150
2,1442403802,14971,17010,2150
3,1442403859,43,17010,2150
4,1442403989,2574,17010,2150
5,1442404034,172,17010,2150
0,1444070256,3148,17116,2168
1,1444070305,1320,17116,2168
2,1444070353,528,17116,2168
3,1444070476,3433,17116,2168
0,1444843256,220,17117,2168
1,1444843365,2276,17117,2168
2,1444843531,185,17117,2168
3,1444843594,15,17117,2168
0,1445502085,1320,17118,2168
1,1445502091,933,17118,2168
3,1445502133,31,17118,2168
0,1441270414,5502,17198,2178
1,1441270462,5510,17198,2178
3,1441270500,5487,17198,2178
4,1441271048,3404,17198,2178
5,1441271073,998,17198,2178
6,1441271076,3248,17198,2178
0,1441273457,998,17199,2178
2,1441274549,3248,17199,2178
4,1441275388,10744,17199,2178
5,1441275586,3404,17199,2178
2,1442903341,3242,17200,2178
3,1442903359,13117,17200,2178
4,1442903381,2458,17200,2178
5,1442903435,1494,17200,2178
1,1442921985,5855,17201,2178
2,1442921999,998,17201,2178
3,1442922004,3227,17201,2178
4,1442922008,3242,17201,2178
7,1442922017,3404,17201,2178
9,1442922019,25516,17201,2178
0,1442924539,2458,17202,2178
1,1442924542,1494,17202,2178
3,1442924546,32486,17202,2178
4,1442924547,3247,17202,2178
5,1442924550,13117,17202,2178
6,1442924552,1139,17202,2178
7,1442924553,2692,17202,2178
8,1442924593,9894,17202,2178
1,1440486841,1719,17417,2209
2,1440486878,12396,17417,2209
4,1440487062,31082,17417,2209
0,1442332682,108,17421,2209
1,1442332715,100,17421,2209
2,1442332754,1304,17421,2209
0,1444061064,28,17423,2209
1,1444061135,1513,17423,2209
3,1444061216,16405,17423,2209
4,1444061220,17895,17423,2209
0,1440423359,2988,17490,2219
1,1440423438,2987,17490,2219
3,1440423599,21351,17490,2219
4,1440423630,3975,17490,2219
5,1440423899,3016,17490,2219
6,1440423941,3020,17490,2219
0,1440586608,2999,17491,2219
3,1440586923,233,17491,2219
4,1440586950,3016,17491,2219
0,1441087279,2999,17492,2219
1,1441087316,1962,17492,2219
2,1441087423,6115,17492,2219
4,1441352255,20589,17493,2219
5,1441352268,14247,17493,2219
7,1441352363,3975,17493,2219
8,1441352937,91,17493,2219
0,1443946472,3033,17494,2219
1,1443946568,1304,17494,2219
2,1443946644,63,17494,2219
0,1443966296,3020,17495,2219
1,1443967504,15,17495,2219
2,1443967521,1513,17495,2219
0,1446102114,10858,17609,2231
2,1446102394,7283,17609,2231
4,1446102932,1620,17609,2231
1,1446464682,20417,17610,2231
2,1446464699,9353,17610,2231
3,1446465256,19627,17610,2231
1,1446630324,15270,17611,2231
4,1446630436,7127,17611,2231
5,1446630441,3132,17611,2231
6,1446630529,7133,17611,2231
8,1446630784,12470,17611,2231
0,1440612985,6911,17653,2239
1,1440613021,6912,17653,2239
2,1440613333,3008,17653,2239
3,1440613441,6908,17653,2239
4,1440613453,6906,17653,2239
5,1440613467,6909,17653,2239
6,1440613491,6669,17653,2239
7,1440613705,6913,17653,2239
8,1440613944,6915,17653,2239
9,1440613984,5312,17653,2239
10,1440614313,6907,17653,2239
11,1440614649,6914,17653,2239
12,1440614745,6910,17653,2239
0,1445943174,6916,17654,2239
1,1445943403,6919,17654,2239
2,1445944239,6918,17654,2239
3,1445944246,6917,17654,2239
0,1445946776,6916,17655,2239
1,1445947131,6922,17655,2239
2,1445947237,6921,17655,2239
3,1445948081,6920,17655,2239
0,1441021684,100,17697,2247
2,1441022756,12558,17697,2247
3,1441022831,43,17697,2247
0,1441373431,9894,17698,2247
1,1441373435,2965,17698,2247
2,1441373456,19,17698,2247
0,1441625143,2852,17699,2247
1,1441625280,9,17699,2247
2,1441625302,24302,17699,2247
0,1441692153,21351,17711,2249
1,1441692412,19933,17711,2249
3,1441692473,3687,17711,2249
5,1441692561,2336,17711,2249
2,1442299192,21351,17713,2249
7,1442299721,2336,17713,2249
8,1442299732,19933,17713,2249
9,1442299745,3687,17713,2249
11,1442299773,1100,17713,2249
0,1443789954,11520,17715,2249
1,1443790014,3028,17715,2249
3,1443790029,3029,17715,2249
5,1443790090,2147,17715,2249
6,1443790148,1304,17715,2249
7,1443790193,4417,17715,2249
1,1442314165,91,17885,2269
4,1442314318,14247,17885,2269
5,1442314325,3160,17885,2269
0,1443260428,19,17886,2269
6,1443261450,2276,17886,2269
9,1443263321,113,17886,2269
2,1443338308,34513,17888,2269
4,1443338502,17442,17888,2269
6,1443338594,1360,17888,2269
0,1444070071,165,17889,2269
1,1444070142,9900,17889,2269
2,1444070177,7309,17889,2269
3,1444070333,3953,17889,2269
5,1444070523,15357,17889,2269
2,1440941417,13019,17978,2281
3,1440941526,3457,17978,2281
4,1440941701,21542,17978,2281
5,1440941703,6869,17978,2281
7,1440941827,4672,17978,2281
0,1442314488,3467,17983,2281
1,1442314514,6050,17983,2281
4,1442314579,3482,17983,2281
1,1443609601,285,17986,2281
2,1443609614,7680,17986,2281
6,1443609687,657,17986,2281
3,1444299896,12750,17987,2281
6,1444299997,7275,17987,2281
7,1444300051,6843,17987,2281
8,1444300109,16648,17987,2281
1,1444409617,6015,17988,2281
4,1444409687,396,17988,2281
5,1444409699,1196,17988,2281
1,1441361964,2596,18057,2290
7,1441362143,20234,18057,2290
10,1441362250,36135,18057,2290
0,1441430660,2596,18059,2290
2,1441430668,36135,18059,2290
3,1441430673,632,18059,2290
0,1441443762,2596,18060,2290
2,1441443768,36135,18060,2290
3,1441443769,632,18060,2290
0,1441529038,2596,18061,2290
2,1441529047,36135,18061,2290
3,1441529053,632,18061,2290
0,1441555483,2596,18062,2290
2,1441555491,36135,18062,2290
3,1441555492,632,18062,2290
0,1441615654,2596,18063,2290
2,1441615666,632,18063,2290
3,1441615666,36135,18063,2290
0,1441791443,2596,18064,2290
2,1441791452,36135,18064,2290
3,1441791457,632,18064,2290
0,1441805602,2596,18065,2290
2,1441805608,36135,18065,2290
3,1441805610,632,18065,2290
1,1441826038,2596,18066,2290
2,1441826051,36135,18066,2290
3,1441826054,632,18066,2290
1,1441860192,2596,18067,2290
2,1441860197,36135,18067,2290
3,1441860202,632,18067,2290
0,1441902489,2596,18068,2290
2,1441902496,36135,18068,2290
3,1441902501,632,18068,2290
0,1441963340,2596,18069,2290
2,1441963350,36135,18069,2290
3,1441963353,632,18069,2290
1,1441980035,2596,18070,2290
2,1441980043,36135,18070,2290
3,1441980045,632,18070,2290
1,1442166850,2596,18071,2290
2,1442166852,36135,18071,2290
3,1442166856,632,18071,2290
0,1442213019,2596,18072,2290
2,1442213029,36135,18072,2290
3,1442213031,632,18072,2290
0,1441166189,2991,18291,2318
1,1441166335,6116,18291,2318
2,1441166523,8966,18291,2318
3,1441166604,3026,18291,2318
4,1441166638,8343,18291,2318
0,1442862714,8,18293,2318
1,1442862723,528,18293,2318
2,1442862899,6116,18293,2318
0,1443111050,6116,18294,2318
1,1443111690,5765,18294,2318
3,1443112704,73,18294,2318
4,1443112797,11161,18294,2318
0,1441995852,36404,18323,2322
1,1441995924,653,18323,2322
2,1441995947,8114,18323,2322
4,1441996600,5575,18323,2322
6,1441996760,7539,18323,2322
7,1441996842,3434,18323,2322
8,1441997094,632,18323,2322
9,1441997179,3422,18323,2322
3,1442155496,5559,18324,2322
4,1442155553,7555,18324,2322
5,1442155573,3518,18324,2322
6,1442155651,7691,18324,2322
7,1442155683,12450,18324,2322
10,1442155807,5561,18324,2322
0,1442578007,5664,18326,2322
1,1442578093,8115,18326,2322
6,1442578300,9277,18326,2322
9,1442578434,653,18326,2322
13,1442578684,5901,18326,2322
0,1442381728,3475,18333,2323
1,1442381796,8836,18333,2323
5,1442382238,8103,18333,2323
0,1442998475,7177,18334,2323
1,1442998494,7120,18334,2323
4,1442998698,5339,18334,2323
5,1442998772,8103,18334,2323
9,1442998952,7110,18334,2323
11,1442999003,3540,18334,2323
12,1442999023,28291,18334,2323
13,1442999050,7240,18334,2323
0,1445603149,21490,18335,2323
6,1445603818,7133,18335,2323
7,1445603882,12466,18335,2323
8,1445603909,18539,18335,2323
9,1445603930,10262,18335,2323
0,1445853928,12466,18336,2323
2,1445855103,10288,18336,2323
3,1445855139,5129,18336,2323
0,1441392243,19,18340,2324
1,1441392296,7,18340,2324
2,1441392844,12450,18340,2324
6,1441393344,3518,18340,2324
7,1441393399,3950,18340,2324
8,1441393515,3544,18340,2324
11,1441393758,129,18340,2324
12,1441394046,122,18340,2324
13,1441394128,132,18340,2324
14,1441394347,14589,18340,2324
0,1441904831,4130,18341,2324
2,1441905015,12450,18341,2324
3,1441906180,1405,18341,2324
3,1442247331,7659,18342,2324
6,1442247437,10798,18342,2324
9,1442247561,28291,18342,2324
10,1442247619,17606,18342,2324
13,1442247899,127,18342,2324
16,1442248008,133,18342,2324
0,1443630823,7573,18345,2324
1,1443630943,10252,18345,2324
2,1443630995,2349,18345,2324
3,1444825252,12467,18347,2324
9,1444825389,12466,18347,2324
10,1444825428,7130,18347,2324
0,1444932229,313,18348,2324
1,1444932948,7649,18348,2324
2,1444933015,34,18348,2324
1,1445285630,4613,18349,2324
2,1445285888,15255,18349,2324
3,1445286232,15254,18349,2324
0,1441949184,9649,18474,2341
1,1441949220,3518,18474,2341
5,1441949383,1939,18474,2341
8,1441949434,14326,18474,2341
7,1442239148,4320,18475,2341
9,1442239225,3552,18475,2341
11,1442239625,126,18475,2341
0,1443643713,6872,18478,2341
1,1443644151,23579,18478,2341
2,1443644358,377,18478,2341
1,1445424889,12467,18479,2341
4,1445424960,30210,18479,2341
8,1445425140,3132,18479,2341
9,1445425143,30025,18479,2341
12,1445425994,11348,18479,2341
0,1441128508,2567,18515,2346
1,1441128598,10884,18515,2346
2,1441128635,13557,18515,2346
1,1441651927,7193,18516,2346
2,1441651999,256,18516,2346
3,1441652034,245,18516,2346
7,1441652283,19,18516,2346
8,1441652383,7317,18516,2346
10,1441652437,2925,18516,2346
11,1441652444,10884,18516,2346
1,1442333132,11,18517,2346
2,1442333658,352,18517,2346
3,1442333671,1163,18517,2346
4,1442333706,1078,18517,2346
0,1442422147,3026,18518,2346
1,1442422186,36243,18518,2346
4,1442422353,17572,18518,2346
0,1440526684,5312,18553,2352
1,1440526753,6906,18553,2352
2,1440526921,6912,18553,2352
3,1440527041,6908,18553,2352
4,1440527091,6669,18553,2352
5,1440527305,6913,18553,2352
6,1440527452,6910,18553,2352
7,1440527485,6911,18553,2352
8,1440527533,3008,18553,2352
9,1440527613,6907,18553,2352
10,1440528249,6914,18553,2352
11,1440528267,6909,18553,2352
12,1440528444,6915,18553,2352
0,1445856994,6917,18554,2352
1,1445857003,6919,18554,2352
2,1445857747,6916,18554,2352
0,1445860431,6922,18555,2352
1,1445860676,6916,18555,2352
2,1445860781,6920,18555,2352
0,1443540296,4069,18751,2379
1,1443540352,4067,18751,2379
2,1443541434,4070,18751,2379
0,1444672976,4078,18752,2379
1,1444673058,4075,18752,2379
2,1444673217,4076,18752,2379
3,1444673221,3956,18752,2379
4,1444673233,1212,18752,2379
5,1444673291,4079,18752,2379
6,1444673323,4072,18752,2379
7,1444673424,4082,18752,2379
8,1444673708,4077,18752,2379
9,1444673751,4074,18752,2379
10,1444673772,4071,18752,2379
11,1444673986,4073,18752,2379
12,1444674240,4080,18752,2379
13,1444674319,4081,18752,2379
0,1444821554,4091,18753,2379
1,1444821614,6508,18753,2379
2,1444821764,4087,18753,2379
3,1444821880,4095,18753,2379
4,1444821915,4093,18753,2379
5,1444821926,4092,18753,2379
6,1444822049,4097,18753,2379
8,1444822276,4094,18753,2379
11,1444822516,4089,18753,2379
13,1444822632,4086,18753,2379
14,1444822708,4083,18753,2379
15,1444822799,4084,18753,2379
17,1444823212,4085,18753,2379
19,1444823223,4090,18753,2379
0,1444823306,4088,18753,2379
1,1444823426,4096,18753,2379
2,1444823904,8061,18753,2379
0,1445193368,4098,18754,2379
1,1445194251,4100,18754,2379
2,1445194270,3646,18754,2379
3,1445194304,4099,18754,2379
0,1445438078,300,18755,2379
1,1445439357,4101,18755,2379
3,1445439478,4102,18755,2379
0,1441003449,10771,18783,2384
1,1441003994,5665,18783,2384
2,1441004055,27742,18783,2384
3,1441004118,4672,18783,2384
6,1441005077,3456,18783,2384
0,1441047944,10775,18784,2384
1,1441047984,3456,18784,2384
2,1441047995,5651,18784,2384
0,1441809893,2589,18785,2384
2,1441810328,133,18785,2384
4,1441810427,3456,18785,2384
12,1441811530,14,18785,2384
2,1441690210,7367,18851,2395
3,1441690214,17162,18851,2395
4,1441690219,7364,18851,2395
1,1441721790,7367,18852,2395
2,1441721790,7364,18852,2395
3,1441721804,17162,18852,2395
1,1441883790,7367,18854,2395
2,1441883812,17162,18854,2395
3,1441883813,7364,18854,2395
0,1442163507,7367,18855,2395
1,1442163512,17162,18855,2395
2,1442163512,7364,18855,2395
0,1442335638,17162,18856,2395
1,1442335642,7364,18856,2395
2,1442336606,7367,18856,2395
0,1442473834,7367,18857,2395
1,1442473843,17162,18857,2395
2,1442473849,7364,18857,2395
0,1442566760,7367,18858,2395
1,1442566764,17162,18858,2395
2,1442566772,7364,18858,2395
0,1442660414,7367,18859,2395
1,1442660419,7364,18859,2395
2,1442660419,17162,18859,2395
0,1442752469,17162,18860,2395
1,1442752476,7364,18860,2395
3,1442754018,27340,18860,2395
4,1442754582,7537,18860,2395
0,1442828118,27340,18861,2395
1,1442828165,17162,18861,2395
2,1442828168,7364,18861,2395
0,1443113214,7364,18862,2395
1,1443113215,17162,18862,2395
2,1443113242,27340,18862,2395
0,1443209315,27340,18863,2395
1,1443209315,17162,18863,2395
2,1443209328,7364,18863,2395
0,1443277406,7364,18864,2395
1,1443277411,17162,18864,2395
2,1443277413,27340,18864,2395
0,1443377867,17162,18865,2395
1,1443377868,7364,18865,2395
2,1443377928,27340,18865,2395
0,1443439788,17162,18866,2395
1,1443439788,7364,18866,2395
2,1443439801,27340,18866,2395
0,1443622975,17162,18867,2395
1,1443622975,7364,18867,2395
2,1443622990,27340,18867,2395
0,1443625003,7364,18868,2395
1,1443625025,17162,18868,2395
2,1443625032,27340,18868,2395
0,1440613033,3008,18871,2396
1,1440613357,6906,18871,2396
2,1440613705,6913,18871,2396
3,1440613781,6909,18871,2396
4,1440613791,6669,18871,2396
5,1440613852,6910,18871,2396
6,1440614013,6907,18871,2396
7,1440614041,6908,18871,2396
8,1440614284,5312,18871,2396
9,1440614544,6915,18871,2396
10,1440614649,6914,18871,2396
0,1445943252,6917,18872,2396
1,1445944303,6919,18872,2396
2,1445944447,6916,18872,2396
0,1445946881,6920,18873,2396
1,1445947705,6916,18873,2396
2,1445948137,6921,18873,2396
1,1441645293,2589,18906,2402
3,1441645371,14186,18906,2402
5,1441645563,23607,18906,2402
6,1441645644,8781,18906,2402
7,1441645838,8782,18906,2402
9,1441646112,14652,18906,2402
0,1442601918,2926,18909,2402
2,1442602414,5687,18909,2402
5,1442603576,22,18909,2402
7,1442603807,27600,18909,2402
0,1442940571,2926,18910,2402
1,1442941147,5389,18910,2402
3,1442941201,36610,18910,2402
5,1442941437,1050,18910,2402
0,1443277092,14960,18912,2402
1,1443277143,2537,18912,2402
3,1443277245,4162,18912,2402
6,1443277362,2302,18912,2402
8,1443277666,2926,18912,2402
0,1443844288,7510,18913,2402
2,1443844469,20959,18913,2402
4,1443844893,22208,18913,2402
0,1442320735,3956,18969,2411
2,1442320864,2589,18969,2411
3,1442320883,19717,18969,2411
1,1442563648,1490,18970,2411
3,1442563834,3966,18970,2411
4,1442564666,1635,18970,2411
0,1442686709,3703,18971,2411
3,1442688984,26955,18971,2411
5,1442691106,605,18971,2411
6,1442691149,27400,18971,2411
0,1443453896,4069,19050,2422
1,1443453952,4067,19050,2422
2,1443454734,4070,19050,2422
3,1443454911,4068,19050,2422
0,1444586472,4071,19051,2422
1,1444586533,1212,19051,2422
2,1444586708,4077,19051,2422
3,1444586751,4074,19051,2422
4,1444586817,4076,19051,2422
5,1444586821,3956,19051,2422
6,1444586876,4078,19051,2422
7,1444586923,4072,19051,2422
8,1444587319,4081,19051,2422
9,1444587558,4075,19051,2422
10,1444587840,4080,19051,2422
11,1444587886,4073,19051,2422
12,1444587924,4082,19051,2422
0,1444735526,4092,19052,2422
1,1444735664,4087,19052,2422
2,1444735780,4095,19052,2422
4,1444735876,4094,19052,2422
5,1444735912,4085,19052,2422
6,1444735923,4090,19052,2422
7,1444736006,4088,19052,2422
8,1444736054,4091,19052,2422
11,1444736116,4089,19052,2422
12,1444736308,4083,19052,2422
13,1444736415,4093,19052,2422
14,1444736699,4084,19052,2422
16,1444736849,4097,19052,2422
17,1444737043,4096,19052,2422
0,1445107851,4100,19053,2422
1,1445107887,3646,19053,2422
2,1445108204,4099,19053,2422
1,1445351978,300,19054,2422
2,1445352057,4101,19054,2422
3,1445352778,4102,19054,2422
0,1440526921,6912,19085,2427
1,1440526957,6906,19085,2427
2,1440526984,5312,19085,2427
3,1440527013,6907,19085,2427
4,1440527145,6910,19085,2427
5,1440527544,6915,19085,2427
6,1440527785,6911,19085,2427
7,1440527941,6908,19085,2427
8,1440528205,6913,19085,2427
9,1440528249,6914,19085,2427
10,1440528291,6669,19085,2427
0,1445857074,6916,19086,2427
1,1445857839,6918,19086,2427
2,1445857846,6917,19086,2427
0,1445860376,6916,19087,2427
1,1445860731,6922,19087,2427
2,1445861681,6920,19087,2427
3,1445861737,6921,19087,2427
0,1441095774,3688,19109,2431
2,1441095902,35540,19109,2431
3,1441096039,2990,19109,2431
0,1441908852,4469,19110,2431
1,1441908901,5668,19110,2431
3,1441909048,12934,19110,2431
5,1441909085,9,19110,2431
6,1441909096,23038,19110,2431
0,1442298950,2852,19111,2431
2,1442298967,3213,19111,2431
4,1442299039,3710,19111,2431
5,1442299046,5693,19111,2431
9,1442299233,105,19111,2431
1,1441207550,8779,19143,2436
5,1441209461,14247,19143,2436
8,1441210196,8780,19143,2436
4,1441816183,2925,19148,2436
5,1441816199,8780,19148,2436
7,1441816409,8779,19148,2436
1,1443371113,2925,19154,2436
2,1443371168,12190,19154,2436
3,1443371254,8780,19154,2436
4,1443371283,7190,19154,2436
5,1443371329,8052,19154,2436
0,1440613859,10345,19183,2439
1,1440613941,3014,19183,2439
5,1440614415,16065,19183,2439
6,1440614621,2567,19183,2439
8,1440614862,3969,19183,2439
0,1440696890,3969,19184,2439
1,1440697286,7322,19184,2439
3,1440697368,23038,19184,2439
4,1440697402,1373,19184,2439
0,1443461430,2537,19188,2439
1,1443461451,10,19188,2439
2,1443461475,63,19188,2439
3,1443461530,6074,19188,2439
4,1443461590,5702,19188,2439
6,1443461674,8388,19188,2439
7,1443461729,24,19188,2439
8,1443462020,1668,19188,2439
9,1443462222,3486,19188,2439
10,1443462429,48,19188,2439
11,1443462498,4211,19188,2439
0,1444111508,3178,19189,2439
1,1444111521,15,19189,2439
3,1444111732,5723,19189,2439
0,1444340372,3178,19190,2439
1,1444340414,21,19190,2439
2,1444340439,1319,19190,2439
2,1440412728,784,19288,2450
11,1440413987,3956,19288,2450
12,1440414102,26944,19288,2450
1,1440667323,1072,19290,2450
2,1440667346,21579,19290,2450
7,1440667597,15110,19290,2450
17,1440668481,9122,19290,2450
18,1440668979,11569,19290,2450
0,1440669075,14883,19290,2450
2,1441621256,3950,19291,2450
6,1441621710,5616,19291,2450
7,1441621866,8473,19291,2450
8,1441622004,7044,19291,2450
1,1441878155,25525,19294,2450
4,1441878266,14883,19294,2450
8,1441878485,1077,19294,2450
10,1441878575,256,19294,2450
13,1441879178,8473,19294,2450
15,1441879466,3703,19294,2450
4,1442829190,10882,19297,2450
5,1442829205,271,19297,2450
11,1442829787,23137,19297,2450
18,1442831301,10884,19297,2450
2,1442831489,8752,19297,2450
0,1440613333,3008,19340,2456
1,1440613405,6913,19340,2456
2,1440613453,6906,19340,2456
3,1440613767,6909,19340,2456
4,1440613791,6669,19340,2456
5,1440613852,6910,19340,2456
6,1440613885,6911,19340,2456
7,1440613984,5312,19340,2456
8,1440614221,6912,19340,2456
9,1440614341,6908,19340,2456
10,1440614349,6914,19340,2456
0,1445943639,6918,19341,2456
1,1445944152,6917,19341,2456
2,1445944303,6919,19341,2456
3,1445944374,6916,19341,2456
0,1445947076,6916,19342,2456
1,1445947181,6920,19342,2456
2,1445948031,6922,19342,2456
3,1445948137,6921,19342,2456
0,1444149787,5608,19387,2463
1,1444149906,11043,19387,2463
2,1444149996,15329,19387,2463
3,1444150123,11861,19387,2463
0,1446208454,9388,19389,2463
1,1446208540,11057,19389,2463
4,1446208760,4380,19389,2463
13,1446209098,5811,19389,2463
17,1446209294,5814,19389,2463
2,1446261031,9388,19390,2463
3,1446261086,11057,19390,2463
9,1446261666,11053,19390,2463
12,1446263180,5608,19390,2463
13,1446263209,25475,19390,2463
15,1446263428,11861,19390,2463
1,1446415623,11057,19391,2463
3,1446415884,8993,19391,2463
5,1446416108,5818,19391,2463
7,1446416278,22106,19391,2463
1,1442772951,5008,19509,2477
4,1442772987,12900,19509,2477
5,1442773502,5039,19509,2477
6,1442773510,1432,19509,2477
7,1442773519,1433,19509,2477
0,1443892278,17392,19510,2477
3,1443892309,5008,19510,2477
6,1443892332,12900,19510,2477
0,1444252901,2265,19511,2477
2,1444252905,9,19511,2477
3,1444252908,3954,19511,2477
4,1444252927,92,19511,2477
6,1444253012,220,19511,2477
0,1441349267,1071,19543,2481
1,1441349604,13908,19543,2481
4,1441350327,2866,19543,2481
5,1441350601,3609,19543,2481
0,1441688973,3026,19545,2481
5,1441691090,4675,19545,2481
6,1441691136,19933,19545,2481
7,1441691227,2956,19545,2481
8,1441691246,20516,19545,2481
9,1441691556,30828,19545,2481
12,1441691829,3641,19545,2481
13,1441692747,295,19545,2481
1,1441799096,3433,19546,2481
3,1441799172,11889,19546,2481
4,1441799302,7635,19546,2481
0,1442291691,2969,19548,2481
1,1442291892,3054,19548,2481
2,1442291931,2866,19548,2481
1,1443034555,5317,19629,2493
3,1443034993,29224,19629,2493
5,1443035104,2247,19629,2493
0,1443146017,5317,19631,2493
1,1443146054,273,19631,2493
3,1443146474,2247,19631,2493
7,1443146663,2060,19631,2493
1,1443719792,2247,19634,2493
2,1443719826,273,19634,2493
4,1443719906,1095,19634,2493
0,1443944041,2247,19635,2493
1,1443944090,273,19635,2493
7,1443945044,2124,19635,2493
0,1444074677,273,19636,2493
1,1444074679,5391,19636,2493
5,1444074917,2124,19636,2493
3,1444163237,2124,19637,2493
5,1444163312,245,19637,2493
6,1444163318,273,19637,2493
0,1440054178,2999,19659,2496
2,1440054622,1962,19659,2496
3,1440054636,232,19659,2496
2,1441721417,3011,19662,2496
3,1441722741,10921,19662,2496
4,1441723069,1962,19662,2496
5,1441723443,10934,19662,2496
1,1442569095,10934,19663,2496
2,1442569124,6074,19663,2496
3,1442569178,1146,19663,2496
1,1441952269,10771,19689,2501
3,1441952290,3466,19689,2501
5,1441952311,3473,19689,2501
0,1442840866,9290,19690,2501
1,1442840898,7649,19690,2501
2,1442841054,6050,19690,2501
3,1442841131,5339,19690,2501
6,1442841336,1405,19690,2501
7,1442841343,13054,19690,2501
9,1442841440,3628,19690,2501
0,1443595773,7908,19691,2501
1,1443595902,7177,19691,2501
3,1443596049,7649,19691,2501
4,1443596221,6050,19691,2501
6,1443596586,13054,19691,2501
1,1444740757,7573,19692,2501
2,1444741031,3628,19692,2501
3,1444741548,7177,19692,2501
1,1443613226,17691,19740,2508
3,1443613641,34325,19740,2508
5,1443613737,767,19740,2508
8,1443613815,14905,19740,2508
10,1443613908,18858,19740,2508
1,1443639866,14905,19741,2508
5,1443639875,34325,19741,2508
7,1443639875,767,19741,2508
9,1443639877,18858,19741,2508
10,1443639880,17691,19741,2508
3,1443768171,14905,19742,2508
4,1443768172,18858,19742,2508
5,1443768172,34325,19742,2508
6,1443768172,767,19742,2508
7,1443768176,17691,19742,2508
2,1443793885,767,19743,2508
3,1443793889,14905,19743,2508
5,1443793912,17691,19743,2508
8,1443793924,34325,19743,2508
9,1443793991,18858,19743,2508
0,1444127467,767,19744,2508
1,1444127467,17691,19744,2508
7,1444127478,18858,19744,2508
8,1444127493,14905,19744,2508
9,1444127499,34325,19744,2508
0,1444477537,18858,19745,2508
2,1444477539,14905,19745,2508
3,1444477542,767,19745,2508
5,1444477551,34325,19745,2508
6,1444477560,17691,19745,2508
0,1444760205,14905,19746,2508
1,1444760221,767,19746,2508
2,1444760254,17691,19746,2508
3,1444760255,34325,19746,2508
5,1444760266,18858,19746,2508
0,1444771633,18858,19747,2508
1,1444771637,34325,19747,2508
4,1444771643,767,19747,2508
5,1444771645,17691,19747,2508
6,1444771647,14905,19747,2508
1,1444910427,17691,19748,2508
2,1444910435,767,19748,2508
3,1444910436,34325,19748,2508
4,1444910439,18858,19748,2508
6,1444910452,14905,19748,2508
0,1444996934,18858,19749,2508
2,1444996939,17691,19749,2508
4,1444996941,14905,19749,2508
5,1444996947,34325,19749,2508
6,1444996952,767,19749,2508
0,1445161448,18858,19750,2508
1,1445161449,17691,19750,2508
3,1445161500,34325,19750,2508
4,1445161502,767,19750,2508
5,1445161521,14905,19750,2508
0,1445509514,18858,19751,2508
1,1445509514,767,19751,2508
2,1445509530,17691,19751,2508
3,1445509539,14905,19751,2508
4,1445509586,34325,19751,2508
0,1443367496,4069,19764,2511
1,1443368152,4067,19764,2511
2,1443368334,4070,19764,2511
3,1443368511,4068,19764,2511
0,1444500176,4078,19765,2511
1,1444500223,4072,19765,2511
2,1444500308,4077,19765,2511
3,1444500417,4076,19765,2511
4,1444500421,3956,19765,2511
5,1444500558,4075,19765,2511
6,1444500624,4082,19765,2511
7,1444500791,4079,19765,2511
8,1444500972,4071,19765,2511
9,1444501033,1212,19765,2511
10,1444501251,4074,19765,2511
11,1444501486,4073,19765,2511
12,1444501819,4081,19765,2511
0,1444649054,4091,19766,2511
1,1444649308,4083,19766,2511
5,1444649476,4094,19766,2511
6,1444649512,4085,19766,2511
8,1444649864,4087,19766,2511
9,1444650014,6508,19766,2511
10,1444650015,4093,19766,2511
11,1444650026,4092,19766,2511
12,1444650206,4088,19766,2511
13,1444650299,4084,19766,2511
14,1444650316,4089,19766,2511
15,1444650343,4096,19766,2511
18,1444650723,4090,19766,2511
19,1444652004,8061,19766,2511
0,1445020570,3646,19767,2511
1,1445020851,4100,19767,2511
2,1445021504,4099,19767,2511
0,1445265578,300,19768,2511
1,1445265657,4101,19768,2511
3,1445265781,4102,19768,2511
0,1440440341,6908,19978,2540
1,1440440353,6906,19978,2540
2,1440440533,3008,19978,2540
3,1440440605,6913,19978,2540
4,1440440681,6909,19978,2540
5,1440440691,6669,19978,2540
6,1440441121,6912,19978,2540
7,1440441385,6911,19978,2540
8,1440441513,6907,19978,2540
9,1440441645,6910,19978,2540
10,1440441744,6915,19978,2540
0,1445770539,6918,19979,2540
1,1445770674,6916,19979,2540
2,1445770846,6917,19979,2540
0,1445774876,6916,19980,2540
1,1445774931,6922,19980,2540
2,1445775037,6921,19980,2540
3,1445775281,6920,19980,2540
0,1440526741,6908,19991,2542
1,1440526921,6912,19991,2542
2,1440526939,6906,19991,2542
3,1440527013,6907,19991,2542
4,1440527367,6909,19991,2542
5,1440527445,6910,19991,2542
6,1440527544,6915,19991,2542
7,1440527785,6911,19991,2542
8,1440527833,3008,19991,2542
9,1440527884,5312,19991,2542
10,1440527905,6913,19991,2542
11,1440527949,6914,19991,2542
12,1440528291,6669,19991,2542
0,1445857147,6916,19992,2542
1,1445857152,6917,19992,2542
2,1445858139,6918,19992,2542
0,1445860676,6916,19993,2542
1,1445860837,6921,19993,2542
2,1445861631,6922,19993,2542
3,1444811044,3071,19996,2543
5,1444811198,7276,19996,2543
6,1444811233,7277,19996,2543
0,1444820708,7277,19997,2543
1,1444820751,7275,19997,2543
3,1444820829,7137,19997,2543
4,1444820885,7130,19997,2543
5,1444820981,11200,19997,2543
17,1444821349,11654,19997,2543
18,1444821482,3112,19997,2543
0,1444904372,1000,19998,2543
1,1444904415,3071,19998,2543
2,1444904493,7277,19998,2543
0,1444906535,3112,19999,2543
1,1444906545,11654,19999,2543
4,1444906662,7130,19999,2543
5,1444906684,7277,19999,2543
6,1444906688,3071,19999,2543
1,1445351663,2239,20001,2543
2,1445351751,11205,20001,2543
6,1445351966,12464,20001,2543
7,1445352116,3494,20001,2543
8,1445352722,153,20001,2543
0,1444377072,11251,20042,2549
2,1444377189,2008,20042,2549
3,1444378165,3834,20042,2549
4,1444378234,17896,20042,2549
5,1444378546,2265,20042,2549
0,1445070808,5068,20044,2549
1,1445070823,12963,20044,2549
2,1445070831,220,20044,2549
0,1445240289,9,20045,2549
3,1445240550,6573,20045,2549
4,1445240656,6572,20045,2549
5,1445240959,26583,20045,2549
3,1440066789,7317,20082,2554
4,1440068014,3956,20082,2554
5,1440068074,8752,20082,2554
2,1440473869,4658,20084,2554
3,1440473919,7419,20084,2554
4,1440474030,26944,20084,2554
8,1440474237,261,20084,2554
0,1440662523,26871,20087,2554
3,1440662675,4658,20087,2554
4,1440662904,26944,20087,2554
7,1440663125,21579,20087,2554
8,1440663134,1072,20087,2554
2,1441002219,7193,20089,2554
4,1441002301,26871,20089,2554
6,1441002346,4658,20089,2554
7,1441002706,7419,20089,2554
0,1442386865,3695,20091,2554
1,1442386979,3691,20091,2554
3,1442387086,36243,20091,2554
4,1442387115,9128,20091,2554
1,1442492896,282,20092,2554
3,1442493124,10882,20092,2554
4,1442493162,344,20092,2554
8,1442493779,10884,20092,2554
10,1442493857,7193,20092,2554
0,1442843893,1304,20111,2557
3,1442845360,2343,20111,2557
4,1442845415,9809,20111,2557
0,1443180714,8,20112,2557
1,1443180783,50,20112,2557
2,1443180806,6074,20112,2557
5,1443180845,14,20112,2557
0,1445843795,20245,20113,2557
1,1445843892,2378,20113,2557
2,1445843985,6082,20113,2557
1,1445939414,1320,20114,2557
2,1445939485,2276,20114,2557
3,1445939572,16894,20114,2557
4,1445939620,3178,20114,2557
5,1445939663,12833,20114,2557
6,1445939718,10,20114,2557
2,1445955912,34,20115,2557
3,1445955983,1321,20115,2557
4,1445956036,19,20115,2557
0,1446112411,2866,20116,2557
4,1446112618,2984,20116,2557
6,1446112633,10,20116,2557
8,1446112686,31,20116,2557
9,1446112704,16894,20116,2557
10,1446112799,6082,20116,2557
11,1446112853,4132,20116,2557
12,1446112923,3059,20116,2557
0,1446126685,4373,20117,2557
1,1446126749,1706,20117,2557
2,1446126783,5961,20117,2557
3,1446126817,2866,20117,2557
1,1442757695,5628,20202,2569
2,1442757906,55,20202,2569
4,1442758197,19022,20202,2569
5,1442758636,13971,20202,2569
8,1442758824,54,20202,2569
11,1442758917,9471,20202,2569
17,1442759184,6897,20202,2569
0,1442764095,93,20203,2569
2,1442764170,11520,20203,2569
8,1442764794,7062,20203,2569
11,1442765557,55,20203,2569
12,1442766313,19022,20203,2569
0,1443376724,3053,20204,2569
1,1443376757,13971,20204,2569
6,1443378370,43,20204,2569
8,1443378604,47,20204,2569
0,1444676054,47,20205,2569
5,1444677594,3203,20205,2569
6,1444677623,5956,20205,2569
9,1444677848,1217,20205,2569
11,1444678550,58,20205,2569
18,1444679594,16399,20205,2569
0,1444679715,11122,20205,2569
1,1444679728,12990,20205,2569
4,1444680281,10681,20205,2569
6,1444680355,3224,20205,2569
8,1444680508,14221,20205,2569
9,1444680845,18559,20205,2569
10,1444681604,17453,20205,2569
0,1440654319,1633,20270,2578
1,1440654344,3970,20270,2578
2,1440654353,20390,20270,2578
0,1442468569,302,20271,2578
1,1442468913,2877,20271,2578
6,1442469211,5686,20271,2578
15,1442469946,1151,20271,2578
1,1443358351,14213,20273,2578
4,1443358452,3486,20273,2578
8,1443358934,22503,20273,2578
9,1443358958,48,20273,2578
11,1443359461,302,20273,2578
2,1443521905,8052,20274,2578
3,1443521992,1316,20274,2578
4,1443522111,10093,20274,2578
5,1443522127,19540,20274,2578
0,1444201300,7,20275,2578
5,1444202005,1196,20275,2578
7,1444202148,48,20275,2578
8,1444202205,815,20275,2578
9,1444202319,10888,20275,2578
12,1444202609,4264,20275,2578
1,1444733015,48,20276,2578
3,1444734929,6313,20276,2578
5,1444735622,8207,20276,2578
7,1444735670,12078,20276,2578
8,1444735684,17418,20276,2578
9,1444735710,1360,20276,2578
10,1444735753,6555,20276,2578
3,1442750868,9276,20282,2579
5,1442751082,1934,20282,2579
6,1442751094,5226,20282,2579
10,1442751528,1931,20282,2579
13,1442751835,8103,20282,2579
16,1442751961,1939,20282,2579
18,1442752043,14385,20282,2579
19,1442752155,3457,20282,2579
2,1442823752,15128,20284,2579
5,1442824005,32803,20284,2579
6,1442824075,1935,20284,2579
9,1442824181,21119,20284,2579
10,1442824237,9276,20284,2579
2,1442828646,1934,20285,2579
3,1442828702,1931,20285,2579
8,1442829093,11027,20285,2579
9,1442829174,6806,20285,2579
10,1442829245,15128,20285,2579
11,1442829975,32803,20285,2579
13,1442830025,8103,20285,2579
0,1442851953,8597,20286,2579
3,1442852056,1935,20286,2579
4,1442852077,1932,20286,2579
2,1443182731,3112,20289,2579
3,1443182740,1935,20289,2579
6,1443182804,1943,20289,2579
8,1443182841,1934,20289,2579
10,1443183331,21280,20289,2579
19,1443183884,8597,20289,2579
0,1443183935,8103,20289,2579
1,1443183992,11027,20289,2579
2,1443185713,9276,20289,2579
4,1443186010,15128,20289,2579
3,1443373552,1943,20290,2579
5,1443373680,3112,20290,2579
8,1443374585,21280,20290,2579
0,1443448153,1935,20291,2579
1,1443448211,3112,20291,2579
4,1443448635,8597,20291,2579
5,1443448857,1934,20291,2579
6,1443448935,9276,20291,2579
7,1443448980,32803,20291,2579
10,1443449404,6349,20291,2579
0,1443519449,8597,20292,2579
2,1443519484,8103,20292,2579
3,1443519510,6349,20292,2579
1,1440666515,14242,20394,2592
2,1440666983,170,20394,2592
3,1440667077,10001,20394,2592
4,1440667142,5651,20394,2592
0,1440698750,10657,20395,2592
1,1440698935,5651,20395,2592
2,1440698999,14990,20395,2592
3,1440699099,10001,20395,2592
4,1440699156,172,20395,2592
5,1440699191,3472,20395,2592
6,1440699233,3016,20395,2592
7,1440699288,37,20395,2592
11,1440699759,2585,20395,2592
13,1440699980,100,20395,2592
0,1441017206,14990,20396,2592
1,1441017250,2585,20396,2592
2,1441017328,17388,20396,2592
0,1442420146,100,20398,2592
1,1442420170,108,20398,2592
2,1442420180,220,20398,2592
3,1442420256,2265,20398,2592
4,1442420317,1432,20398,2592
6,1442420434,92,20398,2592
0,1442426586,100,20399,2592
1,1442426640,108,20399,2592
2,1442426687,1330,20399,2592
4,1442426789,5039,20399,2592
0,1442841193,220,20400,2592
1,1442841778,92,20400,2592
2,1442841862,1432,20400,2592
0,1440411682,37,20541,2607
1,1440411700,3016,20541,2607
2,1440412253,5648,20541,2607
5,1440413004,5364,20541,2607
10,1440413966,3020,20541,2607
2,1440785178,3404,20543,2607
4,1440785310,20390,20543,2607
5,1440785347,23751,20543,2607
7,1440785543,2996,20543,2607
10,1440786231,50,20543,2607
1,1441380321,3020,20544,2607
5,1441380487,24487,20544,2607
7,1441380514,14399,20544,2607
9,1441380805,23248,20544,2607
1,1441690554,20831,20546,2607
2,1441690582,24484,20546,2607
5,1441690912,8986,20546,2607
0,1442553330,1304,20547,2607
2,1442553432,91,20547,2607
3,1442553441,2342,20547,2607
4,1442553456,8,20547,2607
5,1442553524,13805,20547,2607
6,1442553739,39,20547,2607
7,1442553772,3033,20547,2607
0,1442862265,23248,20548,2607
1,1442862287,50,20548,2607
3,1442862875,8977,20548,2607
4,1442862985,2276,20548,2607
5,1442863073,17425,20548,2607
1,1444639815,5815,20551,2607
3,1444639875,28532,20551,2607
4,1444640001,5945,20551,2607
0,1444736593,2276,20552,2607
1,1444736604,13805,20552,2607
2,1444736623,8977,20552,2607
0,1444761347,1322,20553,2607
1,1444761443,28532,20553,2607
2,1444761472,5815,20553,2607
0,1440396208,2986,20603,2613
1,1440396227,3963,20603,2613
2,1440396252,3013,20603,2613
0,1442204484,23,20608,2613
1,1442204539,7,20608,2613
2,1442204559,941,20608,2613
3,1442204634,11,20608,2613
0,1442819085,6156,20610,2613
1,1442819144,632,20610,2613
4,1442819259,22964,20610,2613
5,1442820212,7,20610,2613
6,1442820250,11,20610,2613
1,1444749204,10681,20613,2613
2,1444749238,14221,20613,2613
3,1444749267,3077,20613,2613
6,1444750402,21,20613,2613
0,1442320927,11889,20853,2645
2,1442322617,2876,20853,2645
3,1442323566,2877,20853,2645
4,1442323705,19710,20853,2645
5,1442323766,24596,20853,2645
7,1442323917,9074,20853,2645
0,1442332116,11823,20854,2645
1,1442332256,2300,20854,2645
2,1442332639,1637,20854,2645
3,1442333111,7245,20854,2645
0,1444728290,8132,20855,2645
1,1444728321,2859,20855,2645
2,1444728430,3059,20855,2645
4,1444728663,28532,20855,2645
0,1441642840,3102,20983,2660
1,1441642922,2965,20983,2660
3,1441643033,12075,20983,2660
7,1441643231,8466,20983,2660
9,1441643380,10007,20983,2660
10,1441643430,2596,20983,2660
11,1441643491,429,20983,2660
0,1442931674,4071,20984,2660
1,1442931711,8977,20984,2660
4,1442931819,3029,20984,2660
0,1442944753,3054,20985,2660
1,1442944819,5703,20985,2660
3,1442944941,653,20985,2660
4,1442944944,1652,20985,2660
1,1441166959,632,21067,2666
2,1441167025,652,21067,2666
3,1441167069,2446,21067,2666
0,1441338119,652,21068,2666
7,1441338462,632,21068,2666
10,1441338602,5659,21068,2666
12,1441338681,2596,21068,2666
14,1441338879,24484,21068,2666
1,1441770586,652,21072,2666
2,1441770620,3026,21072,2666
4,1441770666,1815,21072,2666
5,1441770670,8986,21072,2666
6,1441770718,5659,21072,2666
10,1441770899,3978,21072,2666
11,1441770924,23249,21072,2666
0,1441858667,12685,21073,2666
1,1441858706,4855,21073,2666
2,1441858713,2991,21073,2666
3,1441858808,6148,21073,2666
0,1441943353,34,21075,2666
1,1441943362,8343,21075,2666
3,1441943410,8986,21075,2666
4,1441943460,5426,21075,2666
5,1441943486,25398,21075,2666
16,1441943837,17856,21075,2666
0,1442033024,8343,21077,2666
1,1442033071,8977,21077,2666
2,1442033092,5426,21077,2666
6,1442033412,9709,21077,2666
18,1442034258,17856,21077,2666
5,1442124821,23248,21078,2666
9,1442125048,25398,21078,2666
11,1442125107,17856,21078,2666
13,1442125187,8977,21078,2666
0,1442327440,17854,21080,2666
1,1442327475,813,21080,2666
2,1442327539,3054,21080,2666
0,1442430295,17854,21081,2666
1,1442430300,813,21081,2666
2,1442430335,8977,21081,2666
3,1442430350,5426,21081,2666
9,1442430544,2607,21081,2666
0,1442550553,17854,21082,2666
5,1442550941,9709,21082,2666
8,1442551047,4840,21082,2666
9,1442551063,2437,21082,2666
10,1442551113,4071,21082,2666
0,1443106159,8986,21087,2666
1,1443106166,5426,21087,2666
2,1443106179,8977,21087,2666
4,1443106214,5659,21087,2666
5,1443106312,17854,21087,2666
0,1443244470,8986,21088,2666
1,1443244491,5426,21088,2666
2,1443244498,8343,21088,2666
2,1443673513,20369,21094,2666
6,1443673854,8977,21094,2666
11,1443673989,8986,21094,2666
12,1443674002,5426,21094,2666
13,1443674034,17856,21094,2666
15,1443674065,5659,21094,2666
0,1443795598,2438,21096,2666
1,1443795636,13805,21096,2666
2,1443795640,3026,21096,2666
4,1443795720,7509,21096,2666
0,1444569615,4071,21104,2666
1,1444569636,5426,21104,2666
3,1444569746,28532,21104,2666
2,1444841902,4399,21108,2666
4,1444842075,3077,21108,2666
5,1444842128,17588,21108,2666
8,1444842214,3071,21108,2666
1,1444938993,19226,21109,2666
2,1444939006,689,21109,2666
3,1444939019,662,21109,2666
6,1444939227,28532,21109,2666
8,1444939570,3071,21109,2666
9,1444939580,3077,21109,2666
0,1441687674,229,21243,2686
1,1441688219,230,21243,2686
2,1441688449,228,21243,2686
0,1444922852,240,21244,2686
1,1444923002,234,21244,2686
2,1444923050,236,21244,2686
3,1444923441,235,21244,2686
4,1444923671,237,21244,2686
0,1445188063,24323,21245,2686
1,1445188126,241,21245,2686
2,1445188298,242,21245,2686
3,1445188814,237,21245,2686
3,1442046577,6468,21438,2712
5,1442046662,22176,21438,2712
10,1442046752,5763,21438,2712
0,1444157122,7725,21448,2712
4,1444157265,823,21448,2712
6,1444157307,18513,21448,2712
7,1444157327,4237,21448,2712
5,1444464357,280,21449,2712
9,1444464451,2971,21449,2712
10,1444464471,11343,21449,2712
4,1445156453,4301,21450,2712
9,1445156600,26561,21450,2712
10,1445156620,5738,21450,2712
11,1445156635,3071,21450,2712
0,1443367552,4067,21454,2713
1,1443367734,4070,21454,2713
2,1443368096,4069,21454,2713
3,1443368511,4068,21454,2713
0,1444500008,4077,21455,2713
1,1444500417,4076,21455,2713
2,1444500523,4072,21455,2713
3,1444500791,4079,21455,2713
4,1444500951,4074,21455,2713
5,1444501021,3956,21455,2713
6,1444501033,1212,21455,2713
7,1444501186,4073,21455,2713
8,1444501376,4078,21455,2713
9,1444501440,4080,21455,2713
10,1444501519,4081,21455,2713
0,1444648932,4086,21456,2713
1,1444649054,4091,21456,2713
2,1444649115,4093,21456,2713
3,1444649212,4085,21456,2713
4,1444649306,4088,21456,2713
8,1444649523,4090,21456,2713
9,1444649714,6508,21456,2713
10,1444649726,4092,21456,2713
12,1444649908,4083,21456,2713
13,1444649999,4084,21456,2713
14,1444650076,4094,21456,2713
15,1444650149,4097,21456,2713
17,1444650326,4096,21456,2713
18,1444650616,4089,21456,2713
19,1444652004,8061,21456,2713
0,1445020887,3646,21457,2713
1,1445021468,4098,21457,2713
2,1445021751,4100,21457,2713
3,1445021804,4099,21457,2713
1,1445265578,300,21458,2713
2,1445265728,4102,21458,2713
3,1445266257,4101,21458,2713
0,1441860649,228,21515,2722
1,1441860719,230,21515,2722
2,1441861374,229,21515,2722
0,1444229860,232,21516,2722
1,1444230046,231,21516,2722
2,1444231013,233,21516,2722
0,1445095952,240,21517,2722
1,1445096241,235,21517,2722
2,1445096471,237,21517,2722
3,1445096511,238,21517,2722
0,1440440485,6911,21570,2731
1,1440440649,6914,21570,2731
2,1440440830,6906,21570,2731
3,1440440991,6669,21570,2731
4,1440441133,3008,21570,2731
5,1440441213,6907,21570,2731
6,1440441484,5312,21570,2731
7,1440441505,6913,21570,2731
8,1440441581,6909,21570,2731
9,1440441945,6910,21570,2731
0,1445770447,6916,21571,2731
1,1445770452,6917,21571,2731
2,1445771203,6919,21571,2731
3,1445771439,6918,21571,2731
0,1445775037,6921,21572,2731
1,1445775176,6916,21572,2731
2,1445775231,6922,21572,2731
3,1445775281,6920,21572,2731
0,1442487529,1353,21826,2763
2,1442488079,8427,21826,2763
4,1442488661,5770,21826,2763
5,1442488680,5765,21826,2763
7,1442489246,5786,21826,2763
9,1442489371,9010,21826,2763
1,1444745849,9406,21829,2763
2,1444746756,11962,21829,2763
5,1444748144,11954,21829,2763
10,1444748397,11964,21829,2763
0,1444813587,523,21830,2763
1,1444813630,2165,21830,2763
3,1444814455,1400,21830,2763
3,1444817431,2165,21831,2763
4,1444817496,2859,21831,2763
11,1444818474,18290,21831,2763
0,1444919688,4139,21833,2763
1,1444919850,5793,21833,2763
2,1444919866,24090,21833,2763
0,1440526585,6911,21879,2770
1,1440526684,5312,21879,2770
2,1440527257,6906,21879,2770
3,1440527452,6910,21879,2770
4,1440527544,6915,21879,2770
5,1440527821,6912,21879,2770
6,1440527913,6907,21879,2770
7,1440527941,6908,21879,2770
8,1440527949,6914,21879,2770
9,1440527981,6909,21879,2770
10,1440528291,6669,21879,2770
0,1445856939,6918,21880,2770
1,1445857003,6919,21880,2770
2,1445857074,6916,21880,2770
3,1445857152,6917,21880,2770
0,1445860405,6916,21881,2770
1,1445861631,6922,21881,2770
2,1445861737,6921,21881,2770
1,1440915019,1405,21891,2772
2,1440915059,2239,21891,2772
7,1440915527,4405,21891,2772
8,1440915545,3588,21891,2772
15,1440916370,21633,21891,2772
0,1441047383,12450,21892,2772
2,1441047501,4407,21892,2772
4,1441047512,27291,21892,2772
0,1441208786,2587,21894,2772
2,1441208870,3552,21894,2772
4,1441209036,17606,21894,2772
5,1441209065,7308,21894,2772
8,1441209166,12450,21894,2772
9,1441209301,4407,21894,2772
2,1441386629,3546,21896,2772
0,1441387738,18522,21896,2772
3,1441387852,1908,21896,2772
0,1442069954,4415,21901,2772
2,1442070027,6500,21901,2772
5,1442070257,2786,21901,2772
0,1442342825,1759,21904,2772
1,1442342859,134,21904,2772
5,1442342941,18633,21904,2772
8,1442343008,3475,21904,2772
9,1442343056,3484,21904,2772
0,1443113771,11192,21909,2772
3,1443113955,7689,21909,2772
8,1443114212,5882,21909,2772
0,1443725999,4416,21914,2772
3,1443726102,11349,21914,2772
5,1443726887,2349,21914,2772
8,1443726986,11654,21914,2772
11,1443727526,24279,21914,2772
0,1444338693,392,21916,2772
1,1444338774,5133,21916,2772
3,1444338932,7277,21916,2772
2,1445094841,12464,21919,2772
6,1445095152,689,21919,2772
8,1445095230,15246,21919,2772
1,1440066091,9578,22067,2796
2,1440066095,3228,22067,2796
4,1440066544,6769,22067,2796
0,1441719111,18277,22070,2796
2,1441719145,9758,22070,2796
3,1441719148,1373,22070,2796
4,1441719154,11568,22070,2796
6,1441719167,9594,22070,2796
7,1441719172,15003,22070,2796
10,1441719198,1139,22070,2796
0,1442298328,11838,22071,2796
1,1442298385,13733,22071,2796
4,1442298504,8390,22071,2796
5,1442298658,15016,22071,2796
6,1442299070,6763,22071,2796
8,1442299229,18277,22071,2796
0,1442403521,3246,22073,2796
1,1442403693,5542,22073,2796
2,1442403748,15018,22073,2796
1,1442471959,13733,22074,2796
2,1442471985,15016,22074,2796
3,1442472018,9594,22074,2796
6,1442472761,11808,22074,2796
7,1442473376,5542,22074,2796
0,1443427021,3254,22076,2796
1,1443427274,15003,22076,2796
3,1443427311,9578,22076,2796
1,1443612805,3254,22080,2796
4,1443614215,1536,22080,2796
5,1443614315,18685,22080,2796
0,1444032682,3254,22082,2796
2,1444032725,6770,22082,2796
8,1444034353,15018,22082,2796
9,1444034428,6763,22082,2796
0,1440054637,3048,22112,2800
1,1440054646,91,22112,2800
8,1440055942,17767,22112,2800
9,1440055966,12868,22112,2800
10,1440055994,26581,22112,2800
13,1440056312,31082,22112,2800
14,1440056422,170,22112,2800
1,1440132738,32196,22113,2800
2,1440132797,7310,22113,2800
4,1440132918,3969,22113,2800
0,1441041639,6658,22115,2800
4,1441042608,24487,22115,2800
5,1441042682,5670,22115,2800
9,1441042917,3969,22115,2800
0,1441704138,3691,22118,2800
1,1441704212,1637,22118,2800
6,1441704740,3972,22118,2800
8,1441704850,1723,22118,2800
9,1441704857,18018,22118,2800
11,1441704924,5036,22118,2800
12,1441705091,6104,22118,2800
0,1442235565,10168,22119,2800
1,1442235577,2458,22119,2800
2,1442235618,1723,22119,2800
3,1442235682,4451,22119,2800
2,1442309667,2969,22120,2800
7,1442309924,13968,22120,2800
8,1442310023,1637,22120,2800
0,1443672679,1723,22124,2800
1,1443672716,1316,22124,2800
2,1443672745,3033,22124,2800
3,1443672762,3032,22124,2800
5,1443672860,8607,22124,2800
0,1444389185,11947,22125,2800
1,1444389219,5942,22125,2800
2,1444389301,17523,22125,2800
5,1444389379,1316,22125,2800
6,1444389422,12830,22125,2800
7,1444389454,14981,22125,2800
11,1444389676,7310,22125,2800
0,1441687019,230,22189,2810
1,1441688449,228,22189,2810
2,1441688574,229,22189,2810
0,1444057246,231,22190,2810
1,1444057660,232,22190,2810
2,1444057913,233,22190,2810
0,1444922841,235,22191,2810
1,1444922855,239,22191,2810
2,1444923002,234,22191,2810
3,1444923050,236,22191,2810
4,1444923111,238,22191,2810
5,1444923671,237,22191,2810
6,1444924052,240,22191,2810
1,1441052531,5653,22223,2816
2,1441052631,5651,22223,2816
3,1441052687,13718,22223,2816
1,1441745347,3035,22224,2816
2,1441745447,13718,22224,2816
4,1441745549,5653,22224,2816
5,1441745579,230,22224,2816
6,1441745669,1308,22224,2816
0,1442733161,5630,22225,2816
1,1442733170,2925,22225,2816
2,1442733310,172,22225,2816
3,1442733436,2984,22225,2816
4,1442733515,43,22225,2816
5,1442733532,13718,22225,2816
6,1442733698,93,22225,2816
1,1442328143,2782,22361,2834
2,1442328393,10520,22361,2834
4,1442328457,21074,22361,2834
8,1442328580,3459,22361,2834
10,1442328637,8088,22361,2834
18,1442328771,3527,22361,2834
3,1444672143,7133,22364,2834
6,1444672404,11200,22364,2834
8,1444672423,10262,22364,2834
12,1444672528,21078,22364,2834
15,1444672541,7134,22364,2834
18,1444672627,10547,22364,2834
0,1444672685,9290,22364,2834
3,1444672753,35907,22364,2834
6,1444672848,7110,22364,2834
7,1444672873,3546,22364,2834
8,1444672894,7903,22364,2834
0,1444830875,12469,22366,2834
1,1444830896,9306,22366,2834
2,1444830908,3546,22366,2834
4,1444830933,7903,22366,2834
0,1444836397,12469,22367,2834
1,1444836517,7110,22367,2834
2,1444836554,35907,22367,2834
0,1444843394,3546,22368,2834
1,1444843411,18633,22368,2834
2,1444843462,21078,22368,2834
3,1444845210,7134,22368,2834
5,1444845934,35907,22368,2834
0,1445345773,1949,22370,2834
2,1445345793,16586,22370,2834
4,1445345804,7903,22370,2834
0,1445880211,17627,22372,2834
4,1445880263,28426,22372,2834
5,1445880274,27123,22372,2834
11,1445880353,10288,22372,2834
12,1445880357,5129,22372,2834
18,1445880377,21191,22372,2834
2,1445880494,12467,22372,2834
6,1445880535,10284,22372,2834
7,1445880544,7127,22372,2834
9,1445880549,24279,22372,2834
0,1442987215,5498,22455,2844
5,1442987679,989,22455,2844
7,1442988457,5854,22455,2844
2,1443021215,5498,22456,2844
3,1443021269,10514,22456,2844
5,1443021322,21074,22456,2844
7,1443021394,8091,22456,2844
9,1443021450,8836,22456,2844
1,1443598938,5861,22457,2844
4,1443598982,5878,22457,2844
6,1443599073,15992,22457,2844
8,1443599201,5498,22457,2844
0,1441727575,3020,22509,2851
2,1441727810,2965,22509,2851
3,1441727872,105,22509,2851
1,1444312773,8,22511,2851
4,1444312874,63,22511,2851
6,1444313208,25,22511,2851
0,1444379134,25,22512,2851
5,1444380682,3213,22512,2851
7,1444380756,12935,22512,2851
2,1445261331,5671,22514,2851
4,1445261600,2008,22514,2851
6,1445261775,17211,22514,2851
16,1445262851,2852,22514,2851
19,1445262946,12935,22514,2851
0,1440333662,2990,22559,2858
1,1440333702,3016,22559,2858
2,1440333847,5651,22559,2858
3,1440333848,1735,22559,2858
4,1440333993,2986,22559,2858
5,1440334018,3968,22559,2858
9,1440334326,3688,22559,2858
10,1440334502,1739,22559,2858
11,1440334518,6271,22559,2858
12,1440334547,3012,22559,2858
13,1440334572,11235,22559,2858
14,1440334624,2988,22559,2858
16,1440334660,36,22559,2858
17,1440334676,3963,22559,2858
18,1440334693,40,22559,2858
2,1440335107,18203,22559,2858
3,1440335409,2987,22559,2858
0,1440509399,3968,22560,2858
2,1440509600,3688,22560,2858
5,1440509953,20234,22560,2858
7,1440510074,2990,22560,2858
8,1440510229,2342,22560,2858
9,1440510340,3016,22560,2858
10,1440510507,172,22560,2858
11,1440510537,5651,22560,2858
12,1440510588,2988,22560,2858
13,1440510609,37,22560,2858
15,1440510960,3017,22560,2858
0,1441685446,2988,22562,2858
1,1441685489,245,22562,2858
2,1441685498,523,22562,2858
3,1441685571,941,22562,2858
4,1441685585,172,22562,2858
6,1441685712,2999,22562,2858
7,1441685803,1003,22562,2858
10,1441685993,34,22562,2858
11,1441686053,41,22562,2858
2,1443120007,14247,22564,2858
4,1443120808,24484,22564,2858
6,1443121132,2276,22564,2858
13,1443121940,14399,22564,2858
0,1443426433,2342,22565,2858
1,1443426764,93,22565,2858
2,1443426783,941,22565,2858
0,1443431538,2342,22566,2858
1,1443431556,1304,22566,2858
2,1443431576,3026,22566,2858
3,1443431600,3160,22566,2858
4,1443432000,58,22566,2858
5,1443432042,11236,22566,2858
0,1444336126,34,22567,2858
1,1444336152,8,22567,2858
3,1444336275,2276,22567,2858
4,1444336289,1320,22567,2858
7,1444336411,3160,22567,2858
9,1444336491,4472,22567,2858
10,1444336533,10,22567,2858
11,1444336563,1316,22567,2858
13,1444336771,2929,22567,2858
14,1444336822,3988,22567,2858
15,1444336954,3029,22567,2858
16,1444337169,11520,22567,2858
0,1445689629,1320,22568,2858
1,1445689682,940,22568,2858
3,1445689748,3706,22568,2858
5,1445689820,10,22568,2858
6,1445689835,3962,22568,2858
7,1445689861,1316,22568,2858
0,1441261825,5031,22641,2868
1,1441262136,18018,22641,2868
3,1441262241,15119,22641,2868
0,1441265821,5031,22642,2868
2,1441265869,15119,22642,2868
5,1441266041,22956,22642,2868
8,1441266308,18018,22642,2868
4,1441341307,18018,22643,2868
5,1441341395,5031,22643,2868
7,1441342722,15119,22643,2868
9,1441342756,11842,22643,2868
3,1441603164,22956,22645,2868
4,1441603253,15119,22645,2868
9,1441603359,5026,22645,2868
11,1441603484,18018,22645,2868
12,1441603495,5031,22645,2868
15,1441603627,11842,22645,2868
19,1441604334,10570,22645,2868
3,1441690343,22956,22646,2868
5,1441690414,12521,22646,2868
6,1441690596,12520,22646,2868
5,1441774607,22956,22647,2868
6,1441774622,15119,22647,2868
8,1441774721,12520,22647,2868
10,1441774824,12521,22647,2868
11,1441774873,5026,22647,2868
13,1441774943,18018,22647,2868
0,1441860553,12520,22648,2868
2,1441860903,12521,22648,2868
3,1441860921,5026,22648,2868
8,1441861148,22956,22648,2868
9,1441861168,15119,22648,2868
0,1441947147,18280,22649,2868
1,1441947162,12520,22649,2868
3,1441947444,12521,22649,2868
4,1441947465,5026,22649,2868
6,1441947526,18018,22649,2868
12,1441947693,22956,22649,2868
13,1441947709,15119,22649,2868
4,1442293039,21259,22650,2868
5,1442293122,10906,22650,2868
8,1442293442,22956,22650,2868
9,1442293467,15119,22650,2868
1,1442812105,5056,22651,2868
2,1442812152,12295,22651,2868
5,1442812245,10906,22651,2868
6,1442812381,21259,22651,2868
8,1442812442,18280,22651,2868
9,1442812478,12520,22651,2868
11,1442812510,12521,22651,2868
12,1442812521,5026,22651,2868
17,1442812745,22956,22651,2868
18,1442812766,15119,22651,2868
0,1443071711,5077,22654,2868
3,1443072131,5056,22654,2868
4,1443072143,12295,22654,2868
7,1443072177,10906,22654,2868
8,1443072189,21259,22654,2868
9,1443072241,8932,22654,2868
15,1443072345,22956,22654,2868
16,1443072353,15119,22654,2868
1,1443423057,9620,22655,2868
2,1443423073,8942,22655,2868
4,1443423170,5077,22655,2868
7,1443423612,5056,22655,2868
8,1443423640,12295,22655,2868
11,1443423713,10906,22655,2868
17,1443424046,8932,22655,2868
3,1443424487,22956,22655,2868
4,1443424500,15119,22655,2868
1,1443507777,9620,22656,2868
2,1443507787,8942,22656,2868
4,1443507877,5077,22656,2868
10,1443508029,8932,22656,2868
1,1443590771,9620,22657,2868
2,1443590783,8942,22657,2868
4,1443590912,5077,22657,2868
7,1443590990,5056,22657,2868
12,1443591452,8932,22657,2868
0,1443763398,18877,22658,2868
2,1443765064,9620,22658,2868
3,1443765109,8942,22658,2868
5,1443765211,5077,22658,2868
8,1443765266,5056,22658,2868
13,1443765385,8932,22658,2868
1,1444029005,18877,22659,2868
3,1444029040,9620,22659,2868
4,1444029052,8942,22659,2868
6,1444029117,5077,22659,2868
9,1444029232,5056,22659,2868
10,1444029311,12295,22659,2868
13,1444029357,10906,22659,2868
14,1444029385,21259,22659,2868
0,1444029511,8932,22659,2868
6,1444029702,22956,22659,2868
5,1444200103,8932,22661,2868
7,1444200409,18877,22661,2868
9,1444200472,9620,22661,2868
10,1444200499,8942,22661,2868
12,1444200545,5077,22661,2868
1,1444287131,18877,22662,2868
3,1444287272,9620,22662,2868
9,1444287676,8932,22662,2868
0,1444373282,843,22663,2868
2,1444373349,18877,22663,2868
4,1444373382,9620,22663,2868
5,1444373393,8942,22663,2868
11,1444373691,8932,22663,2868
0,1444803481,10055,22665,2868
2,1444804071,843,22665,2868
4,1444804121,18877,22665,2868
0,1444891264,10055,22666,2868
2,1444891521,843,22666,2868
4,1444891620,18877,22666,2868
2,1444977473,10055,22667,2868
4,1444977755,843,22667,2868
6,1444977825,18877,22667,2868
8,1444977856,9620,22667,2868
3,1445238310,10055,22669,2868
5,1445238341,843,22669,2868
15,1445239202,18877,22669,2868
17,1445239282,9620,22669,2868
18,1445239301,8942,22669,2868
3,1445239748,8932,22669,2868
4,1445239783,10906,22669,2868
2,1445495769,10055,22672,2868
3,1445495798,843,22672,2868
4,1445495888,9620,22672,2868
6,1445845231,10055,22674,2868
7,1445845247,843,22674,2868
9,1445845334,18877,22674,2868
11,1445845377,9620,22674,2868
12,1445845404,8942,22674,2868
1,1444120045,22620,22707,2873
2,1444120510,16293,22707,2873
3,1444120655,10942,22707,2873
4,1444120684,11721,22707,2873
5,1444120718,2009,22707,2873
0,1444289003,16293,22708,2873
2,1444289106,22623,22708,2873
3,1444289346,2004,22708,2873
6,1444290043,10942,22708,2873
10,1444290250,2009,22708,2873
13,1444290748,16285,22708,2873
0,1444806488,16293,22710,2873
1,1444806578,2009,22710,2873
2,1444806645,16285,22710,2873
3,1444807030,16955,22710,2873
4,1444807087,18384,22710,2873
5,1444807090,11491,22710,2873
13,1444807232,1132,22710,2873
0,1445423383,14644,22711,2873
1,1445423398,22635,22711,2873
2,1445423571,2000,22711,2873
3,1445423690,2007,22711,2873
7,1445424163,2004,22711,2873
9,1445424975,2009,22711,2873
10,1445425035,244,22711,2873
0,1445507931,14645,22712,2873
3,1445508099,6134,22712,2873
4,1445508188,2009,22712,2873
5,1445508295,16285,22712,2873
3,1441607432,16846,22808,2885
6,1441607514,16856,22808,2885
10,1441607575,3247,22808,2885
15,1441607713,2707,22808,2885
16,1441607717,21328,22808,2885
1,1442211448,2669,22809,2885
2,1442211568,13122,22809,2885
3,1442211625,16852,22809,2885
0,1442398048,2669,22810,2885
1,1442398081,16852,22810,2885
2,1442398682,13122,22810,2885
3,1442398720,2677,22810,2885
4,1442398841,2680,22810,2885
6,1442400398,16856,22810,2885
9,1442400798,2681,22810,2885
15,1442402415,16861,22810,2885
0,1442811241,2677,22811,2885
1,1442811272,16852,22811,2885
2,1442811392,13122,22811,2885
3,1442811440,16846,22811,2885
6,1442812050,16856,22811,2885
0,1443420893,2665,22812,2885
1,1443421026,3256,22812,2885
2,1443421162,13733,22812,2885
3,1443421252,3259,22812,2885
5,1443421415,2702,22812,2885
7,1443421719,2680,22812,2885
9,1443421929,21328,22812,2885
10,1443422205,2707,22812,2885
12,1443422860,16861,22812,2885
0,1444117948,2665,22814,2885
1,1444118286,2680,22814,2885
3,1444118627,3961,22814,2885
2,1440068942,377,22850,2892
3,1440069008,10771,22850,2892
9,1440069302,7640,22850,2892
0,1441085257,1405,22852,2892
1,1441085266,20928,22852,2892
2,1441086242,5759,22852,2892
7,1442931135,14803,22853,2892
9,1442931240,2321,22853,2892
11,1442931319,5391,22853,2892
2,1444204920,19,22855,2892
3,1444204944,1047,22855,2892
4,1444205165,17068,22855,2892
5,1444205194,26,22855,2892
0,1442936252,7574,22875,2894
1,1442936319,1000,22875,2894
4,1442936529,3486,22875,2894
6,1442936734,9306,22875,2894
1,1443078473,11323,22876,2894
5,1443078644,1000,22876,2894
7,1443078690,21146,22876,2894
10,1443079029,10256,22876,2894
11,1443079138,1172,22876,2894
12,1443079228,15216,22876,2894
0,1443161021,14213,22878,2894
1,1443161140,2785,22878,2894
2,1443161200,273,22878,2894
3,1443161305,17256,22878,2894
4,1443161336,1001,22878,2894
5,1443161712,2587,22878,2894
6,1443161749,7635,22878,2894
7,1443161818,132,22878,2894
10,1443161934,22584,22878,2894
6,1443436179,1001,22879,2894
8,1443436391,271,22879,2894
9,1443436644,1172,22879,2894
11,1443437139,7649,22879,2894
11,1443545183,396,22881,2894
14,1443545357,1196,22881,2894
15,1443545440,1001,22881,2894
0,1441254286,1139,22940,2899
1,1441254450,3707,22940,2899
2,1441254493,230,22940,2899
3,1441254608,3010,22940,2899
4,1441254634,5648,22940,2899
1,1442033416,34,22941,2899
2,1442033758,4469,22941,2899
3,1442033889,2308,22941,2899
4,1442034050,4460,22941,2899
5,1442034162,13962,22941,2899
6,1442034214,5663,22941,2899
7,1442034712,10703,22941,2899
8,1442034781,941,22941,2899
10,1442035377,21114,22941,2899
0,1443186504,19,22942,2899
2,1443186698,813,22942,2899
4,1443187053,22,22942,2899
2,1440684900,14155,23050,2915
5,1440685126,1306,23050,2915
7,1440686479,12750,23050,2915
0,1441167111,3950,23052,2915
3,1441167340,7193,23052,2915
4,1441167412,7210,23052,2915
5,1441167461,1072,23052,2915
13,1441169310,12750,23052,2915
15,1441169561,9492,23052,2915
3,1441772010,259,23059,2915
5,1441772511,8655,23059,2915
6,1441772605,11889,23059,2915
7,1441772831,4675,23059,2915
0,1442856252,1962,23068,2915
1,1442856266,8343,23068,2915
2,1442856277,10935,23068,2915
3,1442856309,4130,23068,2915
1,1444037103,1998,23072,2915
3,1444037757,1997,23072,2915
5,1444038067,164,23072,2915
0,1444729782,36095,23082,2915
1,1444729792,5294,23082,2915
2,1444729848,3882,23082,2915
0,1445330596,261,23092,2915
4,1445330807,23137,23092,2915
7,1445331183,5220,23092,2915
2,1440520740,7903,23161,2922
8,1440521543,12543,23161,2922
9,1440521551,122,23161,2922
10,1440521768,2787,23161,2922
7,1442500435,7104,23162,2922
8,1442500501,28291,23162,2922
9,1442500540,7248,23162,2922
11,1442500726,14358,23162,2922
15,1442500857,8834,23162,2922
0,1443772929,4416,23163,2922
4,1443773165,19016,23163,2922
6,1443773292,24279,23163,2922
13,1443773718,29168,23163,2922
16,1443773889,5339,23163,2922
0,1443774252,7488,23163,2922
2,1443774610,27166,23163,2922
7,1442813661,7571,23223,2931
13,1442813695,13031,23223,2931
15,1442813704,1250,23223,2931
5,1442813961,26306,23223,2931
7,1442813984,27340,23223,2931
2,1442908596,10027,23224,2931
5,1442908730,17604,23224,2931
6,1442908810,1223,23224,2931
7,1442908820,3395,23224,2931
7,1443592871,20961,23225,2931
13,1443593157,26306,23225,2931
15,1443593201,26303,23225,2931
0,1443593728,1223,23225,2931
3,1443593796,22373,23225,2931
9,1443594088,8369,23225,2931
15,1443594340,282,23225,2931
2,1441903355,1939,23385,2953
3,1441903503,8098,23385,2953
7,1441904355,3527,23385,2953
1,1442235853,3475,23386,2953
2,1442235892,9278,23386,2953
5,1442236087,10520,23386,2953
10,1442236260,3919,23386,2953
1,1442473499,3475,23387,2953
3,1442473797,9278,23387,2953
5,1442474611,10514,23387,2953
8,1442474679,10520,23387,2953
9,1442474718,5339,23387,2953
10,1442474770,8836,23387,2953
15,1442475063,3919,23387,2953
0,1442491576,9278,23388,2953
1,1442492642,10520,23388,2953
2,1442493858,10514,23388,2953
1,1443089623,11192,23393,2953
3,1443089749,2348,23393,2953
11,1443090046,7689,23393,2953
12,1443090062,7177,23393,2953
4,1443453139,19016,23394,2953
13,1443453571,23579,23394,2953
14,1443453764,24279,23394,2953
0,1444231749,7689,23397,2953
1,1444232151,7177,23397,2953
2,1444232195,19016,23397,2953
1,1444246448,19016,23398,2953
4,1444247539,10547,23398,2953
8,1444247707,12469,23398,2953
12,1444247804,7134,23398,2953
0,1444334291,10547,23399,2953
1,1444334755,12469,23399,2953
4,1444336067,7133,23399,2953
0,1444724305,12469,23400,2953
2,1444724482,7133,23400,2953
3,1444724578,7696,23400,2953
4,1444724626,4592,23400,2953
6,1444724721,10262,23400,2953
7,1444724784,7134,23400,2953
1,1444811342,30212,23401,2953
2,1444811457,5129,23401,2953
3,1444811553,7133,23401,2953
4,1444812903,12469,23401,2953
0,1446464414,5129,23403,2953
6,1446465506,12473,23403,2953
7,1446465612,15270,23403,2953
14,1446466315,12470,23403,2953
15,1446466422,15272,23403,2953
16,1446466441,21559,23403,2953
19,1446466557,16049,23403,2953
6,1446544057,15270,23405,2953
9,1446544148,9669,23405,2953
12,1446544215,7141,23405,2953
13,1446544223,12470,23405,2953
14,1446544244,15272,23405,2953
0,1446546044,16049,23405,2953
1,1446546240,12473,23405,2953
3,1442502227,5687,23491,2967
6,1442502351,23309,23491,2967
7,1442502482,5689,23491,2967
0,1443518057,3972,23492,2967
1,1443518114,7190,23492,2967
2,1443518122,5689,23492,2967
3,1443518164,3956,23492,2967
0,1443796656,933,23493,2967
1,1443796684,23309,23493,2967
2,1443796696,8,23493,2967
0,1444989021,165,23495,2967
1,1444989040,933,23495,2967
2,1444989071,23309,23495,2967
5,1444989161,14387,23495,2967
6,1444989221,4841,23495,2967
7,1444989300,6271,23495,2967
8,1444989386,23,23495,2967
9,1444989417,1313,23495,2967
0,1441371011,3980,23599,2983
1,1441371198,100,23599,2983
2,1441371209,10657,23599,2983
3,1441371621,2991,23599,2983
0,1442327041,3034,23600,2983
1,1442327149,194,23600,2983
3,1442327276,18925,23600,2983
5,1442327523,7324,23600,2983
8,1442328615,3966,23600,2983
10,1442328753,5039,23600,2983
0,1443531562,19820,23601,2983
1,1443532002,220,23601,2983
2,1443532028,10766,23601,2983
3,1443532088,11519,23601,2983
0,1444753327,3834,23602,2983
1,1444753943,3980,23602,2983
2,1444754103,9,23602,2983
3,1444754313,3031,23602,2983
2,1442133004,21346,23651,2989
3,1442133119,9020,23651,2989
4,1442133207,3252,23651,2989
6,1442133351,2772,23651,2989
7,1442133412,2994,23651,2989
8,1442133443,2957,23651,2989
9,1442133535,3246,23651,2989
10,1442133623,5547,23651,2989
13,1442134086,14883,23651,2989
16,1442134237,1139,23651,2989
2,1444395111,11251,23653,2989
3,1444395130,2711,23653,2989
5,1444395467,10681,23653,2989
11,1444396295,17209,23653,2989
12,1444396361,3697,23653,2989
16,1444396707,15770,23653,2989
17,1444396759,2508,23653,2989
0,1444396855,1652,23653,2989
1,1444396955,20245,23653,2989
2,1444397119,2343,23653,2989
0,1444659947,25525,23654,2989
1,1444660000,10685,23654,2989
2,1444660034,2665,23654,2989
3,1444660230,12274,23654,2989
0,1445357504,1047,23780,3004
1,1445357577,5717,23780,3004
3,1445357647,29446,23780,3004
4,1445357661,8745,23780,3004
6,1445357675,5404,23780,3004
8,1445357689,1313,23780,3004
9,1445357699,5663,23780,3004
12,1445357948,4133,23780,3004
13,1445357957,11519,23780,3004
15,1445358362,10985,23780,3004
16,1445358704,1279,23780,3004
0,1445558914,11519,23784,3004
1,1445558989,29446,23784,3004
2,1445559038,3395,23784,3004
3,1445559067,1167,23784,3004
0,1445698890,3395,23785,3004
1,1445698905,1167,23785,3004
2,1445698934,29446,23785,3004
0,1445719724,29446,23786,3004
1,1445719813,3395,23786,3004
2,1445719818,1167,23786,3004
0,1445727753,29446,23787,3004
1,1445727769,1167,23787,3004
2,1445727834,3395,23787,3004
0,1445744698,29446,23788,3004
1,1445744698,1167,23788,3004
2,1445744703,3395,23788,3004
0,1445759419,29446,23789,3004
1,1445759421,1167,23789,3004
2,1445759431,3395,23789,3004
0,1445766847,29446,23790,3004
1,1445766858,1167,23790,3004
2,1445766885,3395,23790,3004
1,1440340311,7187,23976,3032
4,1440340377,7424,23976,3032
7,1440340537,14345,23976,3032
8,1440340567,3584,23976,3032
0,1442153580,5984,23977,3032
1,1442153595,7441,23977,3032
2,1442153668,3584,23977,3032
3,1442153694,2563,23977,3032
4,1442153717,2772,23977,3032
1,1444331462,5984,23978,3032
2,1444331468,3467,23978,3032
4,1444331614,10261,23978,3032
5,1444331629,4672,23978,3032
6,1444331649,7440,23978,3032
1,1440402159,1135,23982,3033
2,1440402612,11823,23982,3033
4,1440402754,1003,23982,3033
3,1440570133,126,23983,3033
4,1440570236,5963,23983,3033
6,1440570305,1223,23983,3033
8,1440571900,7190,23983,3033
1,1440662594,1223,23984,3033
2,1440662631,126,23984,3033
3,1440662781,1135,23984,3033
4,1440662823,1003,23984,3033
6,1440663029,13586,23984,3033
7,1440663278,7754,23984,3033
14,1440664188,1137,23984,3033
0,1441358422,1167,23986,3033
2,1441358551,126,23986,3033
4,1441358605,24596,23986,3033
8,1441358755,1135,23986,3033
10,1441358848,13019,23986,3033
12,1441359280,261,23986,3033
14,1441359632,13586,23986,3033
2,1441694096,1282,23987,3033
3,1441694106,259,23987,3033
5,1441694192,15350,23987,3033
1,1442387467,1046,23991,3033
2,1442387478,27930,23991,3033
8,1442387992,16544,23991,3033
0,1442560433,1140,23993,3033
1,1442560511,7193,23993,3033
2,1442560571,24596,23993,3033
3,1442560596,1282,23993,3033
0,1440622662,3014,24007,3035
1,1440622803,2989,24007,3035
2,1440622806,37,24007,3035
3,1440622810,2988,24007,3035
0,1440744354,3018,24008,3035
1,1440744368,38,24008,3035
2,1440744373,35540,24008,3035
0,1440921393,50,24009,3035
1,1440921395,41,24009,3035
3,1440921488,35540,24009,3035
0,1441604924,2965,24010,3035
1,1441604986,3018,24010,3035
2,1441605007,35540,24010,3035
3,1441605011,3020,24010,3035
0,1442162555,1304,24011,3035
1,1442162563,3038,24011,3035
2,1442162707,7073,24011,3035
0,1442472525,3027,24012,3035
1,1442472538,3038,24012,3035
2,1442472542,5304,24012,3035
0,1443442966,1304,24013,3035
1,1443442987,5304,24013,3035
2,1443442989,63,24013,3035
0,1444049758,15,24014,3035
1,1444050737,3058,24014,3035
2,1444050804,5726,24014,3035
3,1444050811,7279,24014,3035
4,1444050889,3178,24014,3035
5,1444050909,16382,24014,3035
6,1444050959,5671,24014,3035
7,1444050989,5306,24014,3035
10,1444051229,105,24014,3035
14,1444051520,16416,24014,3035
0,1445247456,11797,24015,3035
1,1445247472,220,24015,3035
2,1445247497,3058,24015,3035
0,1445354772,3059,24016,3035
1,1445354820,6552,24016,3035
2,1445354897,1513,24016,3035
3,1445354925,15,24016,3035
5,1445355044,16416,24016,3035
0,1440234876,6118,24055,3039
1,1440234915,6128,24055,3039
2,1440234960,10934,24055,3039
0,1442997792,9081,24061,3039
1,1442998003,14586,24061,3039
4,1442998120,34585,24061,3039
8,1442998160,1968,24061,3039
0,1443507966,18902,24063,3039
1,1443508030,9081,24063,3039
2,1443508490,34585,24063,3039
0,1443623787,6074,24064,3039
2,1443624457,18902,24064,3039
3,1443624857,6124,24064,3039
1,1441683501,41645,24119,3047
2,1441683667,8857,24119,3047
3,1441683744,8339,24119,3047
2,1444745723,669,24122,3047
4,1444745927,7571,24122,3047
5,1444745962,3925,24122,3047
6,1444745991,4431,24122,3047
9,1444746087,41645,24122,3047
1,1444802165,1624,24123,3047
3,1444802289,12004,24123,3047
5,1444802463,12002,24123,3047
0,1440526753,6906,24217,3063
1,1440526885,6911,24217,3063
2,1440526933,3008,24217,3063
3,1440527013,6907,24217,3063
4,1440527305,6913,24217,3063
5,1440527381,6909,24217,3063
6,1440527391,6669,24217,3063
7,1440527544,6915,24217,3063
8,1440527584,5312,24217,3063
9,1440527641,6908,24217,3063
10,1440527821,6912,24217,3063
11,1440528045,6910,24217,3063
12,1440528249,6914,24217,3063
0,1445857147,6916,24218,3063
1,1445857239,6918,24218,3063
2,1445857294,6917,24218,3063
3,1445857903,6919,24218,3063
0,1445860481,6920,24219,3063
1,1445860537,6921,24219,3063
2,1445861305,6916,24219,3063
3,1445861631,6922,24219,3063
0,1443019595,18679,24377,3085
1,1443019780,1139,24377,3085
2,1443019832,941,24377,3085
0,1443367994,2537,24378,3085
1,1443368046,34,24378,3085
2,1443368077,5,24378,3085
4,1443368153,941,24378,3085
0,1443957001,34,24379,3085
1,1443957022,2537,24379,3085
2,1443957084,1745,24379,3085
3,1443957116,5671,24379,3085
4,1443957128,2276,24379,3085
5,1443957151,5308,24379,3085
10,1443957573,3698,24379,3085
11,1443957715,31383,24379,3085
18,1443958120,7510,24379,3085
19,1443958148,15365,24379,3085
0,1443958162,31436,24379,3085
0,1443738771,9092,24405,3090
1,1443738840,12836,24405,3090
2,1443738881,1789,24405,3090
4,1443739213,4269,24405,3090
5,1443739284,5550,24405,3090
7,1443739437,12830,24405,3090
9,1443739497,14803,24405,3090
10,1443739546,3493,24405,3090
13,1443739782,1310,24405,3090
17,1443739980,12831,24405,3090
1,1443740161,8005,24405,3090
4,1443740273,80,24405,3090
9,1443740574,9709,24405,3090
11,1443740621,8977,24405,3090
12,1443740692,245,24405,3090
0,1444919550,2318,24407,3090
1,1444919586,14338,24407,3090
2,1444919602,15256,24407,3090
3,1444919663,3077,24407,3090
5,1444920000,684,24407,3090
8,1444920147,3071,24407,3090
0,1445041038,23319,24408,3090
2,1445041280,2318,24408,3090
3,1445041289,3077,24408,3090
6,1445041373,5572,24408,3090
8,1445041439,684,24408,3090
12,1445041595,2328,24408,3090
19,1445041820,3073,24408,3090
0,1445997927,3351,24411,3090
2,1445998050,2334,24411,3090
4,1445998474,2332,24411,3090
0,1440440284,5312,24434,3094
1,1440440641,6908,24434,3094
2,1440440667,6909,24434,3094
3,1440440839,6906,24434,3094
4,1440440949,6914,24434,3094
5,1440441085,6911,24434,3094
6,1440441121,6912,24434,3094
7,1440441133,3008,24434,3094
8,1440441513,6907,24434,3094
9,1440441744,6915,24434,3094
10,1440441891,6669,24434,3094
11,1440441952,6910,24434,3094
0,1445770303,6919,24435,3094
1,1445770374,6916,24435,3094
2,1445770752,6917,24435,3094
0,1445774005,6916,24436,3094
1,1445774331,6922,24436,3094
2,1445775337,6921,24436,3094
0,1441166106,172,24458,3098
1,1441166135,3980,24458,3098
5,1441167108,3017,24458,3098
7,1441167324,11797,24458,3098
0,1441530832,40,24459,3098
1,1441530870,172,24459,3098
2,1441530886,3983,24459,3098
8,1441531742,14247,24459,3098
5,1442733630,3213,24461,3098
6,1442733669,940,24461,3098
8,1442733754,7062,24461,3098
9,1442733787,17429,24461,3098
0,1443093623,50,24462,3098
1,1443093671,7073,24462,3098
2,1443093740,11236,24462,3098
0,1443461078,28,24463,3098
1,1443461121,3028,24463,3098
2,1443461171,11236,24463,3098
3,1443461263,24,24463,3098
4,1443461408,7323,24463,3098
6,1443461428,5305,24463,3098
7,1443461618,17442,24463,3098
9,1443461734,2265,24463,3098
0,1445182447,420,24464,3098
4,1445182606,6553,24464,3098
6,1445182651,3224,24464,3098
7,1445182677,17453,24464,3098
8,1445182689,17211,24464,3098
11,1445182820,6555,24464,3098
13,1445182937,6551,24464,3098
14,1445182961,6552,24464,3098
17,1445183021,5945,24464,3098
19,1445183083,4473,24464,3098
3,1445183416,4472,24464,3098
1,1441004896,7778,24468,3099
2,1441004986,8222,24468,3099
3,1441005030,7749,24468,3099
1,1441042722,7778,24469,3099
3,1441042792,8222,24469,3099
4,1441042974,12314,24469,3099
5,1441042992,7749,24469,3099
5,1441600511,21624,24474,3099
9,1441600952,7776,24474,3099
10,1441600975,7777,24474,3099
0,1443540896,4069,24581,3113
1,1443540952,4067,24581,3113
2,1443541134,4070,24581,3113
3,1443541311,4068,24581,3113
0,1444672872,4071,24582,3113
1,1444672933,1212,24582,3113
2,1444673023,4072,24582,3113
3,1444673124,4082,24582,3113
4,1444673640,4080,24582,3113
5,1444673751,4074,24582,3113
6,1444673958,4075,24582,3113
7,1444674117,4076,24582,3113
8,1444674286,4073,24582,3113
9,1444674319,4081,24582,3113
0,1444821626,4092,24583,3113
1,1444821732,4086,24583,3113
2,1444821854,4091,24583,3113
3,1444822049,4097,24583,3113
4,1444822199,4084,24583,3113
5,1444822276,4094,24583,3113
8,1444822708,4083,24583,3113
9,1444822814,6508,24583,3113
10,1444822912,4085,24583,3113
11,1444822964,4087,24583,3113
12,1444823006,4088,24583,3113
14,1444823115,4093,24583,3113
15,1444823116,4089,24583,3113
18,1444823443,4096,24583,3113
19,1444823456,4090,24583,3113
0,1445193651,4100,24584,3113
1,1445193670,3646,24584,3113
2,1445193704,4099,24584,3113
0,1445438078,300,24585,3113
1,1445438578,4102,24585,3113
2,1445439357,4101,24585,3113
0,1441150755,3481,24625,3119
1,1441150889,2772,24625,3119
2,1441150957,3628,24625,3119
3,1441150997,429,24625,3119
7,1441151418,2778,24625,3119
8,1441151435,3459,24625,3119
9,1441151491,2770,24625,3119
0,1442538046,2772,24627,3119
1,1442538096,429,24627,3119
2,1442538123,3252,24627,3119
5,1442539492,115,24627,3119
0,1443016545,115,24628,3119
1,1443016701,10007,24628,3119
2,1443016744,3102,24628,3119
3,1443016830,3227,24628,3119
4,1443016925,3750,24628,3119
0,1443875510,3227,24629,3119
1,1443875595,132,24629,3119
2,1443875684,7160,24629,3119
3,1443875727,8339,24629,3119
0,1441439149,632,24821,3145
1,1441439232,1823,24821,3145
2,1441439245,5664,24821,3145
0,1441795900,874,24822,3145
1,1441795914,8119,24822,3145
2,1441795959,8127,24822,3145
0,1443080233,5664,24823,3145
1,1443080245,3026,24823,3145
4,1443080304,528,24823,3145
6,1443080327,2606,24823,3145
8,1443080344,8986,24823,3145
9,1443080379,8343,24823,3145
0,1440188933,3016,24964,3165
2,1440189030,4836,24964,3165
4,1440189309,40,24964,3165
0,1440341442,2986,24965,3165
1,1440341538,40,24965,3165
4,1440341874,20390,24965,3165
7,1440343405,7186,24965,3165
8,1440343459,32196,24965,3165
0,1440870659,6115,24966,3165
1,1440870683,3968,24966,3165
3,1440870716,7186,24966,3165
4,1440870752,3970,24966,3165
5,1440870770,2567,24966,3165
7,1440870819,3969,24966,3165
10,1440870895,20390,24966,3165
11,1440870916,4587,24966,3165
0,1441347140,5635,24967,3165
1,1441347233,38,24967,3165
2,1441347290,3688,24967,3165
1,1441694084,19217,24968,3165
2,1441694104,3038,24968,3165
5,1441694127,15422,24968,3165
6,1441694128,21587,24968,3165
0,1443079610,3027,25077,3183
1,1443079633,92,25077,3183
2,1443079645,3980,25077,3183
3,1443079665,3983,25077,3183
4,1443079683,3986,25077,3183
0,1444309308,5100,25078,3183
1,1444309388,5103,25078,3183
2,1444309442,3828,25078,3183
5,1444309729,12971,25078,3183
6,1444309791,92,25078,3183
8,1444311068,12983,25078,3183
0,1444371729,5107,25079,3183
1,1444371758,3828,25079,3183
3,1444373262,12983,25079,3183
4,1444373306,5995,25079,3183
5,1444373358,10766,25079,3183
6,1444373433,13440,25079,3183
7,1444373478,8613,25079,3183
9,1444373674,34016,25079,3183
0,1444465569,4133,25080,3183
1,1444465595,2008,25080,3183
2,1444465658,5100,25080,3183
0,1444722613,5103,25081,3183
1,1444722630,8618,25081,3183
2,1444722724,3828,25081,3183
0,1445190760,6085,25083,3183
1,1445191911,3980,25083,3183
2,1445192014,5103,25083,3183
4,1445192117,12848,25083,3183
5,1445192144,10758,25083,3183
6,1445192182,6573,25083,3183
0,1445409515,2984,25084,3183
3,1445410234,34016,25084,3183
5,1445410393,12971,25084,3183
2,1445428802,13440,25085,3183
4,1445429275,34016,25085,3183
5,1445429291,12971,25085,3183
5,1440922617,1013,25096,3185
7,1440922726,10648,25096,3185
15,1440923544,3380,25096,3185
0,1441040098,1039,25097,3185
1,1441040207,3380,25097,3185
14,1441042546,7749,25097,3185
1,1441818403,12314,25099,3185
3,1441818619,3401,25099,3185
4,1441818635,6440,25099,3185
5,1441818761,7749,25099,3185
6,1441818812,10648,25099,3185
7,1441818865,1013,25099,3185
0,1442044061,19708,25113,3186
1,1442044066,12008,25113,3186
2,1442044073,3371,25113,3186
3,1442044316,10027,25113,3186
0,1442130887,19708,25114,3186
1,1442130914,3371,25114,3186
2,1442130955,12008,25114,3186
0,1442202481,19708,25115,3186
1,1442202504,3371,25115,3186
2,1442202667,12008,25115,3186
3,1442202692,10027,25115,3186
1,1442287505,19708,25116,3186
2,1442287574,12008,25116,3186
3,1442287608,3371,25116,3186
4,1442287627,10027,25116,3186
0,1442762368,14653,25118,3186
3,1442762537,4164,25118,3186
4,1442762583,282,25118,3186
7,1442762711,19708,25118,3186
8,1442762743,12008,25118,3186
0,1442979822,1041,25120,3186
1,1442979837,2532,25120,3186
3,1442980060,14653,25120,3186
0,1443979013,22070,25124,3186
1,1443979084,8872,25124,3186
2,1443979110,10023,25124,3186
0,1444024570,22070,25125,3186
1,1444024661,8872,25125,3186
2,1444024682,10023,25125,3186
0,1444238764,8873,25126,3186
1,1444238786,22070,25126,3186
2,1444238863,8872,25126,3186
3,1444238992,10023,25126,3186
0,1440481399,4405,25204,3196
1,1440482411,3526,25204,3196
6,1440484148,4408,25204,3196
0,1441015203,7635,25206,3196
1,1441015224,4407,25206,3196
4,1441015560,2239,25206,3196
2,1441602575,23497,25212,3196
3,1441602609,4410,25212,3196
6,1441602819,16586,25212,3196
7,1441602870,3546,25212,3196
2,1441869135,10798,25215,3196
5,1441869361,19885,25215,3196
6,1441869369,8373,25215,3196
8,1441869539,11858,25215,3196
1,1440409091,10657,25246,3201
3,1440409177,21044,25246,3201
4,1440409271,1729,25246,3201
0,1442386153,8606,25249,3201
1,1442386245,8927,25249,3201
2,1442386273,10754,25249,3201
0,1442840792,5064,25250,3201
2,1442841741,8618,25250,3201
4,1442841853,5058,25250,3201
6,1442842092,8606,25250,3201
1,1444063848,3351,25261,3203
2,1444063977,2629,25261,3203
3,1444064071,10370,25261,3203
7,1444064332,58,25261,3203
10,1444065235,2438,25261,3203
0,1444318704,3351,25262,3203
1,1444318728,23290,25262,3203
4,1444318820,3344,25262,3203
2,1444663229,4472,25263,3203
5,1444663380,3351,25263,3203
7,1444663508,3346,25263,3203
8,1444664015,5426,25263,3203
9,1444664027,12006,25263,3203
10,1444664141,4479,25263,3203
12,1444664290,3805,25263,3203
14,1444665931,2866,25263,3203
15,1444666023,21691,25263,3203
16,1444666158,362,25263,3203
0,1441600613,2988,25330,3212
1,1441600650,38,25330,3212
3,1441600841,4839,25330,3212
0,1444397007,1320,25331,3212
1,1444397080,3988,25331,3212
2,1444397146,2276,25331,3212
3,1444397223,2265,25331,3212
0,1444496817,1316,25332,3212
1,1444496905,10,25332,3212
2,1444496922,8869,25332,3212
0,1444649317,8869,25333,3212
1,1444649339,5723,25333,3212
2,1444649399,2226,25333,3212
3,1444649405,13043,25333,3212
4,1444649411,2929,25333,3212
5,1444649422,1320,25333,3212
6,1444649439,2276,25333,3212
7,1444649448,13,25333,3212
8,1444649457,1316,25333,3212
1,1446014798,5756,25334,3212
2,1446014827,10,25334,3212
3,1446014866,2276,25334,3212
0,1440575390,8098,25371,3219
1,1440576609,7903,25371,3219
3,1440576906,3526,25371,3219
0,1442656600,5339,25373,3219
1,1442656743,3764,25373,3219
3,1442656928,7248,25373,3219
0,1443440788,7908,25374,3219
3,1443441520,9306,25374,3219
4,1443441560,5339,25374,3219
2,1445167951,4594,25376,3219
5,1445168090,6838,25376,3219
6,1445168184,5877,25376,3219
7,1445168209,4592,25376,3219
10,1445168418,10262,25376,3219
12,1445168502,7133,25376,3219
13,1445168582,30025,25376,3219
14,1445168628,8368,25376,3219
16,1445168746,7127,25376,3219
1,1445340887,9381,25377,3219
6,1445341265,7184,25377,3219
8,1445341696,13582,25377,3219
10,1445342578,4613,25377,3219
0,1445774711,7133,25378,3219
1,1445774860,7588,25378,3219
2,1445774921,18539,25378,3219
1,1441790679,1432,25450,3227
2,1441790692,5069,25450,3227
3,1441790828,941,25450,3227
0,1442418886,5039,25452,3227
1,1442419008,100,25452,3227
2,1442419184,108,25452,3227
0,1445426495,3834,25455,3227
1,1445426692,26583,25455,3227
2,1445426712,3178,25455,3227
3,1445426731,220,25455,3227
4,1445426784,4133,25455,3227
5,1445427134,2365,25455,3227
6,1445427289,416,25455,3227
1,1445959200,3843,25456,3227
3,1445959247,6014,25456,3227
5,1445959351,6010,25456,3227
6,1445959420,10763,25456,3227
0,1443453596,4069,25484,3232
1,1443453711,4068,25484,3232
2,1443453834,4070,25484,3232
3,1443453952,4067,25484,3232
0,1444586472,4071,25485,3232
1,1444586623,4072,25485,3232
2,1444586708,4077,25485,3232
3,1444586817,4076,25485,3232
4,1444586833,1212,25485,3232
5,1444586891,4079,25485,3232
6,1444586958,4075,25485,3232
7,1444587351,4074,25485,3232
8,1444587421,3956,25485,3232
9,1444587476,4078,25485,3232
10,1444587586,4073,25485,3232
11,1444587624,4082,25485,3232
12,1444587919,4081,25485,3232
13,1444588140,4080,25485,3232
0,1444735514,6508,25486,3232
1,1444735526,4092,25486,3232
2,1444735649,4097,25486,3232
3,1444735664,4087,25486,3232
4,1444735708,4083,25486,3232
11,1444736380,4095,25486,3232
12,1444736399,4084,25486,3232
13,1444736415,4093,25486,3232
14,1444736512,4085,25486,3232
15,1444736743,4096,25486,3232
16,1444736776,4094,25486,3232
17,1444736823,4090,25486,3232
18,1444736906,4088,25486,3232
19,1444737016,4089,25486,3232
0,1445106970,3646,25487,3232
1,1445107268,4098,25487,3232
2,1445107904,4099,25487,3232
0,1445351757,4101,25488,3232
1,1445351978,300,25488,3232
3,1445353078,4102,25488,3232
0,1441687919,230,25645,3255
1,1441688274,229,25645,3255
2,1441688449,228,25645,3255
0,1444056760,232,25646,3255
1,1444056946,231,25646,3255
2,1444057013,233,25646,3255
0,1444922750,236,25647,3255
1,1444922855,239,25647,3255
2,1444923441,235,25647,3255
3,1444923902,234,25647,3255
4,1444923971,237,25647,3255
5,1444924052,240,25647,3255
0,1445187998,242,25648,3255
1,1445188663,24323,25648,3255
2,1445189026,241,25648,3255
3,1445189114,237,25648,3255
0,1442291443,9,25661,3257
1,1442291491,1304,25661,3257
2,1442291522,2346,25661,3257
3,1442291636,100,25661,3257
0,1442996673,5083,25662,3257
1,1442996709,5068,25662,3257
2,1442996751,1139,25662,3257
3,1442996843,2265,25662,3257
4,1442996905,92,25662,3257
0,1444734986,9,25663,3257
1,1444735020,3031,25663,3257
2,1444735196,3954,25663,3257
3,1444735293,3980,25663,3257
4,1444735366,5991,25663,3257
5,1444735477,1314,25663,3257
7,1444735572,100,25663,3257
0,1444821418,220,25664,3257
1,1444821648,5100,25664,3257
2,1444821747,2265,25664,3257
0,1445251258,9,25665,3257
1,1445251442,17895,25665,3257
2,1445251511,1513,25665,3257
4,1445253141,1920,25665,3257
5,1445253800,4843,25665,3257
0,1441305226,3005,25896,3290
1,1441305268,13712,25896,3290
2,1441305316,3247,25896,3290
0,1445290970,2694,25900,3290
2,1445291110,3178,25900,3290
3,1445291118,14267,25900,3290
6,1445291226,9020,25900,3290
7,1445291231,2665,25900,3290
1,1445345021,2694,25902,3290
2,1445345027,3178,25902,3290
3,1445345879,4729,25902,3290
0,1440440584,5312,25945,3297
1,1440440585,6906,25945,3297
2,1440440641,6908,25945,3297
3,1440440681,6909,25945,3297
4,1440440949,6914,25945,3297
5,1440441385,6911,25945,3297
6,1440441421,6912,25945,3297
7,1440441505,6913,25945,3297
8,1440441645,6910,25945,3297
9,1440441744,6915,25945,3297
0,1445770303,6919,25946,3297
1,1445770846,6917,25946,3297
2,1445771274,6916,25946,3297
3,1445771739,6918,25946,3297
0,1445774381,6920,25947,3297
1,1445774437,6921,25947,3297
2,1445774905,6916,25947,3297
3,1445775231,6922,25947,3297
2,1443653437,4414,26027,3310
3,1443653465,7573,26027,3310
4,1443653563,10353,26027,3310
7,1443653708,12836,26027,3310
0,1443819761,11654,26030,3310
1,1443819783,2607,26030,3310
2,1443819802,3033,26030,3310
3,1443819813,7668,26030,3310
0,1444153968,11654,26031,3310
1,1444153979,3033,26031,3310
2,1444154000,7668,26031,3310
3,1444154141,4323,26031,3310
4,1444154143,20944,26031,3310
7,1444155244,6873,26031,3310
0,1442231291,3026,26239,3340
3,1442231504,9090,26239,3340
5,1442231560,8970,26239,3340
0,1442545149,5766,26240,3340
2,1442545194,1944,26240,3340
3,1442545286,3450,26240,3340
0,1443583878,3493,26241,3340
2,1443583989,5712,26241,3340
3,1443584046,1791,26241,3340
4,1443584169,9094,26241,3340
0,1444403982,4261,26243,3340
1,1444404027,10391,26243,3340
2,1444404104,12841,26243,3340
4,1444404201,14342,26243,3340
5,1444404331,9164,26243,3340
5,1440180842,6118,26251,3342
6,1440180856,464,26251,3342
8,1440180900,3016,26251,3342
0,1440697274,6118,26252,3342
1,1440697283,464,26252,3342
5,1440697451,20234,26252,3342
7,1440697515,233,26252,3342
1,1444580474,1689,26253,3342
2,1444580547,20236,26253,3342
3,1444580577,35725,26253,3342
4,1444580616,243,26253,3342
0,1444974437,1689,26254,3342
1,1444974451,246,26254,3342
2,1444974485,243,26254,3342
3,1444974513,3178,26254,3342
5,1444975272,12837,26254,3342
7,1444975373,11065,26254,3342
3,1442854466,34,26278,3345
4,1442855388,245,26278,3345
5,1442855814,3054,26278,3345
0,1442936793,6050,26279,3345
1,1442936819,1137,26279,3345
3,1442936935,4057,26279,3345
0,1442993059,5391,26280,3345
1,1442993168,8052,26280,3345
2,1442993186,34,26280,3345
0,1441273714,9020,26307,3349
1,1441273863,9204,26307,3349
2,1441273896,13117,26307,3349
1,1443157863,5510,26312,3349
2,1443157966,15970,26312,3349
3,1443158337,5547,26312,3349
4,1443158399,5507,26312,3349
5,1443158552,3256,26312,3349
7,1443158684,3253,26312,3349
9,1443158700,3261,26312,3349
10,1443158702,865,26312,3349
12,1443158753,2665,26312,3349
13,1443158777,21568,26312,3349
1,1444026360,22014,26317,3349
4,1444026470,11641,26317,3349
7,1444027208,17545,26317,3349
2,1442325994,19217,26345,3352
5,1442327022,21535,26345,3352
6,1442327134,3475,26345,3352
9,1442327728,165,26345,3352
10,1442327873,3609,26345,3352
0,1444409980,5405,26346,3352
2,1444410122,2905,26346,3352
3,1444410167,15225,26346,3352
6,1444410271,14213,26346,3352
7,1444410319,48,26346,3352
11,1444410441,815,26346,3352
13,1444410850,1196,26346,3352
15,1444411930,15239,26346,3352
16,1444412022,8614,26346,3352
17,1444412041,11654,26346,3352
2,1444412165,17442,26346,3352
3,1444412184,21155,26346,3352
5,1444412425,4413,26346,3352
6,1444412450,657,26346,3352
8,1444412716,17839,26346,3352
12,1444413156,165,26346,3352
13,1444414338,19217,26346,3352
5,1444669682,15225,26347,3352
7,1444669893,11122,26347,3352
8,1444669907,11124,26347,3352
9,1444669940,20327,26347,3352
14,1444670366,3467,26347,3352
18,1444670501,285,26347,3352
0,1445159613,7337,26349,3352
2,1445159720,5702,26349,3352
3,1445159723,3071,26349,3352
6,1445159998,165,26349,3352
1,1445168306,7337,26350,3352
2,1445168434,394,26350,3352
3,1445168506,3071,26350,3352
4,1445168693,11124,26350,3352
5,1445168749,20327,26350,3352
6,1445168768,680,26350,3352
7,1445168863,15234,26350,3352
8,1445168876,7512,26350,3352
9,1445168884,2905,26350,3352
13,1445169083,7467,26350,3352
14,1445169102,8614,26350,3352
15,1445169347,657,26350,3352
17,1445169398,285,26350,3352
18,1445169400,146,26350,3352
2,1445169723,15225,26350,3352
3,1445169753,1196,26350,3352
7,1445169820,48,26350,3352
0,1442518871,7193,26406,3360
1,1442519739,352,26406,3360
2,1442519744,7190,26406,3360
0,1442556747,7316,26407,3360
1,1442556762,1646,26407,3360
3,1442556960,3471,26407,3360
4,1442557048,3956,26407,3360
6,1442557079,3709,26407,3360
9,1442557296,3972,26407,3360
15,1442557828,3950,26407,3360
18,1442558214,5688,26407,3360
19,1442558391,2928,26407,3360
1,1444128194,3703,26408,3360
2,1444128383,7209,26408,3360
3,1444128397,259,26408,3360
1,1440675032,50,26449,3366
4,1440675266,2986,26449,3366
5,1440675304,3018,26449,3366
6,1440675543,4839,26449,3366
0,1441000432,5659,26451,3366
2,1441000520,14387,26451,3366
5,1441000897,8800,26451,3366
7,1441001012,4853,26451,3366
14,1441001384,5693,26451,3366
15,1441001421,3160,26451,3366
18,1441001624,8796,26451,3366
19,1441001678,24484,26451,3366
0,1441001842,5695,26451,3366
0,1441788914,3012,26452,3366
1,1441788986,21114,26452,3366
3,1441789080,22046,26452,3366
4,1441789136,2988,26452,3366
8,1441789322,3013,26452,3366
8,1444306795,23019,26455,3366
10,1444306886,23021,26455,3366
11,1444306908,15365,26455,3366
12,1444306939,31436,26455,3366
2,1440569551,21995,26470,3368
3,1440569556,2239,26470,3368
5,1440569686,11098,26470,3368
7,1440569824,382,26470,3368
0,1444718553,15234,26472,3368
2,1444718585,11190,26472,3368
3,1444718592,149,26472,3368
7,1444718932,21995,26472,3368
0,1445462735,12463,26473,3368
1,1445462750,21995,26473,3368
3,1445462854,149,26473,3368
5,1445462886,143,26473,3368
0,1441214136,1353,26532,3377
3,1441214666,3963,26532,3377
4,1441214697,29915,26532,3377
2,1442282582,1353,26534,3377
5,1442282980,2336,26534,3377
6,1442283024,5540,26534,3377
7,1442283116,6881,26534,3377
1,1443106860,2458,26535,3377
4,1443107190,1494,26535,3377
5,1443107224,5543,26535,3377
2,1443627143,20877,26537,3377
3,1443627220,7463,26537,3377
4,1443627253,1723,26537,3377
0,1441860119,230,26581,3383
1,1441861074,229,26581,3383
2,1441861549,228,26581,3383
0,1444229860,232,26582,3383
1,1444230046,231,26582,3383
2,1444231013,233,26582,3383
0,1445095611,238,26583,3383
1,1445095655,239,26583,3383
2,1445095850,236,26583,3383
3,1445095952,240,26583,3383
4,1445096241,235,26583,3383
1,1441305526,3026,26630,3390
2,1441305570,3017,26630,3390
3,1441306257,3020,26630,3390
5,1441306374,3978,26630,3390
0,1441371828,7,26631,3390
1,1441372237,19915,26631,3390
2,1441372843,3146,26631,3390
3,1441372872,9067,26631,3390
5,1441373264,91,26631,3390
6,1441373660,1304,26631,3390
12,1441375011,3023,26631,3390
1,1441627472,21114,26635,3390
4,1441627801,3013,26635,3390
7,1441627883,3000,26635,3390
8,1441627914,2563,26635,3390
9,1441628116,2991,26635,3390
0,1441641712,11236,26636,3390
1,1441641725,2852,26636,3390
2,1441641730,4855,26636,3390
0,1441877816,7317,26638,3390
4,1441877924,3146,26638,3390
5,1441877942,1304,26638,3390
6,1441877981,2300,26638,3390
7,1441877984,172,26638,3390
2,1443029010,50,26641,3390
3,1443029031,2308,26641,3390
4,1443029089,3034,26641,3390
6,1443029218,13805,26641,3390
7,1443029359,5056,26641,3390
0,1441820786,10143,26761,3405
2,1441820816,10140,26761,3405
5,1441820943,13596,26761,3405
1,1442075923,12079,26762,3405
2,1442075943,3969,26762,3405
4,1442076120,20954,26762,3405
0,1442124924,13594,26763,3405
1,1442125069,10143,26763,3405
2,1442125142,10140,26763,3405
1,1441172974,256,26935,3430
2,1441173151,3691,26935,3430
3,1441173267,21579,26935,3430
0,1441176550,7193,26936,3430
1,1441176703,1009,26936,3430
2,1441176773,34,26936,3430
3,1441176988,295,26936,3430
5,1441178856,28979,26936,3430
1,1442555230,3632,26938,3430
5,1442555513,10882,26938,3430
11,1442555941,282,26938,3430
13,1442556833,34053,26938,3430
14,1442557418,26944,26938,3430
16,1442557577,352,26938,3430
3,1443442196,7210,26940,3430
4,1443442207,26944,26940,3430
5,1443442309,1077,26940,3430
0,1440613113,6907,26963,3434
1,1440613385,6906,26963,3434
2,1440613441,6908,26963,3434
3,1440613449,6914,26963,3434
4,1440613481,6909,26963,3434
5,1440613552,6910,26963,3434
6,1440613921,6912,26963,3434
7,1440613984,5312,26963,3434
8,1440614185,6911,26963,3434
9,1440614233,3008,26963,3434
10,1440614305,6913,26963,3434
11,1440614544,6915,26963,3434
0,1445943252,6917,26964,3434
1,1445943639,6918,26964,3434
2,1445944003,6919,26964,3434
3,1445944074,6916,26964,3434
0,1445946937,6921,26965,3434
1,1445947076,6916,26965,3434
2,1445947731,6922,26965,3434
2,1442166041,1973,26978,3436
4,1442166067,247,26978,3436
6,1442166101,243,26978,3436
7,1442166111,6124,26978,3436
8,1442166127,1966,26978,3436
11,1442166148,8606,26978,3436
0,1442918622,14586,26980,3436
1,1442918772,1977,26980,3436
3,1442918836,21010,26980,3436
4,1442918844,12576,26980,3436
5,1442918858,16290,26980,3436
6,1442918862,34585,26980,3436
7,1442919239,1976,26980,3436
8,1442919623,243,26980,3436
9,1442919638,16955,26980,3436
2,1444826169,2010,26981,3436
4,1444826187,14646,26981,3436
5,1444826208,2002,26981,3436
6,1444826214,22623,26981,3436
1,1444828455,2007,26982,3436
3,1444828466,16293,26982,3436
4,1444828468,2000,26982,3436
5,1444828475,2001,26982,3436
7,1444828479,2004,26982,3436
8,1444828494,22628,26982,3436
9,1444828504,22624,26982,3436
10,1444828507,2009,26982,3436
11,1444828512,10942,26982,3436
13,1444828529,1989,26982,3436
15,1444828557,30339,26982,3436
0,1445020635,30339,26983,3436
2,1445020647,1989,26983,3436
3,1445020661,2009,26983,3436
4,1445020665,22624,26983,3436
5,1445020669,22628,26983,3436
6,1445020673,2004,26983,3436
7,1445020682,2001,26983,3436
8,1445020687,16293,26983,3436
9,1445020690,2000,26983,3436
10,1445020708,2002,26983,3436
12,1445020721,2010,26983,3436
0,1445162674,10955,26984,3436
3,1445162818,14649,26984,3436
4,1445162821,14645,26984,3436
0,1444230460,232,27150,3456
1,1444230946,231,27150,3456
2,1444231013,233,27150,3456
0,1445095341,235,27151,3456
1,1445095355,239,27151,3456
2,1445095802,234,27151,3456
3,1445095871,237,27151,3456
4,1445096450,236,27151,3456
5,1445096511,238,27151,3456
0,1445360714,237,27152,3456
1,1445360863,24323,27152,3456
2,1445360926,241,27152,3456
3,1445360938,240,27152,3456
4,1445361098,242,27152,3456
1,1440256187,5653,27329,3477
3,1440256328,3048,27329,3477
4,1440256464,2991,27329,3477
5,1440256671,3012,27329,3477
0,1443166494,58,27333,3477
1,1443166558,9726,27333,3477
2,1443166583,4482,27333,3477
3,1443166660,940,27333,3477
4,1443166722,10107,27333,3477
5,1443166777,3701,27333,3477
1,1443595484,9726,27335,3477
2,1443595792,4482,27335,3477
3,1443595943,940,27335,3477
5,1443597678,3701,27335,3477
0,1444900325,11797,27337,3477
1,1444900446,4472,27337,3477
2,1444900494,58,27337,3477
0,1443367252,4067,27384,3482
1,1443367434,4070,27384,3482
2,1443367496,4069,27384,3482
3,1443367611,4068,27384,3482
0,1444500133,1212,27385,3482
1,1444500223,4072,27385,3482
2,1444500421,3956,27385,3482
3,1444500476,4078,27385,3482
4,1444500558,4075,27385,3482
5,1444500791,4079,27385,3482
6,1444500840,4080,27385,3482
7,1444500919,4081,27385,3482
8,1444500951,4074,27385,3482
9,1444501186,4073,27385,3482
10,1444501208,4077,27385,3482
11,1444501272,4071,27385,3482
12,1444501317,4076,27385,3482
0,1444648932,4086,27386,3482
1,1444648964,4087,27386,3482
2,1444649054,4091,27386,3482
3,1444649115,4093,27386,3482
4,1444649126,4092,27386,3482
8,1444649476,4094,27386,3482
10,1444649549,4097,27386,3482
11,1444649606,4088,27386,3482
12,1444649714,6508,27386,3482
14,1444649716,4089,27386,3482
15,1444649823,4090,27386,3482
16,1444649908,4083,27386,3482
17,1444650112,4085,27386,3482
18,1444650280,4095,27386,3482
19,1444650299,4084,27386,3482
1,1444650343,4096,27386,3482
2,1444651104,8061,27386,3482
0,1445020604,4099,27387,3482
1,1445020870,3646,27387,3482
2,1445021751,4100,27387,3482
3,1445021768,4098,27387,3482
0,1441714301,19217,27520,3501
1,1441714399,19066,27520,3501
2,1441714771,107,27520,3501
0,1443526178,528,27521,3501
1,1443526222,8,27521,3501
2,1443526225,34,27521,3501
1,1444660273,3486,27522,3501
3,1444660500,2905,27522,3501
4,1444660501,680,27522,3501
5,1444660561,657,27522,3501
6,1444660575,1196,27522,3501
7,1444660607,48,27522,3501
9,1444662103,5702,27522,3501
1,1443683787,4256,27556,3506
5,1443684071,1946,27556,3506
6,1443684200,11349,27556,3506
0,1445250848,3112,27558,3506
1,1445251775,11654,27558,3506
2,1445252120,15819,27558,3506
0,1445275042,2239,27559,3506
1,1445275151,11349,27559,3506
2,1445275318,1607,27559,3506
3,1445275323,2350,27559,3506
0,1440563734,3982,27649,3518
2,1440563904,374,27649,3518
3,1440563972,28979,27649,3518
0,1440651572,3982,27650,3518
2,1440651690,374,27650,3518
3,1440651736,28979,27650,3518
0,1440729380,3982,27651,3518
2,1440729496,374,27651,3518
3,1440729538,28979,27651,3518
0,1440829771,3982,27652,3518
2,1440830264,374,27652,3518
3,1440830316,28979,27652,3518
0,1440915763,3982,27653,3518
1,1440915958,374,27653,3518
2,1440916010,28979,27653,3518
0,1441000323,3982,27654,3518
2,1441000420,374,27654,3518
3,1441000448,28979,27654,3518
2,1441258363,3982,27656,3518
4,1441258524,374,27656,3518
5,1441258552,28979,27656,3518
1,1441348455,3982,27657,3518
3,1441348641,374,27657,3518
4,1441348831,28979,27657,3518
0,1442470715,9284,27664,3518
1,1442470850,4167,27664,3518
2,1442470888,7784,27664,3518
0,1442558900,9284,27665,3518
1,1442558943,4167,27665,3518
2,1442559085,7784,27665,3518
4,1442559151,13664,27665,3518
0,1442811125,9284,27666,3518
1,1442811172,4167,27666,3518
2,1442811263,7784,27666,3518
0,1442989824,5391,27668,3518
2,1442989898,2518,27668,3518
4,1442990123,9284,27668,3518
5,1442990153,4167,27668,3518
0,1443249189,13484,27671,3518
3,1443249346,2518,27671,3518
5,1443249385,9284,27671,3518
0,1443418953,13484,27672,3518
3,1443419071,2518,27672,3518
5,1443419298,9284,27672,3518
1,1443502124,13484,27673,3518
4,1443502196,2518,27673,3518
6,1443502226,9284,27673,3518
7,1443502301,4167,27673,3518
0,1441292204,115,27726,3524
1,1441292289,132,27726,3524
2,1441292322,7632,27726,3524
0,1445167275,122,27727,3524
1,1445167352,1320,27727,3524
2,1445167353,15255,27727,3524
3,1445167360,11654,27727,3524
4,1445167366,7177,27727,3524
5,1445167369,115,27727,3524
6,1445167469,220,27727,3524
7,1445167470,14945,27727,3524
8,1445167472,3985,27727,3524
9,1445167475,2265,27727,3524
10,1445167476,3647,27727,3524
11,1445167478,18858,27727,3524
12,1445167479,6699,27727,3524
13,1445167482,662,27727,3524
14,1445167491,7879,27727,3524
15,1445167494,8761,27727,3524
16,1445167496,665,27727,3524
17,1445167509,3988,27727,3524
18,1445167530,1043,27727,3524
19,1445167540,4358,27727,3524
0,1445167541,686,27727,3524
2,1445167573,2925,27727,3524
0,1445780744,7337,27728,3524
1,1445780768,15255,27728,3524
2,1445780836,7278,27728,3524
3,1445780864,11654,27728,3524
4,1445780980,23579,27728,3524
0,1443977834,268,27741,3526
1,1443977935,5713,27741,3526
2,1443977984,4237,27741,3526
3,1443978113,251,27741,3526
4,1443978144,4676,27741,3526
5,1443978218,10007,27741,3526
6,1443978318,5269,27741,3526
7,1443978358,2308,27741,3526
9,1443978462,4413,27741,3526
10,1443978500,28302,27741,3526
0,1444664089,268,27742,3526
1,1444664127,5713,27742,3526
2,1444664156,5404,27742,3526
3,1444664233,1311,27742,3526
4,1444664281,2308,27742,3526
6,1444664368,5668,27742,3526
7,1444664391,19,27742,3526
8,1444664442,8491,27742,3526
9,1444664491,16894,27742,3526
10,1444664598,251,27742,3526
12,1444664709,28302,27742,3526
13,1444664785,3719,27742,3526
0,1446631681,12830,27744,3526
1,1446631702,14,27744,3526
2,1446631708,5391,27744,3526
3,1446631738,2314,27744,3526
4,1446631794,13894,27744,3526
0,1443540052,4067,27831,3538
1,1443540234,4070,27831,3538
2,1443540411,4068,27831,3538
3,1443541196,4069,27831,3538
0,1444672808,4077,27832,3538
1,1444672851,4074,27832,3538
2,1444673124,4082,27832,3538
3,1444673172,4071,27832,3538
4,1444673217,4076,27832,3538
5,1444673221,3956,27832,3538
6,1444673233,1212,27832,3538
7,1444673276,4078,27832,3538
8,1444673291,4079,27832,3538
9,1444673323,4072,27832,3538
10,1444673386,4073,27832,3538
11,1444674240,4080,27832,3538
12,1444674258,4075,27832,3538
13,1444674319,4081,27832,3538
0,1444821732,4086,27833,3538
1,1444821854,4091,27833,3538
2,1444821880,4095,27833,3538
3,1444822106,4088,27833,3538
4,1444822215,4093,27833,3538
6,1444822514,6508,27833,3538
10,1444822623,4090,27833,3538
11,1444822664,4087,27833,3538
12,1444822826,4092,27833,3538
13,1444822912,4085,27833,3538
14,1444823008,4083,27833,3538
16,1444823099,4084,27833,3538
18,1444823249,4097,27833,3538
19,1444823416,4089,27833,3538
0,1444823443,4096,27833,3538
1,1444823904,8061,27833,3538
0,1445193670,3646,27834,3538
1,1445194268,4098,27834,3538
2,1445194551,4100,27834,3538
3,1445194604,4099,27834,3538
0,1445438457,4101,27835,3538
2,1445439278,300,27835,3538
3,1445439428,4102,27835,3538
0,1443769520,4129,27871,3544
1,1443769607,6074,27871,3544
2,1443769691,1512,27871,3544
1,1445592167,2925,27872,3544
2,1445592280,243,27872,3544
3,1445592342,1205,27872,3544
4,1445592418,3178,27872,3544
1,1445842647,9489,27873,3544
3,1445842934,13019,27873,3544
4,1445843020,5819,27873,3544
5,1445843085,28302,27873,3544
6,1445843186,523,27873,3544
7,1445843278,10685,27873,3544
8,1445843339,4866,27873,3544
0,1445942267,247,27874,3544
1,1445942426,2013,27874,3544
2,1445942577,5756,27874,3544
0,1441208180,2957,28034,3565
1,1441208371,6139,28034,3565
2,1441208392,8985,28034,3565
2,1441384452,3588,28036,3565
3,1441384455,10007,28036,3565
4,1441384639,2957,28036,3565
5,1441384670,7367,28036,3565
0,1441521219,10007,28037,3565
1,1441521227,3588,28037,3565
3,1441521378,6139,28037,3565
2,1441533074,1786,28038,3565
3,1441533103,13987,28038,3565
4,1441533114,8114,28038,3565
6,1441533388,3544,28038,3565
7,1441533399,2446,28038,3565
8,1441533637,13691,28038,3565
0,1440130946,2990,28082,3571
2,1440131111,5630,28082,3571
3,1440131205,3016,28082,3571
0,1441086105,20589,28084,3571
2,1441086347,17021,28084,3571
5,1441086506,3472,28084,3571
9,1441086871,3020,28084,3571
1,1441610861,24487,28088,3571
2,1441610888,18843,28088,3571
4,1441610995,25773,28088,3571
2,1442209226,8977,28089,3571
3,1442209300,3020,28089,3571
5,1442209391,2876,28089,3571
0,1445249780,3059,28096,3571
1,1445249969,25697,28096,3571
2,1445249982,5961,28096,3571
3,1445250040,5944,28096,3571
0,1445262119,21769,28097,3571
1,1445262159,6384,28097,3571
2,1445262183,5819,28097,3571
3,1445262486,823,28097,3571
4,1445262652,23019,28097,3571
5,1445262759,25697,28097,3571
6,1445262825,5944,28097,3571
7,1445262950,25578,28097,3571
9,1445263059,5941,28097,3571
2,1445409845,12853,28098,3571
5,1445410052,1322,28098,3571
6,1445410079,3059,28098,3571
0,1441773774,229,28108,3573
1,1441774319,230,28108,3573
2,1441774849,228,28108,3573
0,1444143413,233,28109,3573
1,1444143460,232,28109,3573
2,1444144546,231,28109,3573
0,1445009102,234,28110,3573
1,1445009171,237,28110,3573
2,1445009211,238,28110,3573
3,1445009255,239,28110,3573
4,1445009552,240,28110,3573
5,1445009841,235,28110,3573
6,1445010050,236,28110,3573
0,1445274226,241,28111,3573
1,1445274538,240,28111,3573
2,1445275214,237,28111,3573
3,1445275363,24323,28111,3573
4,1445275598,242,28111,3573
0,1440526621,6912,28184,3582
1,1440526633,3008,28184,3582
2,1440526885,6911,28184,3582
3,1440526939,6906,28184,3582
4,1440526984,5312,28184,3582
5,1440527005,6913,28184,3582
6,1440527041,6908,28184,3582
7,1440527152,6910,28184,3582
8,1440527349,6914,28184,3582
9,1440527367,6909,28184,3582
10,1440527544,6915,28184,3582
11,1440527991,6669,28184,3582
0,1445857147,6916,28185,3582
1,1445857294,6917,28185,3582
2,1445857839,6918,28185,3582
3,1445857903,6919,28185,3582
0,1445860481,6920,28186,3582
1,1445861605,6916,28186,3582
2,1445861737,6921,28186,3582
0,1440613141,6908,28202,3585
1,1440613481,6909,28202,3585
2,1440613491,6669,28202,3585
3,1440613545,6910,28202,3585
4,1440613639,6906,28202,3585
5,1440613749,6914,28202,3585
6,1440613933,3008,28202,3585
7,1440613984,5312,28202,3585
8,1440614305,6913,28202,3585
9,1440614313,6907,28202,3585
10,1440614544,6915,28202,3585
0,1445943174,6916,28203,3585
1,1445943639,6918,28203,3585
2,1445944003,6919,28203,3585
3,1445944152,6917,28203,3585
0,1445946805,6916,28204,3585
1,1445946937,6921,28204,3585
2,1445947131,6922,28204,3585
3,1445947781,6920,28204,3585
0,1440526753,6906,28246,3593
1,1440526984,5312,28246,3593
2,1440527005,6913,28246,3593
3,1440527013,6907,28246,3593
4,1440527041,6908,28246,3593
5,1440527091,6669,28246,3593
6,1440527381,6909,28246,3593
7,1440527445,6910,28246,3593
8,1440527949,6914,28246,3593
0,1445856703,6919,28247,3593
1,1445856994,6917,28247,3593
2,1445857074,6916,28247,3593
3,1445857839,6918,28247,3593
0,1445860376,6916,28248,3593
1,1445860481,6920,28248,3593
2,1445860731,6922,28248,3593
3,1445860837,6921,28248,3593
0,1443714836,3467,28337,3607
1,1443715063,2589,28337,3607
2,1443715831,2787,28337,3607
0,1443718414,7,28338,3607
1,1443718554,5269,28338,3607
2,1443718649,268,28338,3607
3,1443718702,13908,28338,3607
4,1443718828,6180,28338,3607
0,1443889864,2589,28339,3607
1,1443891111,3467,28339,3607
2,1443891149,165,28339,3607
0,1440131047,1633,28385,3613
1,1440131092,523,28385,3613
2,1440131121,1135,28385,3613
3,1440131171,1494,28385,3613
0,1440648291,6674,28390,3613
1,1440648317,1163,28390,3613
2,1440648392,7486,28390,3613
0,1441776171,17467,28398,3613
1,1441776183,5540,28398,3613
3,1441777668,1307,28398,3613
4,1441777885,10766,28398,3613
0,1441873524,7449,28399,3613
2,1441873606,10786,28399,3613
3,1441873663,165,28399,3613
4,1441873693,5405,28399,3613
5,1441873727,21542,28399,3613
6,1441873758,3476,28399,3613
7,1441873805,6186,28399,3613
9,1441873873,17467,28399,3613
12,1441874011,7668,28399,3613
0,1443157177,1301,28403,3613
1,1443157210,1163,28403,3613
2,1443157254,3031,28403,3613
2,1444110131,5782,28409,3613
3,1444110168,18513,28409,3613
4,1444110230,7577,28409,3613
0,1444889780,322,28414,3613
1,1444889913,1081,28414,3613
2,1444890027,7706,28414,3613
3,1444890267,21490,28414,3613
0,1443805702,10007,28465,3620
1,1443805718,8986,28465,3620
2,1443805779,8977,28465,3620
0,1444762091,4401,28466,3620
1,1444762411,3054,28466,3620
2,1444762530,8977,28466,3620
0,1445011209,4401,28467,3620
1,1445011230,8977,28467,3620
2,1445011262,5426,28467,3620
3,1445011348,665,28467,3620
4,1445011357,4269,28467,3620
5,1445011392,80,28467,3620
0,1445014164,1320,28468,3620
1,1445014175,23254,28468,3620
2,1445014192,4401,28468,3620
3,1445014362,23248,28468,3620
4,1445014426,8977,28468,3620
5,1445014515,4269,28468,3620
6,1445014549,3059,28468,3620
7,1445014626,12841,28468,3620
8,1445014670,12836,28468,3620
0,1445107912,4071,28469,3620
1,1445107946,8977,28469,3620
2,1445107952,4401,28469,3620
4,1445108049,3648,28469,3620
5,1445108091,3162,28469,3620
0,1445804329,19563,28471,3620
2,1445804704,8977,28471,3620
3,1445804777,6135,28471,3620
4,1445804828,9222,28471,3620
5,1445804835,5815,28471,3620
7,1445804890,12843,28471,3620
0,1441884351,3467,28567,3634
1,1441884362,90,28567,3634
2,1441884448,21074,28567,3634
0,1442372976,2347,28568,3634
1,1442372995,3473,28568,3634
3,1442373055,1304,28568,3634
4,1442373123,429,28568,3634
0,1443459583,3486,28569,3634
1,1443459595,14,28569,3634
5,1443459801,25489,28569,3634
0,1444114149,14,28570,3634
1,1444114231,63,28570,3634
3,1444114301,2350,28570,3634
4,1444114355,11118,28570,3634
0,1441813359,1100,28593,3638
1,1441813385,172,28593,3638
6,1441813613,1737,28593,3638
8,1441813651,25430,28593,3638
10,1441813736,19675,28593,3638
12,1441813851,24529,28593,3638
13,1441813920,12138,28593,3638
15,1441814010,18096,28593,3638
0,1441814546,2036,28593,3638
2,1441814681,2925,28593,3638
3,1441814736,40,28593,3638
1,1442397979,19022,28594,3638
5,1442398196,12138,28594,3638
8,1442398288,18096,28594,3638
10,1442398345,25865,28594,3638
0,1442934123,1100,28595,3638
4,1442934211,19022,28595,3638
8,1442934393,43,28595,3638
9,1442934428,9451,28595,3638
1,1443527794,43,28596,3638
3,1443527897,12138,28596,3638
5,1443527980,18096,28596,3638
6,1443528029,18209,28596,3638
9,1443528711,5,28596,3638
10,1443528802,5304,28596,3638
0,1440526684,5312,28657,3647
1,1440526885,6911,28657,3647
2,1440526921,6912,28657,3647
3,1440526933,3008,28657,3647
4,1440526957,6906,28657,3647
5,1440527013,6907,28657,3647
6,1440527049,6914,28657,3647
7,1440527381,6909,28657,3647
8,1440527452,6910,28657,3647
9,1440527544,6915,28657,3647
10,1440527641,6908,28657,3647
11,1440527905,6913,28657,3647
12,1440528291,6669,28657,3647
0,1445856847,6916,28658,3647
1,1445856852,6917,28658,3647
2,1445856939,6918,28658,3647
3,1445857003,6919,28658,3647
0,1445860781,6920,28659,3647
1,1445861276,6916,28659,3647
2,1445861631,6922,28659,3647
3,1445861737,6921,28659,3647
0,1441647044,2239,28764,3661
1,1441647056,14937,28764,3661
2,1441647061,374,28764,3661
3,1441647068,1005,28764,3661
0,1442554939,7653,28766,3661
5,1442556735,3181,28766,3661
6,1442556936,14188,28766,3661
7,1442556948,27291,28766,3661
9,1442557032,15916,28766,3661
10,1442557362,7662,28766,3661
16,1442557837,7691,28766,3661
0,1443202432,1304,28768,3661
2,1443202488,2336,28768,3661
3,1443202528,1373,28768,3661
0,1444986763,29721,28771,3661
2,1444987093,7662,28771,3661
3,1444987129,4415,28771,3661
0,1440656236,23061,28801,3665
1,1440656271,3687,28801,3665
2,1440656304,3026,28801,3665
1,1443421784,1668,28803,3665
2,1443421792,5,28803,3665
3,1443421912,11,28803,3665
4,1443423191,4358,28803,3665
6,1443423311,10,28803,3665
7,1443423323,3030,28803,3665
8,1443423358,1745,28803,3665
9,1443423365,2537,28803,3665
1,1445249480,3060,28806,3665
2,1445249562,8481,28806,3665
3,1445249582,3058,28806,3665
4,1445249609,10,28806,3665
2,1445503538,3178,28807,3665
3,1445503570,5723,28807,3665
4,1445503692,10,28807,3665
0,1443453711,4068,28942,3684
1,1443453896,4069,28942,3684
2,1443454552,4067,28942,3684
3,1443454734,4070,28942,3684
0,1444586408,4077,28943,3684
1,1444586521,3956,28943,3684
2,1444586533,1212,28943,3684
3,1444586751,4074,28943,3684
4,1444586772,4071,28943,3684
5,1444586940,4080,28943,3684
6,1444586986,4073,28943,3684
7,1444587624,4082,28943,3684
8,1444587717,4076,28943,3684
9,1444587776,4078,28943,3684
10,1444587823,4072,28943,3684
11,1444587858,4075,28943,3684
12,1444588091,4079,28943,3684
13,1444588219,4081,28943,3684
0,1444735214,6508,28944,3684
1,1444735364,4087,28944,3684
2,1444735454,4091,28944,3684
3,1444735576,4094,28944,3684
4,1444735612,4085,28944,3684
5,1444735632,4086,28944,3684
6,1444735799,4084,28944,3684
9,1444736006,4088,28944,3684
11,1444736126,4092,28944,3684
12,1444736126,4096,28944,3684
13,1444736608,4083,28944,3684
14,1444736680,4095,28944,3684
16,1444736715,4093,28944,3684
17,1444736823,4090,28944,3684
18,1444736849,4097,28944,3684
19,1444737016,4089,28944,3684
0,1445106951,4100,28945,3684
1,1445106987,3646,28945,3684
2,1445107268,4098,28945,3684
3,1445108204,4099,28945,3684
1,1445351978,300,28946,3684
2,1445352057,4101,28946,3684
3,1445352181,4102,28946,3684
0,1442410791,10114,28998,3692
1,1442410813,8344,28998,3692
3,1442410829,12006,28998,3692
6,1442410871,4090,28998,3692
7,1442410877,3333,28998,3692
0,1444981246,7832,28999,3692
2,1444981328,8344,28999,3692
4,1444981458,1619,28999,3692
8,1444981535,3352,28999,3692
10,1444981560,33013,28999,3692
13,1444981633,3344,28999,3692
0,1445073686,12006,29000,3692
1,1445073709,8344,29000,3692
2,1445073893,7832,29000,3692
4,1445073902,3344,29000,3692
0,1445076008,8344,29001,3692
1,1445076537,7832,29001,3692
3,1445076611,3344,29001,3692
0,1441687849,228,29247,3728
1,1441687919,230,29247,3728
2,1441688574,229,29247,3728
0,1444056760,232,29248,3728
1,1444057246,231,29248,3728
2,1444058213,233,29248,3728
0,1444922811,238,29249,3728
1,1444922855,239,29249,3728
2,1444923071,237,29249,3728
3,1444923602,234,29249,3728
4,1444923650,236,29249,3728
5,1444923741,235,29249,3728
6,1444924052,240,29249,3728
0,1445187826,241,29250,3728
1,1445187914,237,29250,3728
2,1445187998,242,29250,3728
3,1445188138,240,29250,3728
4,1445188963,24323,29250,3728
0,1442670405,7649,29288,3733
1,1442670449,3475,29288,3733
2,1442670692,1759,29288,3733
4,1442670806,127,29288,3733
0,1444236715,1761,29289,3733
1,1444236728,3481,29289,3733
2,1444236863,7130,29289,3733
3,1444236974,2349,29289,3733
1,1444454730,7689,29291,3733
3,1444455394,3481,29291,3733
4,1444455438,3482,29291,3733
5,1444455441,7644,29291,3733
6,1444455446,9067,29291,3733
8,1444455454,10353,29291,3733
9,1444455458,132,29291,3733
10,1444455460,3033,29291,3733
0,1441690062,2666,29377,3743
2,1441690383,16846,29377,3743
3,1441690412,16856,29377,3743
4,1441890828,6033,29378,3743
5,1441890859,2680,29378,3743
6,1441890894,16846,29378,3743
7,1441890911,16856,29378,3743
0,1443176162,2620,29379,3743
1,1443176217,2680,29379,3743
2,1443176239,2711,29379,3743
0,1440411689,10775,29444,3752
1,1440411748,13589,29444,3752
5,1440411959,1100,29444,3752
1,1441212255,5405,29445,3752
2,1441212284,3467,29445,3752
3,1441212341,5312,29445,3752
5,1441212624,7240,29445,3752
7,1441212728,6869,29445,3752
10,1441212948,10777,29445,3752
1,1442482356,7449,29446,3752
2,1442482363,12139,29446,3752
3,1442482368,7440,29446,3752
4,1442482375,10786,29446,3752
0,1444409731,7449,29447,3752
1,1444409749,4732,29447,3752
2,1444409762,10801,29447,3752
4,1444409856,10780,29447,3752
7,1444409907,7441,29447,3752
9,1444409957,2186,29447,3752
10,1444409998,17496,29447,3752
13,1444410085,16644,29447,3752
0,1440594922,464,29531,3764
1,1440594953,45076,29531,3764
2,1440595010,2999,29531,3764
0,1441947869,4128,29533,3764
1,1441947906,1962,29533,3764
2,1441948011,915,29533,3764
0,1442896203,2147,29534,3764
3,1442896346,4129,29534,3764
4,1442896374,246,29534,3764
7,1442896545,14093,29534,3764
8,1442896567,3029,29534,3764
10,1442896638,11515,29534,3764
2,1440676395,10657,29643,3777
3,1440676557,12920,29643,3777
5,1440676668,2336,29643,3777
1,1440834041,90,29644,3777
3,1440834150,17388,29644,3777
6,1440834454,5083,29644,3777
0,1440928847,12920,29645,3777
2,1440929056,12589,29645,3777
4,1440929180,100,29645,3777
9,1440930288,15290,29645,3777
11,1440930558,5083,29645,3777
0,1441363954,91,29649,3777
3,1441364210,31082,29649,3777
4,1441364299,90,29649,3777
6,1441365055,1427,29649,3777
8,1441365130,14989,29649,3777
0,1441392484,100,29650,3777
2,1441392741,22638,29650,3777
3,1441392854,3472,29650,3777
5,1441393052,17388,29650,3777
6,1441393093,90,29650,3777
1,1441909413,10341,29651,3777
2,1441909504,5083,29651,3777
3,1441909529,1723,29651,3777
4,1441909611,1427,29651,3777
5,1441909684,1432,29651,3777
0,1442151177,92,29653,3777
1,1442151210,1304,29653,3777
3,1442151238,100,29653,3777
4,1442151298,10341,29653,3777
1,1442393572,6099,29654,3777
2,1442393607,92,29654,3777
6,1442393736,6101,29654,3777
7,1442393758,6102,29654,3777
8,1442393805,1432,29654,3777
9,1442393861,5039,29654,3777
11,1442393952,8619,29654,3777
12,1442393987,15117,29654,3777
0,1442398578,8606,29656,3777
4,1442398761,1432,29656,3777
6,1442399515,1427,29656,3777
8,1442400452,1723,29656,3777
9,1442400693,5083,29656,3777
0,1442403024,1433,29657,3777
1,1442403039,6099,29657,3777
2,1442403137,5039,29657,3777
6,1442404238,15117,29657,3777
1,1442990931,1304,29659,3777
2,1442991054,3033,29659,3777
3,1442991747,17897,29659,3777
8,1442992126,5083,29659,3777
12,1442994092,2265,29659,3777
0,1441293496,11985,29690,3782
1,1441294155,19066,29690,3782
2,1441294248,2587,29690,3782
3,1441294507,27291,29690,3782
5,1441296167,122,29690,3782
6,1441296182,132,29690,3782
0,1442245225,528,29691,3782
1,1442245324,122,29691,3782
3,1442245514,14899,29691,3782
0,1443774104,7467,29692,3782
1,1443774143,4416,29692,3782
2,1443774168,4413,29692,3782
0,1444632386,11985,29693,3782
1,1444632412,14188,29693,3782
2,1444632456,15234,29693,3782
0,1443453952,4067,29697,3783
1,1443454496,4069,29697,3783
2,1443454611,4068,29697,3783
3,1443454734,4070,29697,3783
0,1444586533,1212,29698,3783
1,1444586658,4075,29698,3783
2,1444586891,4079,29698,3783
3,1444586923,4072,29698,3783
4,1444586986,4073,29698,3783
5,1444587024,4082,29698,3783
6,1444587240,4080,29698,3783
7,1444587319,4081,29698,3783
8,1444587351,4074,29698,3783
9,1444587717,4076,29698,3783
0,1444735364,4087,29699,3783
1,1444735454,4091,29699,3783
2,1444735514,6508,29699,3783
3,1444735526,4092,29699,3783
4,1444735780,4095,29699,3783
5,1444735799,4084,29699,3783
6,1444735815,4093,29699,3783
10,1444736006,4088,29699,3783
12,1444736232,4086,29699,3783
13,1444736308,4083,29699,3783
14,1444736476,4094,29699,3783
15,1444736512,4085,29699,3783
17,1444736743,4096,29699,3783
18,1444736823,4090,29699,3783
19,1444736849,4097,29699,3783
1,1444737016,4089,29699,3783
2,1444737804,8061,29699,3783
0,1445107270,3646,29700,3783
1,1445107868,4098,29700,3783
2,1445107904,4099,29700,3783
0,1445351757,4101,29701,3783
2,1445352578,300,29701,3783
3,1445353028,4102,29701,3783
0,1440526921,6912,29744,3789
1,1440526957,6906,29744,3789
2,1440527005,6913,29744,3789
3,1440527049,6914,29744,3789
4,1440527244,6915,29744,3789
5,1440527452,6910,29744,3789
6,1440527485,6911,29744,3789
7,1440527533,3008,29744,3789
8,1440527584,5312,29744,3789
9,1440527613,6907,29744,3789
10,1440527941,6908,29744,3789
11,1440527967,6909,29744,3789
12,1440527991,6669,29744,3789
0,1445856852,6917,29745,3789
1,1445857003,6919,29745,3789
2,1445857147,6916,29745,3789
3,1445858139,6918,29745,3789
0,1445860376,6916,29746,3789
1,1445860481,6920,29746,3789
2,1445860837,6921,29746,3789
0,1440868676,5648,29790,3794
1,1440869103,3048,29790,3794
2,1440869229,6913,29790,3794
0,1441650943,6401,29792,3794
1,1441651018,941,29792,3794
4,1441652255,9444,29792,3794
6,1441652638,24302,29792,3794
0,1441732532,15387,29793,3794
1,1441732601,2147,29793,3794
3,1441732834,2925,29793,3794
0,1440819988,6103,29817,3797
2,1440820165,4941,29817,3797
4,1440820885,26581,29817,3797
0,1440920416,6103,29818,3797
2,1440921041,4941,29818,3797
4,1440921833,26581,29818,3797
3,1441090659,10766,29819,3797
4,1441090891,6103,29819,3797
5,1441091164,4941,29819,3797
1,1441167978,10766,29820,3797
2,1441167994,6103,29820,3797
3,1441168107,4941,29820,3797
0,1441252919,18018,29821,3797
1,1441252927,5031,29821,3797
2,1441253272,10766,29821,3797
0,1441518919,5039,29823,3797
2,1441519295,170,29823,3797
3,1441519321,18399,29823,3797
1,1442202912,220,29827,3797
4,1442203947,8619,29827,3797
5,1442204208,1433,29827,3797
6,1442204251,22176,29827,3797
8,1442204387,6099,29827,3797
1,1442334731,5068,29828,3797
4,1442334936,2265,29828,3797
5,1442334985,92,29828,3797
0,1442381143,1433,29829,3797
1,1442381411,22176,29829,3797
2,1442381438,5039,29829,3797
2,1442581159,5085,29830,3797
3,1442581175,6101,29830,3797
4,1442581184,15118,29830,3797
2,1442689839,3954,29831,3797
3,1442689857,18932,29831,3797
4,1442689919,3178,29831,3797
0,1442728382,1433,29832,3797
1,1442728439,5039,29832,3797
2,1442728469,1432,29832,3797
0,1443676131,8271,29836,3797
1,1443676751,22176,29836,3797
2,1443677034,5039,29836,3797
3,1443677078,5031,29836,3797
0,1444285423,2008,29838,3797
1,1444286281,8271,29838,3797
2,1444286330,22176,29838,3797
3,1444286387,5031,29838,3797
4,1444286892,10766,29838,3797
5,1444286919,6103,29838,3797
6,1444286972,4941,29838,3797
0,1444468116,2971,29840,3797
1,1444468357,2008,29840,3797
2,1444468645,8271,29840,3797
3,1444468844,22176,29840,3797
4,1444468882,5031,29840,3797
0,1444743394,2971,29843,3797
1,1444743539,2008,29843,3797
2,1444743574,8271,29843,3797
0,1446019831,3843,29845,3797
1,1446019915,10758,29845,3797
2,1446020276,2971,29845,3797
3,1446020345,2008,29845,3797
2,1446210222,10767,29847,3797
3,1446210562,10758,29847,3797
4,1446210732,2971,29847,3797
5,1446210759,2008,29847,3797
6,1446210827,22176,29847,3797
0,1446399053,10767,29848,3797
1,1446399079,10758,29848,3797
2,1446399092,2971,29848,3797
3,1446399110,2008,29848,3797
4,1446399325,6103,29848,3797
0,1440146963,10775,29868,3800
1,1440146979,2568,29868,3800
5,1440147550,5269,29868,3800
6,1440147639,10181,29868,3800
0,1441085444,7640,29869,3800
2,1441085563,21535,29869,3800
5,1441085697,2297,29869,3800
0,1441244402,3467,29870,3800
5,1441244568,3978,29870,3800
7,1441244612,5269,29870,3800
10,1441244642,2994,29870,3800
14,1441244655,21044,29870,3800
18,1441244725,91,29870,3800
19,1441244746,5083,29870,3800
1,1441244760,18023,29870,3800
2,1441244763,10004,29870,3800
3,1441244764,2405,29870,3800
5,1441244770,3026,29870,3800
1,1441983153,1962,29904,3805
2,1441984029,1100,29904,3805
3,1441984100,3011,29904,3805
1,1442248091,14568,29905,3805
2,1442248167,10929,29905,3805
3,1442248250,13936,29905,3805
0,1442593262,12576,29906,3805
1,1442593412,1977,29906,3805
2,1442593505,16955,29906,3805
3,1442593768,20628,29906,3805
5,1442594086,243,29906,3805
1,1443095660,16290,29908,3805
2,1443095681,1994,29908,3805
3,1443095862,1304,29908,3805
0,1443457350,2906,29910,3805
1,1443457361,1976,29910,3805
3,1443457394,1989,29910,3805
0,1443540304,1989,29911,3805
3,1443540556,528,29911,3805
5,1443540582,170,29911,3805
7,1443540654,20628,29911,3805
8,1443540668,20240,29911,3805
0,1443619693,2147,29912,3805
1,1443619703,243,29912,3805
2,1443619863,385,29912,3805
0,1444068810,11654,29955,3811
1,1444068826,2778,29955,3811
3,1444069077,6015,29955,3811
4,1444069112,2770,29955,3811
0,1444637804,4199,29956,3811
1,1444637862,11023,29956,3811
4,1444638415,2350,29956,3811
0,1445608418,15255,29958,3811
1,1445608437,6011,29958,3811
2,1445608476,2778,29958,3811
0,1442581998,8342,30079,3827
1,1442582151,12575,30079,3827
3,1442582439,5424,30079,3827
1,1442644083,10882,30080,3827
2,1442644279,539,30080,3827
5,1442644566,17251,30080,3827
11,1442645415,7044,30080,3827
2,1442841583,20028,30083,3827
6,1442841833,3026,30083,3827
7,1442841952,10267,30083,3827
9,1442842015,8342,30083,3827
0,1442338318,7776,30254,3848
1,1442338369,7367,30254,3848
2,1442338469,721,30254,3848
1,1443085301,8364,30255,3848
3,1443085382,22037,30255,3848
4,1443085386,28620,30255,3848
0,1443423552,613,30256,3848
1,1443423567,5349,30256,3848
2,1443423855,6349,30256,3848
0,1442569485,2926,30264,3849
1,1442570334,14404,30264,3849
6,1442570460,22,30264,3849
0,1442696843,22,30265,3849
2,1442696873,7316,30265,3849
3,1442696878,5630,30265,3849
0,1442778099,22,30266,3849
2,1442778111,7316,30266,3849
4,1442778114,5630,30266,3849
0,1442922147,22,30267,3849
3,1442922176,7316,30267,3849
4,1442922178,5630,30267,3849
0,1443181382,22,30268,3849
2,1443181399,7316,30268,3849
3,1443181404,5630,30268,3849
0,1443194159,22,30269,3849
2,1443194192,7316,30269,3849
3,1443194196,5630,30269,3849
0,1443458239,22,30270,3849
2,1443458250,7316,30270,3849
3,1443458253,5630,30270,3849
2,1443701084,5630,30271,3849
3,1443701086,7316,30271,3849
5,1443701112,22,30271,3849
2,1443863005,5630,30272,3849
3,1443863008,7316,30272,3849
5,1443863030,22,30272,3849
0,1441973690,92,30362,3861
1,1441973741,93,30362,3861
2,1441974105,2852,30362,3861
0,1442840047,92,30363,3861
2,1442840167,3054,30363,3861
4,1442840217,7,30363,3861
5,1442840325,1308,30363,3861
6,1442840367,2866,30363,3861
2,1443616903,3178,30365,3861
3,1443616910,1314,30365,3861
5,1443617222,25039,30365,3861
7,1443617278,10,30365,3861
8,1443617518,3980,30365,3861
9,1443617545,24,30365,3861
11,1443617706,1668,30365,3861
0,1444058816,3146,30366,3861
1,1444058886,474,30366,3861
4,1444059085,1687,30366,3861
8,1444059877,1513,30366,3861
0,1444144304,17196,30367,3861
1,1444144343,15,30367,3861
2,1444144392,665,30367,3861
1,1440952643,4961,30418,3868
2,1440952813,8927,30418,3868
4,1440952980,1725,30418,3868
5,1440953107,5008,30418,3868
0,1442082494,10754,30419,3868
1,1442082583,1433,30419,3868
2,1442082632,17889,30419,3868
4,1442082789,8606,30419,3868
0,1442149467,1433,30420,3868
1,1442149490,92,30420,3868
2,1442149616,1432,30420,3868
3,1442149733,15117,30420,3868
4,1442149773,10753,30420,3868
1,1440342462,50,30475,3874
2,1440342534,3013,30475,3874
3,1440342556,5635,30475,3874
0,1441623144,2574,30479,3874
1,1441623203,3038,30479,3874
2,1441623249,8219,30479,3874
3,1441623264,4676,30479,3874
0,1441701382,10107,30480,3874
1,1441701425,3160,30480,3874
3,1441701530,13247,30480,3874
0,1441795007,172,30481,3874
3,1441795129,95,30481,3874
8,1441795231,96,30481,3874
13,1441795383,10107,30481,3874
14,1441795405,97,30481,3874
0,1441797745,32011,30482,3874
10,1441798255,14247,30482,3874
13,1441798335,9,30482,3874
14,1441798379,50,30482,3874
15,1441798467,12935,30482,3874
0,1441978851,12933,30484,3874
1,1441978900,933,30484,3874
2,1441978964,276,30484,3874
4,1441979153,11797,30484,3874
0,1443771534,12957,30491,3874
2,1443771650,19452,30491,3874
3,1443771663,8614,30491,3874
0,1443540111,4068,30509,3877
1,1443540352,4067,30509,3877
2,1443540534,4070,30509,3877
3,1443540896,4069,30509,3877
0,1444672921,3956,30510,3877
1,1444672976,4078,30510,3877
2,1444673023,4072,30510,3877
3,1444673124,4082,30510,3877
4,1444673217,4076,30510,3877
5,1444673291,4079,30510,3877
6,1444673340,4080,30510,3877
7,1444673358,4075,30510,3877
8,1444673419,4081,30510,3877
9,1444673708,4077,30510,3877
10,1444673772,4071,30510,3877
11,1444673833,1212,30510,3877
12,1444674051,4074,30510,3877
0,1444821732,4086,30511,3877
1,1444821915,4093,30511,3877
2,1444822064,4087,30511,3877
3,1444822106,4088,30511,3877
4,1444822108,4083,30511,3877
5,1444822180,4095,30511,3877
8,1444822312,4085,30511,3877
12,1444822754,4091,30511,3877
13,1444822814,6508,30511,3877
14,1444822826,4092,30511,3877
15,1444822876,4094,30511,3877
17,1444823099,4084,30511,3877
18,1444823143,4096,30511,3877
19,1444823223,4090,30511,3877
0,1444823249,4097,30511,3877
1,1444823416,4089,30511,3877
2,1444824204,8061,30511,3877
0,1445193351,4100,30512,3877
1,1445193387,3646,30512,3877
2,1445194304,4099,30512,3877
3,1445194568,4098,30512,3877
1,1445438378,300,30513,3877
2,1445439057,4101,30513,3877
3,1445439128,4102,30513,3877
0,1443526701,15153,30622,3894
2,1443526793,6076,30622,3894
3,1443527133,1310,30622,3894
15,1443528071,20734,30622,3894
18,1443528348,3954,30622,3894
4,1443678802,7,30623,3894
5,1443678808,8378,30623,3894
8,1443679424,6076,30623,3894
9,1443679545,941,30623,3894
15,1443682662,3954,30623,3894
19,1443682763,20734,30623,3894
0,1443853266,19,30624,3894
1,1443853303,3031,30624,3894
2,1443853329,14,30624,3894
4,1444465025,23699,30626,3894
5,1444466520,20734,30626,3894
10,1444467464,3954,30626,3894
0,1442428094,1825,30674,3901
1,1442428129,32708,30674,3901
2,1442428160,9096,30674,3901
5,1442428723,30992,30674,3901
0,1443694452,1825,30675,3901
2,1443694515,9096,30675,3901
3,1443694555,30992,30675,3901
6,1443694697,19141,30675,3901
10,1443695088,11043,30675,3901
13,1443695229,35969,30675,3901
14,1443695341,23804,30675,3901
15,1443695393,9092,30675,3901
16,1443695462,12079,30675,3901
1,1444725276,30992,30677,3901
2,1444725304,9089,30677,3901
3,1444725339,9094,30677,3901
4,1444725366,15716,30677,3901
5,1444725413,9098,30677,3901
6,1444725469,14530,30677,3901
0,1445103133,9303,30680,3901
2,1445103340,9089,30680,3901
4,1445103461,3617,30680,3901
0,1443453596,4069,30689,3903
1,1443453652,4067,30689,3903
2,1443453834,4070,30689,3903
0,1444586533,1212,30690,3903
1,1444586751,4074,30690,3903
2,1444586772,4071,30690,3903
3,1444586876,4078,30690,3903
4,1444587024,4082,30690,3903
5,1444587191,4079,30690,3903
6,1444587608,4077,30690,3903
7,1444587721,3956,30690,3903
8,1444587823,4072,30690,3903
9,1444587858,4075,30690,3903
10,1444587886,4073,30690,3903
11,1444587919,4081,30690,3903
12,1444588017,4076,30690,3903
13,1444588140,4080,30690,3903
0,1444735480,4095,30691,3903
1,1444735515,4093,30691,3903
2,1444735612,4085,30691,3903
3,1444735632,4086,30691,3903
4,1444735708,4083,30691,3903
7,1444736006,4088,30691,3903
11,1444736264,4087,30691,3903
12,1444736354,4091,30691,3903
13,1444736414,6508,30691,3903
14,1444736426,4092,30691,3903
15,1444736476,4094,30691,3903
16,1444736549,4097,30691,3903
17,1444736684,4089,30691,3903
18,1444736699,4084,30691,3903
19,1444736726,4096,30691,3903
0,1444737123,4090,30691,3903
1,1444738404,8061,30691,3903
0,1445107004,4099,30692,3903
1,1445107851,4100,30692,3903
2,1445107868,4098,30692,3903
3,1445108170,3646,30692,3903
1,1445352057,4101,30693,3903
2,1445352728,4102,30693,3903
3,1445352878,300,30693,3903
0,1440613153,6906,30877,3930
1,1440613285,6911,30877,3930
2,1440613384,5312,30877,3930
3,1440613405,6913,30877,3930
4,1440613413,6907,30877,3930
5,1440613481,6909,30877,3930
6,1440613852,6910,30877,3930
7,1440613933,3008,30877,3930
8,1440614221,6912,30877,3930
9,1440614341,6908,30877,3930
10,1440614544,6915,30877,3930
11,1440614649,6914,30877,3930
12,1440614691,6669,30877,3930
0,1445943103,6919,30878,3930
1,1445943174,6916,30878,3930
2,1445943252,6917,30878,3930
0,1445946805,6916,30879,3930
1,1445947837,6921,30879,3930
2,1445948081,6920,30879,3930
0,1443540111,4068,30948,3942
1,1443540296,4069,30948,3942
2,1443541134,4070,30948,3942
3,1443541252,4067,30948,3942
0,1444672921,3956,30949,3942
1,1444673233,1212,30949,3942
2,1444673323,4072,30949,3942
3,1444673386,4073,30949,3942
4,1444673419,4081,30949,3942
5,1444673424,4082,30949,3942
6,1444673517,4076,30949,3942
7,1444673708,4077,30949,3942
8,1444673751,4074,30949,3942
9,1444673772,4071,30949,3942
10,1444674240,4080,30949,3942
11,1444674258,4075,30949,3942
0,1444821732,4086,30950,3942
1,1444821808,4083,30950,3942
2,1444821880,4095,30950,3942
3,1444821914,6508,30950,3942
4,1444821926,4092,30950,3942
5,1444822012,4085,30950,3942
6,1444822049,4097,30950,3942
11,1444822406,4088,30950,3942
12,1444822516,4089,30950,3942
13,1444822964,4087,30950,3942
14,1444823099,4084,30950,3942
16,1444823143,4096,30950,3942
18,1444823456,4090,30950,3942
0,1445193368,4098,30951,3942
1,1445193370,3646,30951,3942
2,1445193704,4099,30951,3942
3,1445194551,4100,30951,3942
0,1445438378,300,30952,3942
2,1445438578,4102,30952,3942
3,1445439057,4101,30952,3942
0,1443173622,2621,30990,3947
5,1443175933,12933,30990,3947
6,1443175985,10107,30990,3947
0,1444302273,933,30993,3947
2,1444302556,2930,30993,3947
4,1444302632,3160,30993,3947
1,1444644619,944,30994,3947
2,1444644733,3351,30994,3947
3,1444644966,220,30994,3947
0,1443539814,1761,31044,3956
1,1443539854,3482,31044,3956
2,1443539879,21785,31044,3956
3,1443539972,141,31044,3956
0,1444754132,7276,31045,3956
1,1444754190,149,31045,3956
3,1444754298,11200,31045,3956
4,1444754336,7130,31045,3956
5,1444754405,7575,31045,3956
0,1445072433,689,31046,3956
1,1445072533,12553,31046,3956
2,1445072614,3071,31046,3956
3,1445072696,7276,31046,3956
4,1445072761,7277,31046,3956
0,1445075824,12468,31047,3956
1,1445075940,1941,31047,3956
2,1445076356,15255,31047,3956
4,1445078229,3071,31047,3956
5,1445078262,3978,31047,3956
7,1445078655,1761,31047,3956
9,1445078794,689,31047,3956
10,1445078968,17648,31047,3956
11,1445079066,7337,31047,3956
12,1445079293,5744,31047,3956
15,1445080210,12464,31047,3956
16,1445080288,30210,31047,3956
19,1445080477,16654,31047,3956
0,1443113872,1490,31151,3972
2,1443114260,2876,31151,3972
3,1443114295,12750,31151,3972
0,1443372246,352,31152,3972
1,1443372307,20954,31152,3972
3,1443372488,8640,31152,3972
4,1443372562,33850,31152,3972
0,1444331167,19281,31155,3972
2,1444331282,33850,31155,3972
3,1444331367,3382,31155,3972
4,1444331511,2512,31155,3972
2,1444750249,19281,31157,3972
6,1444750366,1159,31157,3972
7,1444750389,33850,31157,3972
0,1441519337,3703,31299,3992
1,1441519440,3709,31299,3992
3,1441519543,3708,31299,3992
4,1441519574,33925,31299,3992
5,1441519655,7312,31299,3992
0,1442077190,3695,31300,3992
2,1442077271,3703,31300,3992
7,1442077522,2963,31300,3992
2,1442595492,25365,31302,3992
3,1442595514,3695,31302,3992
4,1442595523,3703,31302,3992
1,1442666233,33770,31303,3992
5,1442666354,4841,31303,3992
6,1442666577,5,31303,3992
7,1442666610,2928,31303,3992
0,1442816537,3632,31304,3992
1,1442817589,815,31304,3992
2,1442819017,8,31304,3992
3,1442819035,1646,31304,3992
4,1442819083,261,31304,3992
1,1443005399,9128,31307,3992
3,1443005481,36243,31307,3992
4,1443005537,10884,31307,3992
0,1443009867,256,31308,3992
3,1443011014,17251,31308,3992
5,1443011186,3632,31308,3992
2,1443161099,33925,31309,3992
4,1443161246,7,31309,3992
5,1443161309,1140,31309,3992
8,1443161443,3972,31309,3992
11,1443162617,3471,31309,3992
2,1443164535,3160,31310,3992
3,1443164549,3709,31310,3992
4,1443164586,24559,31310,3992
0,1443169271,5659,31311,3992
1,1443169320,3956,31311,3992
2,1443169362,2926,31311,3992
3,1443169435,24559,31311,3992
8,1443171822,7310,31311,3992
2,1443547094,3708,31316,3992
3,1443547140,1320,31316,3992
4,1443547167,282,31316,3992
5,1443547205,4853,31316,3992
7,1443547263,5693,31316,3992
9,1443547363,23137,31316,3992
2,1443857569,933,31317,3992
3,1443857622,5693,31317,3992
4,1443857643,3709,31317,3992
1,1443964606,12841,31318,3992
2,1443964641,10,31318,3992
5,1443964767,2951,31318,3992
1,1444419222,933,31319,3992
2,1444419246,3467,31319,3992
3,1444419306,3709,31319,3992
4,1444419325,5404,31319,3992
0,1440166591,5651,31324,3993
1,1440166633,18267,31324,3993
2,1440166639,3011,31324,3993
0,1440518004,45076,31326,3993
1,1440518012,18267,31326,3993
2,1440518030,22658,31326,3993
0,1440687786,3010,31327,3993
1,1440687836,385,31327,3993
2,1440687861,18267,31327,3993
0,1441903577,3011,31328,3993
1,1441903631,1640,31328,3993
2,1441903690,4128,31328,3993
3,1441903742,6271,31328,3993
4,1441903766,1304,31328,3993
0,1442301535,4128,31329,3993
1,1442301562,1640,31329,3993
2,1442301588,1962,31329,3993
0,1440683866,5984,31366,4000
2,1440684023,3514,31366,4000
5,1440684316,5244,31366,4000
0,1441771109,20798,31367,4000
1,1441771148,11892,31367,4000
2,1441771214,17823,31367,4000
5,1441771389,1637,31367,4000
7,1441771594,8128,31367,4000
8,1441771626,9074,31367,4000
9,1441771670,11881,31367,4000
14,1441772000,16148,31367,4000
0,1442167103,8128,31369,4000
1,1442167163,5765,31369,4000
2,1442167184,11815,31369,4000
0,1442232728,13392,31370,4000
2,1442232821,3033,31370,4000
4,1442232939,91,31370,4000
0,1442985039,5541,31373,4000
1,1442985121,9303,31373,4000
3,1442986076,8107,31373,4000
4,1442986100,1046,31373,4000
0,1443037223,9303,31374,4000
1,1443037249,19532,31374,4000
2,1443037306,1304,31374,4000
3,1443037341,1373,31374,4000
3,1443108962,2860,31375,4000
4,1443109163,1353,31375,4000
6,1443109419,5513,31375,4000
0,1443423598,2860,31376,4000
3,1443423706,1353,31376,4000
4,1443423800,12837,31376,4000
0,1444328904,6843,31378,4000
4,1444329101,7512,31378,4000
6,1444329514,266,31378,4000
7,1444329567,16648,31378,4000
8,1444329589,7123,31378,4000
9,1444329644,30025,31378,4000
1,1441042028,19206,31394,4002
3,1441042039,1304,31394,4002
5,1441042072,107,31394,4002
0,1442174226,1304,31395,4002
1,1442174227,90,31395,4002
2,1442174366,21346,31395,4002
3,1442174368,7160,31395,4002
0,1444376771,21346,31396,4002
1,1444376848,165,31396,4002
2,1444376862,13054,31396,4002
3,1444376865,3467,31396,4002
4,1444376872,1561,31396,4002
4,1441528354,14,31416,4004
5,1441528399,5979,31416,4004
6,1441528466,30828,31416,4004
1,1441536528,30828,31418,4004
4,1441537230,5979,31418,4004
6,1441538651,12483,31418,4004
7,1441538657,7605,31418,4004
8,1441538660,10069,31418,4004
9,1441538705,1078,31418,4004
0,1442156086,10529,31421,4004
5,1442156534,1778,31421,4004
6,1442156557,8984,31421,4004
14,1442157975,14459,31421,4004
0,1442388083,14326,31423,4004
2,1442388125,20523,31423,4004
4,1442389323,1834,31423,4004
0,1444229560,232,31477,4008
1,1444229746,231,31477,4008
2,1444230113,233,31477,4008
0,1445095641,235,31478,4008
1,1445095911,238,31478,4008
2,1445095952,240,31478,4008
3,1445096255,239,31478,4008
4,1445096402,234,31478,4008
5,1445096750,236,31478,4008
6,1445096771,237,31478,4008
0,1445360714,237,31479,4008
1,1445361463,24323,31479,4008
2,1445361526,241,31479,4008
3,1445361838,240,31479,4008
4,1445361998,242,31479,4008
1,1442396124,12667,31634,4028
2,1442396215,9278,31634,4028
3,1442396378,10520,31634,4028
7,1442396818,10514,31634,4028
8,1442396851,3919,31634,4028
11,1442397184,3527,31634,4028
1,1443768141,24279,31635,4028
3,1443768307,10282,31635,4028
4,1443768347,19016,31635,4028
5,1443768390,10284,31635,4028
3,1445068935,3132,31637,4028
4,1445069073,7127,31637,4028
5,1445069120,10262,31637,4028
0,1445154948,3132,31638,4028
1,1445154962,10281,31638,4028
2,1445155529,8347,31638,4028
3,1445155622,7133,31638,4028
0,1445254535,9278,31639,4028
1,1445254596,10282,31639,4028
8,1445255352,30212,31639,4028
9,1445255362,3494,31639,4028
11,1445255626,8347,31639,4028
12,1445255641,7277,31639,4028
14,1445255862,11199,31639,4028
17,1445256023,10262,31639,4028
19,1445256192,11672,31639,4028
0,1445256273,15439,31639,4028
3,1445256502,3111,31639,4028
4,1445256559,21088,31639,4028
2,1445273684,7133,31640,4028
4,1445273756,11199,31640,4028
7,1445274959,10282,31640,4028
9,1445275170,10284,31640,4028
12,1445275761,3111,31640,4028
0,1440440233,3008,31648,4030
1,1440440341,6908,31648,4030
2,1440440653,6906,31648,4030
3,1440440844,6915,31648,4030
4,1440441045,6910,31648,4030
5,1440441085,6911,31648,4030
6,1440441121,6912,31648,4030
7,1440441484,5312,31648,4030
8,1440441505,6913,31648,4030
9,1440441581,6909,31648,4030
10,1440441849,6914,31648,4030
0,1445770452,6917,31649,4030
1,1445770839,6918,31649,4030
2,1445771203,6919,31649,4030
3,1445771274,6916,31649,4030
0,1445774005,6916,31650,4030
1,1445774981,6920,31650,4030
2,1445775037,6921,31650,4030
3,1445775231,6922,31650,4030
1,1440531692,2443,31737,4043
2,1440531716,632,31737,4043
4,1440532187,7544,31737,4043
0,1441231899,7557,31740,4043
3,1441232080,15424,31740,4043
13,1441233728,12676,31740,4043
1,1441321601,3423,31741,4043
2,1441321735,3422,31741,4043
4,1441321934,13984,31741,4043
5,1441321972,7557,31741,4043
1,1441397335,15422,31743,4043
4,1441397611,1826,31743,4043
9,1441398449,5664,31743,4043
10,1441398618,3430,31743,4043
0,1441483352,5664,31744,4043
1,1441483482,2457,31744,4043
3,1441483550,15424,31744,4043
2,1443648209,19119,31762,4043
4,1443649279,18665,31762,4043
6,1443649561,13687,31762,4043
0,1442941405,5064,31871,4052
3,1442941552,27296,31871,4052
4,1442941752,5084,31871,4052
5,1442941768,8618,31871,4052
0,1444227411,7467,31875,4052
3,1444227534,5872,31875,4052
4,1444227677,5854,31875,4052
6,1444227810,1723,31875,4052
1,1444288362,5064,31876,4052
2,1444288587,3834,31876,4052
4,1444289182,528,31876,4052
0,1444410045,220,31878,4052
1,1444410051,27296,31878,4052
2,1444410109,7467,31878,4052
4,1443631619,4414,31959,4062
7,1443631858,6015,31959,4062
10,1443632336,6674,31959,4062
13,1443632803,523,31959,4062
15,1443633016,34,31959,4062
1,1444506822,36685,31961,4062
7,1444508018,999,31961,4062
11,1444508422,7278,31961,4062
1,1444676709,6674,31962,4062
2,1444676738,245,31962,4062
3,1444676860,34,31962,4062
1,1444678968,5877,31963,4062
5,1444679898,11199,31963,4062
7,1444680031,20327,31963,4062
11,1444680415,36685,31963,4062
4,1444905366,30212,31965,4062
5,1444906278,4139,31965,4062
7,1444906380,15476,31965,4062
1,1442326777,10438,32103,4080
2,1442326901,3956,32103,4080
4,1442327017,3467,32103,4080
5,1442327070,19933,32103,4080
0,1442844227,7209,32104,4080
1,1442844303,939,32104,4080
3,1442844449,13908,32104,4080
1,1443545753,279,32105,4080
2,1443545774,1306,32105,4080
3,1443545966,3704,32105,4080
5,1443546042,7314,32105,4080
6,1443546110,13,32105,4080
7,1443546144,1050,32105,4080
8,1443546246,272,32105,4080
9,1443546304,10882,32105,4080
0,1444386764,1050,32107,4080
1,1444386818,3956,32107,4080
2,1444386932,272,32107,4080
4,1444387044,939,32107,4080
6,1444387112,3704,32107,4080
7,1444387154,2930,32107,4080
9,1444387224,10438,32107,4080
10,1444387238,4866,32107,4080
11,1444387281,7209,32107,4080
12,1444387328,10882,32107,4080
13,1444387338,1009,32107,4080
15,1444387350,3467,32107,4080
17,1444387761,1005,32107,4080
18,1444387767,605,32107,4080
0,1443620582,132,32139,4085
1,1443620606,23248,32139,4085
2,1443620639,1304,32139,4085
3,1443620709,8986,32139,4085
4,1443620751,1373,32139,4085
5,1443620778,11,32139,4085
0,1444503404,4078,32140,4085
1,1444503511,8977,32140,4085
2,1444503527,11,32140,4085
3,1444503569,665,32140,4085
4,1444503640,3031,32140,4085
0,1444930818,4078,32141,4085
2,1444930901,2265,32141,4085
3,1444930962,4729,32141,4085
0,1443367252,4067,32153,4087
1,1443367611,4068,32153,4087
2,1443368096,4069,32153,4087
3,1443368334,4070,32153,4087
0,1444500133,1212,32154,4087
1,1444500176,4078,32154,4087
2,1444500258,4075,32154,4087
3,1444500286,4073,32154,4087
4,1444500308,4077,32154,4087
5,1444500619,4081,32154,4087
6,1444500972,4071,32154,4087
7,1444501123,4072,32154,4087
8,1444501317,4076,32154,4087
9,1444501321,3956,32154,4087
10,1444501391,4079,32154,4087
11,1444501440,4080,32154,4087
0,1444648932,4086,32155,4087
1,1444648964,4087,32155,4087
2,1444649008,4083,32155,4087
3,1444649380,4095,32155,4087
4,1444649399,4084,32155,4087
5,1444649415,4093,32155,4087
7,1444649606,4088,32155,4087
11,1444649743,4096,32155,4087
12,1444649954,4091,32155,4087
13,1444650014,6508,32155,4087
14,1444650026,4092,32155,4087
15,1444650149,4097,32155,4087
16,1444650316,4089,32155,4087
17,1444650412,4085,32155,4087
19,1444650423,4090,32155,4087
0,1445020570,3646,32156,4087
1,1445020851,4100,32156,4087
2,1445020904,4099,32156,4087
3,1445021468,4098,32156,4087
1,1445265578,300,32157,4087
2,1445266257,4101,32157,4087
3,1445266628,4102,32157,4087
0,1443367611,4068,32184,4091
1,1443368096,4069,32184,4091
2,1443368452,4067,32184,4091
0,1444500121,3956,32185,4091
1,1444500417,4076,32185,4091
2,1444500433,1212,32185,4091
3,1444500558,4075,32185,4091
4,1444500791,4079,32185,4091
5,1444500908,4077,32185,4091
6,1444500919,4081,32185,4091
7,1444500951,4074,32185,4091
8,1444500972,4071,32185,4091
9,1444501123,4072,32185,4091
10,1444501440,4080,32185,4091
11,1444501486,4073,32185,4091
0,1444648964,4087,32186,4091
1,1444649080,4095,32186,4091
2,1444649099,4084,32186,4091
3,1444649114,6508,32186,4091
4,1444649415,4093,32186,4091
6,1444649476,4094,32186,4091
7,1444649512,4085,32186,4091
9,1444649654,4091,32186,4091
12,1444649716,4089,32186,4091
13,1444650132,4086,32186,4091
14,1444650206,4088,32186,4091
15,1444650208,4083,32186,4091
17,1444650423,4090,32186,4091
18,1444650643,4096,32186,4091
19,1444651404,8061,32186,4091
0,1445020851,4100,32187,4091
1,1445020868,4098,32187,4091
2,1445021470,3646,32187,4091
1,1445265657,4101,32188,4091
2,1445266478,300,32188,4091
3,1445266628,4102,32188,4091
0,1441305703,3026,32476,4131
1,1441305705,528,32476,4131
2,1441305718,12075,32476,4131
0,1441877094,13247,32477,4131
1,1441877106,172,32477,4131
2,1441877126,40,32477,4131
0,1443354620,1304,32478,4131
1,1443354638,24,32478,4131
3,1443354743,3028,32478,4131
0,1444220198,14588,32479,4131
1,1444220200,24,32479,4131
2,1444220203,3988,32479,4131
3,1444220205,268,32479,4131
0,1442247143,17823,32511,4135
4,1442249186,15368,32511,4135
5,1442249269,5385,32511,4135
0,1444150345,1490,32514,4135
5,1444150605,15365,32514,4135
10,1444152509,14995,32514,4135
11,1444152581,15368,32514,4135
13,1444152627,5385,32514,4135
19,1444152892,15357,32514,4135
0,1445271572,2530,32517,4135
1,1445271644,3160,32517,4135
3,1445271690,10027,32517,4135
0,1445074448,22855,32716,4160
3,1445074667,3071,32716,4160
4,1445074724,3077,32716,4160
6,1445074803,3073,32716,4160
7,1445074827,19226,32716,4160
2,1445504786,3071,32717,4160
3,1445504788,3077,32717,4160
5,1445504793,3073,32717,4160
6,1445504795,19226,32717,4160
2,1445507338,3077,32718,4160
3,1445507338,3071,32718,4160
5,1445507342,3073,32718,4160
6,1445507348,19226,32718,4160
2,1443779777,14038,32785,4169
7,1443780172,5432,32785,4169
9,1443780259,9250,32785,4169
10,1443780274,5979,32785,4169
12,1443780298,8166,32785,4169
13,1443780326,3103,32785,4169
15,1443780365,5424,32785,4169
17,1443781068,7050,32785,4169
0,1443781141,14178,32785,4169
3,1443781181,9725,32785,4169
2,1444047529,14038,32786,4169
6,1444047540,5432,32786,4169
10,1444047556,8166,32786,4169
12,1444047570,14178,32786,4169
13,1444047575,3103,32786,4169
17,1444047578,5424,32786,4169
18,1444047579,7050,32786,4169
0,1444047586,9725,32786,4169
2,1444218560,14038,32787,4169
6,1444218565,5432,32787,4169
9,1444218594,7050,32787,4169
11,1444218596,8166,32787,4169
12,1444218597,3103,32787,4169
13,1444218598,5424,32787,4169
18,1444218603,14178,32787,4169
10,1444231754,3103,32788,4169
16,1444231968,14178,32788,4169
18,1444232159,5432,32788,4169
19,1444232219,14038,32788,4169
0,1440425527,2097,32887,4183
1,1440425556,19,32887,4183
2,1440425575,3963,32887,4183
0,1441611871,14,32889,4183
1,1441611941,4130,32889,4183
3,1441612059,3012,32889,4183
4,1441612119,3030,32889,4183
0,1442312147,3027,32890,4183
1,1442312183,2925,32890,4183
2,1442312246,3000,32890,4183
3,1442312285,172,32890,4183
4,1442312353,2991,32890,4183
0,1443533008,2984,32891,4183
1,1443533022,14,32891,4183
2,1443533053,2097,32891,4183
3,1443533082,9894,32891,4183
4,1443533125,1314,32891,4183
6,1443533437,1139,32891,4183
0,1444664372,3028,32893,4183
1,1444664391,4133,32893,4183
3,1444664526,6085,32893,4183
0,1444733541,2984,32894,4183
1,1444733609,1513,32894,4183
2,1444733710,31,32894,4183
3,1444733762,15,32894,4183
4,1444733817,6085,32894,4183
0,1444741802,6085,32895,4183
1,1444741980,1513,32895,4183
2,1444742012,3031,32895,4183
3,1444742142,26,32895,4183
4,1444742313,1745,32895,4183
1,1444746866,6085,32896,4183
3,1444746908,1513,32896,4183
5,1444747337,3031,32896,4183
0,1445177499,31,32897,4183
1,1445177554,15,32897,4183
2,1445177575,12,32897,4183
4,1445177684,3056,32897,4183
1,1445446247,2984,32898,4183
2,1445446501,4133,32898,4183
3,1445446507,19,32898,4183
4,1445446522,4139,32898,4183
5,1445446526,31,32898,4183
7,1445446714,3031,32898,4183
0,1445552886,2925,32899,4183
1,1445552938,3063,32899,4183
3,1445553121,474,32899,4183
0,1445776820,6085,32900,4183
1,1445776844,1513,32900,4183
2,1445776889,474,32900,4183
3,1445776961,5756,32900,4183
5,1445777023,3062,32900,4183
6,1445777074,17068,32900,4183
0,1445806659,1322,32901,4183
1,1445806666,3063,32901,4183
2,1445806712,1139,32901,4183
0,1443436850,5862,32982,4194
1,1443436977,988,32982,4194
2,1443437009,11549,32982,4194
3,1443437059,4785,32982,4194
3,1443619652,4789,32983,4194
4,1443619687,5862,32983,4194
5,1443619738,996,32983,4194
9,1443620339,993,32983,4194
11,1443620393,3227,32983,4194
1,1444335433,7575,32984,4194
2,1444335474,5881,32984,4194
3,1444335516,13086,32984,4194
4,1444335557,5871,32984,4194
5,1444335603,4799,32984,4194
7,1444335741,5861,32984,4194
9,1444336157,996,32984,4194
10,1444336174,11549,32984,4194
12,1444336273,7160,32984,4194
16,1444336433,10741,32984,4194
2,1444425994,7359,32985,4194
5,1444427061,5878,32985,4194
7,1444427216,5539,32985,4194
8,1444427266,9590,32985,4194
0,1445422000,5877,32988,4194
1,1445422228,34826,32988,4194
3,1445422319,4797,32988,4194
0,1445439542,18606,32989,4194
3,1445439752,4797,32989,4194
4,1445439792,5874,32989,4194
6,1445439914,13086,32989,4194
0,1445512810,13086,32990,4194
3,1445514377,3243,32990,4194
4,1445514435,988,32990,4194
5,1445514457,9590,32990,4194
6,1445514667,7359,32990,4194
0,1445601493,7359,32991,4194
2,1445602435,28426,32991,4194
3,1445603306,8419,32991,4194
0,1445942561,4797,32993,4194
3,1445944448,5874,32993,4194
7,1445944991,13086,32993,4194
2,1440318788,2563,33013,4197
3,1440318833,8966,33013,4197
5,1440318938,11826,33013,4197
8,1440319132,23751,33013,4197
18,1440321705,5219,33013,4197
2,1440658061,13987,33014,4197
12,1440658999,20831,33014,4197
16,1440659162,11826,33014,4197
2,1440659694,23751,33014,4197
5,1440660281,23746,33014,4197
6,1440660356,11808,33014,4197
8,1440660478,19520,33014,4197
12,1440661520,19141,33014,4197
1,1441178142,11858,33015,4197
3,1441178544,23248,33015,4197
4,1441178588,14603,33015,4197
14,1441179788,8971,33015,4197
19,1441180097,4075,33015,4197
4,1441180502,8840,33015,4197
5,1441181441,23746,33015,4197
6,1441181531,15329,33015,4197
8,1441182724,13987,33015,4197
0,1441782940,8129,33016,4197
1,1441783263,77,33016,4197
3,1441783387,19885,33016,4197
6,1441783726,7868,33016,4197
12,1441784807,73,33016,4197
13,1441785115,5763,33016,4197
15,1441785727,15329,33016,4197
0,1442302184,4191,33017,4197
1,1442302238,546,33017,4197
2,1442302269,9219,33017,4197
3,1442302309,12082,33017,4197
4,1442302325,8977,33017,4197
10,1442302542,1779,33017,4197
12,1442302623,8970,33017,4197
5,1442303612,1778,33017,4197
8,1442303770,9709,33017,4197
0,1442729226,80,33019,4197
5,1442729951,8977,33019,4197
11,1442730578,8997,33019,4197
14,1442730832,11043,33019,4197
16,1442731260,1287,33019,4197
0,1443162865,23254,33020,4197
9,1443164099,5770,33020,4197
10,1443164194,5768,33020,4197
12,1443164320,15336,33020,4197
0,1444201491,665,33023,4197
1,1444201558,4269,33023,4197
2,1444201569,4264,33023,4197
5,1444202054,8978,33023,4197
6,1444202091,19553,33023,4197
8,1444202268,6313,33023,4197
13,1444202642,9702,33023,4197
14,1444202678,38329,33023,4197
17,1444202978,4261,33023,4197
0,1444203284,1302,33023,4197
1,1444203355,9094,33023,4197
0,1444057013,233,33204,4222
1,1444057246,231,33204,4222
2,1444057660,232,33204,4222
0,1444922541,235,33205,4222
1,1444922702,234,33205,4222
2,1444923111,238,33205,4222
3,1444923671,237,33205,4222
4,1444923755,239,33205,4222
5,1444923950,236,33205,4222
6,1444924052,240,33205,4222
0,1445187763,24323,33206,4222
1,1445188214,237,33206,4222
2,1445188738,240,33206,4222
3,1445188898,242,33206,4222
2,1440671280,23544,33211,4223
3,1440671308,30904,33211,4223
5,1440671369,23804,33211,4223
0,1440697051,11810,33212,4223
2,1440697432,8844,33212,4223
4,1440698110,19520,33212,4223
0,1443097006,8446,33217,4223
3,1443097322,30710,33217,4223
4,1443097347,4189,33217,4223
5,1443097438,1617,33217,4223
5,1445355852,41455,33225,4223
6,1445355893,5807,33225,4223
8,1445355949,5800,33225,4223
10,1445356457,10391,33225,4223
0,1440419170,10002,33305,4233
4,1440419291,2992,33305,4233
6,1440419753,3688,33305,4233
8,1440420035,2986,33305,4233
9,1440420054,5648,33305,4233
10,1440420148,105,33305,4233
0,1440528552,3688,33306,4233
3,1440528695,3968,33306,4233
4,1440528704,2986,33306,4233
7,1440529560,2992,33306,4233
0,1442347212,4469,33309,4233
1,1442347264,940,33309,4233
2,1442347302,10170,33309,4233
0,1440612985,6911,33345,4238
1,1440613033,3008,33345,4238
2,1440613141,6908,33345,4238
3,1440613405,6913,33345,4238
4,1440613413,6907,33345,4238
5,1440613449,6914,33345,4238
6,1440613491,6669,33345,4238
7,1440613781,6909,33345,4238
8,1440613921,6912,33345,4238
9,1440613944,6915,33345,4238
10,1440613984,5312,33345,4238
11,1440614239,6906,33345,4238
12,1440614445,6910,33345,4238
0,1445943346,6917,33346,4238
1,1445943474,6916,33346,4238
2,1445944003,6919,33346,4238
3,1445944539,6918,33346,4238
0,1445947076,6916,33347,4238
1,1445947237,6921,33347,4238
2,1445947781,6920,33347,4238
0,1444069758,7160,33433,4249
3,1444069892,3242,33433,4249
6,1444070180,2670,33433,4249
7,1444070212,13129,33433,4249
0,1445073814,13163,33434,4249
1,1445073817,2686,33434,4249
2,1445073820,2710,33434,4249
4,1445073886,13129,33434,4249
5,1445073889,2670,33434,4249
0,1446191725,18699,33437,4249
1,1446191732,13172,33437,4249
3,1446191771,13129,33437,4249
5,1446192116,32487,33437,4249
1,1441964489,4135,33482,4255
2,1441964521,108,33482,4255
4,1441964698,23038,33482,4255
0,1442395969,11797,33483,4255
1,1442397539,10002,33483,4255
2,1442397642,5671,33483,4255
0,1443206425,11797,33485,4255
1,1443206455,5671,33485,4255
2,1443206478,105,33485,4255
0,1443367552,4067,33543,4264
1,1443367611,4068,33543,4264
2,1443367734,4070,33543,4264
3,1443368096,4069,33543,4264
0,1444500051,4074,33544,4264
1,1444500072,4071,33544,4264
2,1444500286,4073,33544,4264
3,1444500433,1212,33544,4264
4,1444500523,4072,33544,4264
5,1444500624,4082,33544,4264
6,1444500791,4079,33544,4264
7,1444500840,4080,33544,4264
8,1444500908,4077,33544,4264
9,1444500919,4081,33544,4264
10,1444501376,4078,33544,4264
11,1444501458,4075,33544,4264
12,1444501617,4076,33544,4264
0,1444649126,4092,33545,4264
1,1444649264,4087,33545,4264
2,1444649306,4088,33545,4264
4,1444649399,4084,33545,4264
5,1444649476,4094,33545,4264
6,1444649512,4085,33545,4264
7,1444649549,4097,33545,4264
8,1444649654,4091,33545,4264
9,1444649714,6508,33545,4264
11,1444649743,4096,33545,4264
12,1444649832,4086,33545,4264
13,1444650280,4095,33545,4264
14,1444650315,4093,33545,4264
17,1444650423,4090,33545,4264
19,1444650616,4089,33545,4264
0,1445020851,4100,33546,4264
1,1445020868,4098,33546,4264
2,1445020870,3646,33546,4264
3,1445021804,4099,33546,4264
1,1445266257,4101,33547,4264
2,1445266378,4102,33547,4264
3,1445266478,300,33547,4264
0,1441802158,100,33680,4284
1,1441802170,10004,33680,4284
2,1441802211,2965,33680,4284
0,1442151386,92,33681,4284
1,1442151481,90,33681,4284
2,1442151501,100,33681,4284
3,1442151550,13718,33681,4284
0,1443787011,2276,33682,4284
1,1443787573,27,33682,4284
2,1443787609,5712,33682,4284
0,1440350105,22584,33690,4286
1,1440350141,2336,33690,4286
3,1440350253,3521,33690,4286
9,1440350541,1846,33690,4286
14,1440351138,1443,33690,4286
17,1440351212,6782,33690,4286
18,1440351228,5124,33690,4286
3,1440529716,7486,33692,4286
5,1440529800,12543,33692,4286
6,1440531095,3537,33692,4286
8,1440531339,126,33692,4286
10,1440531384,1443,33692,4286
11,1440531437,2772,33692,4286
0,1440580365,8098,33693,4286
2,1440582672,1443,33693,4286
3,1440582716,7486,33693,4286
0,1441011051,18518,33695,4286
2,1441011077,12543,33695,4286
3,1441011083,1443,33695,4286
0,1441301622,10791,33697,4286
2,1441301723,8091,33697,4286
4,1441301896,8098,33697,4286
5,1441301937,3527,33697,4286
6,1441301969,10268,33697,4286
8,1441302004,12543,33697,4286
2,1441794462,23586,33698,4286
3,1441794469,10791,33698,4286
4,1441794496,8091,33698,4286
5,1441794635,1944,33698,4286
6,1441794781,3544,33698,4286
7,1441794845,12543,33698,4286
8,1441794884,24919,33698,4286
9,1441794967,2772,33698,4286
11,1441795262,10710,33698,4286
1,1441867933,10797,33699,4286
3,1441868016,24919,33699,4286
4,1441868048,1443,33699,4286
0,1441959424,9278,33700,4286
1,1441959438,6731,33700,4286
2,1441960061,12543,33700,4286
0,1442401130,3544,33702,4286
1,1442401173,2786,33702,4286
2,1442401208,1443,33702,4286
0,1442410182,11323,33703,4286
1,1442410195,7651,33703,4286
2,1442410530,2786,33703,4286
1,1442431811,11323,33705,4286
2,1442432153,5339,33705,4286
9,1442432565,9278,33705,4286
10,1442432604,5498,33705,4286
11,1442432700,22584,33705,4286
12,1442432787,19998,33705,4286
15,1442432932,18633,33705,4286
16,1442433730,8679,33705,4286
19,1442433883,17326,33705,4286
2,1443617781,31902,33711,4286
4,1443617977,27166,33711,4286
7,1443618213,15992,33711,4286
9,1443618374,7908,33711,4286
1,1443626518,24919,33712,4286
2,1443626531,135,33712,4286
10,1443626961,17256,33712,4286
19,1443628575,996,33712,4286
1,1443628629,3243,33712,4286
4,1444392714,8368,33715,4286
7,1444392905,9199,33715,4286
8,1444393009,5878,33715,4286
9,1444393045,19016,33715,4286
10,1444393071,9233,33715,4286
2,1442391254,10882,33760,4293
5,1442391382,26871,33760,4293
9,1442391797,17574,33760,4293
11,1442392478,19674,33760,4293
12,1442393092,19803,33760,4293
0,1442994196,50,33762,4293
1,1442994208,5671,33762,4293
2,1442994219,3026,33762,4293
0,1442997206,2929,33763,4293
1,1442997760,11213,33763,4293
2,1442997784,3704,33763,4293
5,1442997925,25365,33763,4293
6,1442997975,3695,33763,4293
7,1442998259,13853,33763,4293
12,1443000476,3950,33763,4293
13,1443000640,813,33763,4293
14,1443000651,22,33763,4293
15,1443000660,632,33763,4293
16,1443000730,23,33763,4293
2,1443620856,3632,33764,4293
7,1443621303,3058,33764,4293
8,1443621390,268,33764,4293
9,1443621461,272,33764,4293
10,1443621550,3704,33764,4293
12,1443621603,7209,33764,4293
13,1443621704,2929,33764,4293
15,1443622018,4473,33764,4293
17,1443622153,23,33764,4293
0,1441608531,12075,33980,4321
1,1441608560,3013,33980,4321
2,1441608658,8343,33980,4321
0,1441645743,12075,33981,4321
1,1441645756,5653,33981,4321
3,1441645792,170,33981,4321
4,1441645795,8343,33981,4321
5,1441645800,3005,33981,4321
7,1441645810,36,33981,4321
8,1441645815,172,33981,4321
9,1441645819,3013,33981,4321
0,1444031650,3034,33982,4321
1,1444031673,19449,33982,4321
2,1444031701,6574,33982,4321
5,1444031940,19452,33982,4321
7,1444032111,16959,33982,4321
4,1440567109,9370,33993,4323
16,1440567491,19810,33993,4323
18,1440567686,7943,33993,4323
19,1440567738,23746,33993,4323
0,1440567856,3537,33993,4323
0,1441024278,7240,33995,4323
1,1441024468,1745,33995,4323
3,1441024629,429,33995,4323
4,1441024655,19810,33995,4323
5,1441024662,7943,33995,4323
11,1444813332,19147,34003,4323
19,1444813486,2318,34003,4323
14,1444814052,5800,34003,4323
15,1444814150,11672,34003,4323
4,1445252387,8347,34004,4323
8,1445252423,10262,34004,4323
16,1445252801,6365,34004,4323
1,1445252986,14473,34004,4323
4,1445253071,7133,34004,4323
5,1445253122,7967,34004,4323
1,1445328068,4291,34005,4323
2,1445328071,689,34005,4323
5,1445328186,24366,34005,4323
8,1445328312,19147,34005,4323
0,1445328758,11202,34005,4323
15,1445331190,1336,34005,4323
0,1441624011,11842,34091,4335
2,1441624036,26007,34091,4335
4,1441624076,14771,34091,4335
8,1441624291,5348,34091,4335
9,1441624306,14433,34091,4335
1,1441779739,18382,34093,4335
2,1441779802,7248,34093,4335
3,1441779815,8925,34093,4335
4,1441780755,30708,34093,4335
1,1442825406,5602,34095,4335
4,1442825627,9074,34095,4335
5,1442825639,8838,34095,4335
0,1441773719,230,34185,4346
1,1441774074,229,34185,4346
2,1441774849,228,34185,4346
0,1445008941,235,34186,4346
1,1445009102,234,34186,4346
2,1445009450,236,34186,4346
3,1445009511,238,34186,4346
4,1445010071,237,34186,4346
5,1445010155,239,34186,4346
6,1445010452,240,34186,4346
0,1445274398,242,34187,4346
1,1445274538,240,34187,4346
2,1445275063,24323,34187,4346
3,1445275126,241,34187,4346
4,1445275214,237,34187,4346
0,1440162520,7150,34214,4351
1,1440162528,3008,34214,4351
2,1440162552,2999,34214,4351
3,1440162561,45076,34214,4351
4,1440162979,464,34214,4351
0,1441998653,10921,34215,4351
1,1441998689,1962,34215,4351
2,1441998703,10934,34215,4351
3,1441998733,10935,34215,4351
0,1442253721,10921,34216,4351
1,1442253722,10934,34216,4351
2,1442253723,1962,34216,4351
3,1442253951,10935,34216,4351
1,1440509068,1632,34220,4352
2,1440509089,3023,34220,4352
5,1440509157,7559,34220,4352
6,1440509168,10657,34220,4352
9,1440509182,13691,34220,4352
11,1440509186,22037,34220,4352
1,1441624153,15424,34221,4352
2,1441624158,8114,34221,4352
3,1441624165,1815,34221,4352
4,1441624169,14937,34221,4352
6,1441624181,12670,34221,4352
8,1441624264,3026,34221,4352
0,1443790292,3988,34222,4352
1,1443790761,1304,34222,4352
2,1443790795,3054,34222,4352
0,1444724076,3054,34223,4352
1,1444724123,4843,34223,4352
2,1444724168,1513,34223,4352
3,1444724404,7323,34223,4352
6,1444724464,5305,34223,4352
0,1444726929,18559,34224,4352
2,1444727071,3953,34224,4352
3,1444727096,18555,34224,4352
4,1444727113,3640,34224,4352
3,1445329723,4399,34226,4352
5,1445329740,18555,34226,4352
6,1445329753,6665,34226,4352
8,1445329763,220,34226,4352
9,1445329774,1320,34226,4352
10,1445329779,2325,34226,4352
11,1445329783,686,34226,4352
12,1445329792,665,34226,4352
13,1445329801,5713,34226,4352
14,1445329803,11519,34226,4352
15,1445329810,4842,34226,4352
17,1445329822,7,34226,4352
0,1441862708,7766,34243,4355
2,1441862785,1005,34243,4355
3,1441862928,1003,34243,4355
5,1441863069,1646,34243,4355
6,1441863088,10648,34243,4355
7,1441863134,245,34243,4355
8,1441863175,3432,34243,4355
0,1442249129,2597,34245,4355
2,1442249207,7766,34245,4355
3,1442249266,1003,34245,4355
6,1442249457,1024,34245,4355
0,1442901880,1037,34248,4355
2,1442902017,8466,34248,4355
4,1442902548,2411,34248,4355
5,1442902668,9278,34248,4355
8,1442903758,4191,34248,4355
13,1442904109,3402,34248,4355
15,1442904184,721,34248,4355
16,1442904209,722,34248,4355
17,1442904239,25276,34248,4355
18,1442904271,7784,34248,4355
0,1442949539,23,34249,4355
3,1442949815,7766,34249,4355
6,1442951122,18662,34249,4355
1,1442991670,1005,34250,4355
3,1442993699,3371,34250,4355
4,1442993750,528,34250,4355
10,1442995602,1304,34250,4355
1,1443007450,19708,34251,4355
3,1443008839,1039,34251,4355
4,1443008893,3700,34251,4355
7,1443009057,1021,34251,4355
10,1443009194,4853,34251,4355
1,1443074383,1020,34253,4355
3,1443074562,1009,34253,4355
4,1443074621,8,34253,4355
8,1443074962,10690,34253,4355
10,1443075077,8986,34253,4355
14,1443075146,3872,34253,4355
17,1443075291,1223,34253,4355
1,1443075404,19100,34253,4355
2,1443083229,3872,34255,4355
3,1443083304,4853,34255,4355
5,1443083331,1021,34255,4355
6,1443084049,19100,34255,4355
9,1443084330,19708,34255,4355
2,1443185372,50,34258,4355
8,1443185696,1723,34258,4355
10,1443186109,3031,34258,4355
11,1443186207,273,34258,4355
0,1440613021,6912,34332,4365
1,1440613153,6906,34332,4365
2,1440613481,6909,34332,4365
3,1440613644,6915,34332,4365
4,1440613845,6910,34332,4365
5,1440613885,6911,34332,4365
6,1440613933,3008,34332,4365
7,1440614013,6907,34332,4365
8,1440614041,6908,34332,4365
9,1440614284,5312,34332,4365
10,1440614605,6913,34332,4365
11,1440614649,6914,34332,4365
0,1445943174,6916,34333,4365
1,1445943339,6918,34333,4365
2,1445944003,6919,34333,4365
3,1445944152,6917,34333,4365
0,1445947676,6916,34334,4365
1,1445947731,6922,34334,4365
2,1445947781,6920,34334,4365
3,1445947837,6921,34334,4365
0,1443453596,4069,34398,4374
1,1443453952,4067,34398,4374
2,1443454734,4070,34398,4374
3,1443454911,4068,34398,4374
0,1444586772,4071,34399,4374
1,1444586817,4076,34399,4374
2,1444586833,1212,34399,4374
3,1444586923,4072,34399,4374
4,1444586940,4080,34399,4374
5,1444586986,4073,34399,4374
6,1444587019,4081,34399,4374
7,1444587191,4079,34399,4374
8,1444587476,4078,34399,4374
9,1444587608,4077,34399,4374
10,1444587651,4074,34399,4374
11,1444587721,3956,34399,4374
12,1444587924,4082,34399,4374
0,1444735364,4087,34400,4374
1,1444735454,4091,34400,4374
2,1444735526,4092,34400,4374
3,1444735576,4094,34400,4374
4,1444735799,4084,34400,4374
10,1444736414,6508,34400,4374
11,1444736512,4085,34400,4374
12,1444736532,4086,34400,4374
13,1444736608,4083,34400,4374
14,1444736680,4095,34400,4374
16,1444736715,4093,34400,4374
17,1444736716,4089,34400,4374
18,1444736849,4097,34400,4374
19,1444736906,4088,34400,4374
0,1444737043,4096,34400,4374
1,1444737123,4090,34400,4374
2,1444738704,8061,34400,4374
0,1445107251,4100,34401,4374
1,1445107887,3646,34401,4374
2,1445108204,4099,34401,4374
0,1445351978,300,34402,4374
1,1445352057,4101,34402,4374
3,1445352778,4102,34402,4374
0,1443355493,8752,34454,4383
2,1443355507,1144,34454,4383
3,1443355509,1140,34454,4383
4,1443355512,7439,34454,4383
5,1443355516,16433,34454,4383
6,1443355518,13031,34454,4383
12,1443355554,20954,34454,4383
14,1443355559,1490,34454,4383
19,1443355572,8794,34454,4383
0,1444420686,7361,34458,4383
1,1444420695,26306,34458,4383
3,1444420712,8752,34458,4383
5,1444420817,13031,34458,4383
6,1444420881,31436,34458,4383
11,1444421095,12689,34458,4383
14,1444421489,220,34458,4383
15,1444421567,2930,34458,4383
16,1444421583,3160,34458,4383
18,1444421681,5404,34458,4383
0,1444835536,7361,34459,4383
1,1444835712,26306,34459,4383
3,1444835879,31436,34459,4383
7,1444836289,12663,34459,4383
11,1444837064,2265,34459,4383
0,1444839356,1827,34460,4383
3,1444839540,63,34460,4383
19,1444844529,3714,34460,4383
1,1444845188,9242,34460,4383
4,1444845485,7577,34460,4383
0,1444849897,22176,34461,4383
1,1444849939,8780,34461,4383
2,1444850005,12664,34461,4383
0,1444895164,1998,34462,4383
1,1444895291,3702,34462,4383
2,1444895406,2925,34462,4383
4,1444895531,31436,34462,4383
5,1444895539,2265,34462,4383
6,1444895604,2970,34462,4383
7,1444895631,13031,34462,4383
2,1444926567,12664,34464,4383
3,1444927358,8780,34464,4383
4,1444927393,26306,34464,4383
5,1444927424,6384,34464,4383
6,1444927457,4139,34464,4383
0,1440981896,101,34501,4388
2,1440981960,652,34501,4388
5,1440982064,8127,34501,4388
1,1441217139,652,34502,4388
3,1441217194,1815,34502,4388
4,1441217245,7632,34502,4388
6,1441217276,6148,34502,4388
1,1441566610,1815,34503,4388
2,1441566618,12075,34503,4388
5,1441566659,3978,34503,4388
6,1441566672,8986,34503,4388
0,1442862057,1304,34505,4388
1,1442862114,6072,34505,4388
2,1442862137,3054,34505,4388
0,1445671693,6135,34506,4388
1,1445671707,3061,34506,4388
2,1445671733,3077,34506,4388
3,1445671742,12841,34506,4388
4,1445671784,1683,34506,4388
5,1445671787,2008,34506,4388
6,1445671824,1320,34506,4388
0,1445692195,3077,34507,4388
1,1445692237,25039,34507,4388
2,1445692253,1683,34507,4388
0,1440431310,10210,34528,4391
11,1440432507,6118,34528,4391
18,1440432990,3644,34528,4391
0,1442781298,523,34529,4391
2,1442781438,1373,34529,4391
5,1442781697,1304,34529,4391
0,1444154646,9020,34533,4391
1,1444154696,10977,34533,4391
2,1444154710,12663,34533,4391
3,1444154757,6843,34533,4391
5,1444154847,14945,34533,4391
6,1444155203,2152,34533,4391
0,1445489125,1745,34535,4391
2,1445489227,1139,34535,4391
4,1445489264,1400,34535,4391
5,1445489312,8046,34535,4391
1,1440877047,6537,34548,4393
6,1440877983,30904,34548,4393
7,1440878029,9204,34548,4393
15,1440879046,7303,34548,4393
14,1440945642,9758,34549,4393
18,1440946096,5009,34549,4393
1,1440946655,5859,34549,4393
3,1440947057,5348,34549,4393
0,1441129811,1218,34552,4393
3,1441130509,11884,34552,4393
4,1441130807,1139,34552,4393
0,1440189275,3963,34643,4407
1,1440189301,2986,34643,4407
2,1440189379,6115,34643,4407
3,1440189396,3968,34643,4407
5,1440189569,2990,34643,4407
7,1440189647,1745,34643,4407
13,1440189945,6271,34643,4407
0,1441461186,14,34645,4407
2,1441461916,3026,34645,4407
6,1441462262,1498,34645,4407
7,1441462286,8751,34645,4407
0,1442072831,90,34647,4407
1,1442072838,1304,34647,4407
2,1442072895,8,34647,4407
0,1443888888,26,34649,4407
1,1443888994,3026,34649,4407
2,1443889182,1304,34649,4407
3,1443889225,2537,34649,4407
4,1443889330,3146,34649,4407
5,1443889356,220,34649,4407
6,1443889367,3178,34649,4407
7,1443889380,1320,34649,4407
8,1443889444,2276,34649,4407
9,1443889486,20940,34649,4407
10,1443889672,7,34649,4407
11,1443889691,92,34649,4407
12,1443889858,3028,34649,4407
13,1443889887,474,34649,4407
15,1443889979,24,34649,4407
16,1443890156,3988,34649,4407
0,1445171729,5744,34651,4407
1,1445171863,3178,34651,4407
2,1445171958,1513,34651,4407
1,1445693218,3062,34652,4407
2,1445693322,3178,34652,4407
3,1445693396,10,34652,4407
0,1440060531,7309,34655,4408
1,1440060542,2336,34655,4408
2,1440060577,3013,34655,4408
0,1440861291,12903,34656,4408
1,1440861398,4996,34656,4408
3,1440861548,10001,34656,4408
4,1440861611,1304,34656,4408
7,1440861847,9890,34656,4408
0,1441040975,4996,34657,4408
2,1441041189,1304,34657,4408
3,1441041222,9997,34657,4408
4,1441041269,28776,34657,4408
5,1441041309,30927,34657,4408
6,1441041323,21351,34657,4408
7,1441041351,1427,34657,4408
0,1442455709,108,34658,4408
1,1442455741,1304,34658,4408
2,1442455753,92,34658,4408
0,1443025019,3028,34659,4408
1,1443025091,92,34659,4408
2,1443025146,3954,34659,4408
0,1444277915,3028,34660,4408
1,1444278195,1513,34660,4408
2,1444278264,7323,34660,4408
0,1441513564,13908,34708,4416
1,1441514100,20676,34708,4416
4,1441514565,2876,34708,4416
5,1441514667,936,34708,4416
4,1441708807,10786,34709,4416
7,1441709357,2963,34709,4416
8,1441709401,13912,34709,4416
14,1441710754,20668,34709,4416
15,1441710811,1151,34709,4416
1,1441719339,20668,34710,4416
2,1441719617,2963,34710,4416
3,1441719734,13912,34710,4416
1,1441780251,13908,34711,4416
2,1441780364,2587,34711,4416
3,1441780893,10771,34711,4416
4,1441780909,5269,34711,4416
0,1441783499,2876,34712,4416
1,1441783585,2956,34712,4416
2,1441783751,30130,34712,4416
5,1441784962,1009,34712,4416
9,1441785568,936,34712,4416
0,1443465625,1304,34827,4433
1,1443466284,3642,34827,4433
2,1443466392,1561,34827,4433
0,1444744290,5551,34828,4433
1,1444744362,4729,34828,4433
3,1444744569,3642,34828,4433
4,1444744620,3256,34828,4433
5,1444744660,933,34828,4433
0,1445015700,31,34829,4433
1,1445015790,1513,34829,4433
2,1445016004,2027,34829,4433
5,1445016231,2629,34829,4433
1,1441069124,2994,34853,4438
2,1441069178,20635,34853,4438
3,1441069247,1202,34853,4438
0,1441526447,36,34855,4438
1,1441526466,1202,34855,4438
2,1441526486,2988,34855,4438
3,1441526512,13960,34855,4438
4,1441526537,49,34855,4438
5,1441526557,6075,34855,4438
6,1441526588,35540,34855,4438
7,1441526617,20635,34855,4438
2,1441557183,172,34856,4438
4,1441557329,2965,34856,4438
5,1441557466,15387,34856,4438
7,1441557700,3010,34856,4438
8,1441557742,2996,34856,4438
9,1441557850,2336,34856,4438
12,1441557961,41,34856,4438
0,1441813209,172,34857,4438
1,1441813231,2965,34857,4438
2,1441813292,41,34857,4438
4,1441813382,19022,34857,4438
6,1441813436,43,34857,4438
0,1443025319,43,34860,4438
2,1443025417,2984,34860,4438
3,1443025450,5304,34860,4438
4,1443025509,11520,34860,4438
5,1443025556,11527,34860,4438
0,1440532209,23061,34987,4455
1,1440532234,20392,34987,4455
2,1440532262,36,34987,4455
3,1440532277,6075,34987,4455
5,1440532311,172,34987,4455
6,1440532359,41,34987,4455
0,1441120800,36,34989,4455
1,1441120829,172,34989,4455
2,1441120844,40,34989,4455
3,1441120877,10160,34989,4455
0,1441697562,36,34990,4455
1,1441697571,23061,34990,4455
2,1441697617,3021,34990,4455
4,1441697639,6075,34990,4455
5,1441697673,3020,34990,4455
6,1441697684,172,34990,4455
7,1441697716,2988,34990,4455
9,1441697800,40,34990,4455
11,1441697885,2994,34990,4455
0,1441896406,1304,34991,4455
1,1441896422,6075,34991,4455
2,1441896462,12043,34991,4455
0,1442592606,6075,34992,4455
1,1442592643,63,34992,4455
2,1442592664,8,34992,4455
4,1442592690,1100,34992,4455
7,1442592768,41,34992,4455
9,1442592834,1640,34992,4455
10,1442592850,43,34992,4455
0,1442902706,1304,34993,4455
1,1442902709,63,34993,4455
2,1442902774,6075,34993,4455
0,1443462911,63,34994,4455
1,1443462939,3030,34994,4455
2,1443462947,6075,34994,4455
4,1443463081,1640,34994,4455
5,1443463105,6271,34994,4455
6,1443463148,3053,34994,4455
7,1443463170,20928,34994,4455
8,1443463219,5304,34994,4455
0,1444412261,4416,34996,4455
1,1444412442,1314,34996,4455
2,1444412583,15,34996,4455
3,1444412621,3053,34996,4455
4,1444412680,6578,34996,4455
5,1444412739,1513,34996,4455
0,1441818321,3246,35250,4485
1,1441818326,13705,35250,4485
2,1441818455,7536,35250,4485
0,1441821801,20833,35251,4485
1,1441821847,7536,35251,4485
2,1441821962,13705,35251,4485
0,1441879331,20833,35252,4485
1,1441879380,7536,35252,4485
3,1441879532,3253,35252,4485
0,1441941545,5507,35253,4485
1,1441941904,9192,35253,4485
5,1441942179,3252,35253,4485
6,1441942209,13733,35253,4485
12,1441942743,3017,35253,4485
0,1443499249,2860,35254,4485
1,1443499304,8390,35254,4485
2,1443499362,3261,35254,4485
3,1443499602,4460,35254,4485
0,1441121831,1767,35258,4486
2,1441121848,1161,35258,4486
3,1441121857,19520,35258,4486
5,1441121932,11854,35258,4486
1,1441130626,36308,35259,4486
3,1441130726,35826,35259,4486
4,1441131291,4075,35259,4486
5,1441131507,8971,35259,4486
13,1441131617,11858,35259,4486
0,1441182167,36308,35260,4486
2,1441182203,19520,35260,4486
13,1441182278,35826,35260,4486
0,1442977672,11,35326,4496
1,1442977720,43,35326,4496
2,1442977904,3053,35326,4496
0,1443165370,13718,35327,4496
1,1443165454,3178,35327,4496
2,1443165590,8,35327,4496
3,1443165623,185,35327,4496
4,1443165650,19,35327,4496
0,1443424298,14093,35328,4496
1,1443424335,5306,35328,4496
2,1443424402,1304,35328,4496
0,1441735182,31082,35384,4503
1,1441735229,3472,35384,4503
3,1441735336,1723,35384,4503
4,1441735376,11815,35384,4503
5,1441735405,24596,35384,4503
6,1441735449,8799,35384,4503
0,1441959450,3472,35385,4503
2,1441959542,13392,35385,4503
3,1441959578,91,35385,4503
4,1441959640,8986,35385,4503
0,1442428565,91,35386,4503
2,1442428674,1521,35386,4503
4,1442428896,3033,35386,4503
5,1442429018,10170,35386,4503
6,1442429146,11793,35386,4503
7,1442429182,11895,35386,4503
8,1442429213,14971,35386,4503
9,1442429224,5763,35386,4503
0,1443123372,1490,35387,4503
1,1443123393,14387,35387,4503
2,1443123474,3467,35387,4503
3,1443123489,3033,35387,4503
4,1443123593,11895,35387,4503
5,1443123613,14971,35387,4503
0,1444424541,1723,35389,4503
1,1444424588,8977,35389,4503
2,1444424620,3160,35389,4503
4,1444424726,3162,35389,4503
7,1444424882,23021,35389,4503
8,1444424908,33361,35389,4503
0,1444857440,14387,35390,4503
1,1444857534,23248,35390,4503
2,1444857582,3648,35390,4503
3,1444857605,3467,35390,4503
4,1444857667,5801,35390,4503
5,1444857820,1310,35390,4503
6,1444857826,9092,35390,4503
7,1444857868,1311,35390,4503
0,1445027114,6384,35391,4503
1,1445027165,1320,35391,4503
2,1445027210,9083,35391,4503
3,1445027315,12234,35391,4503
4,1445027352,14387,35391,4503
5,1445027379,23248,35391,4503
6,1445027411,12831,35391,4503
7,1445027454,1160,35391,4503
8,1445027462,1601,35391,4503
9,1445027527,322,35391,4503
10,1445027638,5763,35391,4503
11,1445027682,665,35391,4503
12,1445027737,80,35391,4503
13,1445027763,19,35391,4503
14,1445027791,1163,35391,4503
15,1445027806,23,35391,4503
16,1445027811,1311,35391,4503
17,1445027884,5713,35391,4503
18,1445027951,1139,35391,4503
4,1440743468,6127,35531,4523
13,1440743944,10934,35531,4523
17,1440744454,9067,35531,4523
19,1440746107,4125,35531,4523
2,1440747177,233,35531,4523
0,1442215177,1973,35533,4523
5,1442215711,6124,35533,4523
12,1442216818,6126,35533,4523
17,1442217403,6127,35533,4523
19,1442217617,6128,35533,4523
0,1444209932,22624,35534,4523
1,1444210002,16293,35534,4523
2,1444210064,5942,35534,4523
3,1444210112,2006,35534,4523
6,1444210487,9081,35534,4523
4,1444651335,25929,35535,4523
5,1444651429,22628,35535,4523
6,1444651473,4284,35535,4523
9,1444652021,20628,35535,4523
10,1444652028,1979,35535,4523
11,1444652135,4199,35535,4523
0,1442985251,3693,35549,4525
1,1442985286,939,35549,4525
4,1442985483,5687,35549,4525
5,1442985543,5668,35549,4525
2,1443015949,5381,35550,4525
3,1443016036,3695,35550,4525
5,1443016394,27600,35550,4525
6,1443016445,3704,35550,4525
10,1443016709,5,35550,4525
0,1443110423,1140,35553,4525
3,1443111066,4676,35553,4525
4,1443111342,8491,35553,4525
0,1441687919,230,35646,4538
1,1441688274,229,35646,4538
2,1441688749,228,35646,4538
0,1444056946,231,35647,4538
1,1444057013,233,35647,4538
2,1444057660,232,35647,4538
0,1444922852,240,35648,4538
1,1444923111,238,35648,4538
2,1444923455,239,35648,4538
3,1444923602,234,35648,4538
4,1444923650,236,35648,4538
5,1444923741,235,35648,4538
6,1444923971,237,35648,4538
0,1440570749,3008,35703,4547
1,1440570848,18902,35703,4547
2,1440570877,464,35703,4547
3,1440570889,45076,35703,4547
4,1440570901,17767,35703,4547
0,1443513589,1304,35706,4547
1,1443513761,2346,35706,4547
2,1443513833,11895,35706,4547
3,1443514060,220,35706,4547
4,1443514113,10766,35706,4547
5,1443514135,92,35706,4547
6,1443514284,9,35706,4547
8,1443514348,6103,35706,4547
5,1443520691,5077,35707,4547
6,1443520779,14393,35707,4547
7,1443520849,28,35707,4547
8,1443520902,9900,35707,4547
9,1443520934,12837,35707,4547
11,1443521739,11895,35707,4547
12,1443521791,2860,35707,4547
0,1443453952,4067,35710,4548
1,1443454496,4069,35710,4548
2,1443454611,4068,35710,4548
3,1443455034,4070,35710,4548
0,1444586751,4074,35711,4548
1,1444586958,4075,35711,4548
2,1444587024,4082,35711,4548
3,1444587117,4076,35711,4548
4,1444587240,4080,35711,4548
5,1444587433,1212,35711,4548
6,1444587523,4072,35711,4548
7,1444587608,4077,35711,4548
8,1444587672,4071,35711,4548
9,1444588091,4079,35711,4548
10,1444588219,4081,35711,4548
0,1444735154,4091,35712,4548
1,1444735226,4092,35712,4548
2,1444735480,4095,35712,4548
3,1444735576,4094,35712,4548
4,1444735706,4088,35712,4548
5,1444735799,4084,35712,4548
7,1444735912,4085,35712,4548
9,1444736114,6508,35712,4548
10,1444736126,4096,35712,4548
12,1444736223,4090,35712,4548
13,1444736232,4086,35712,4548
14,1444736264,4087,35712,4548
15,1444736415,4093,35712,4548
18,1444737016,4089,35712,4548
19,1444738704,8061,35712,4548
0,1445107287,3646,35713,4548
1,1445107851,4100,35713,4548
2,1445107868,4098,35713,4548
3,1445107904,4099,35713,4548
0,1440147871,10657,35737,4552
1,1440148287,14242,35737,4552
2,1440148304,3980,35737,4552
3,1440148331,1304,35737,4552
5,1440148412,90,35737,4552
7,1440148534,3963,35737,4552
9,1440148583,12396,35737,4552
1,1440238350,1721,35738,4552
2,1440238426,108,35738,4552
4,1440240319,10657,35738,4552
1,1440245016,90,35739,4552
2,1440245106,1721,35739,4552
4,1440245705,14242,35739,4552
3,1440705767,9997,35741,4552
7,1440706149,5651,35741,4552
9,1440706240,4996,35741,4552
11,1440706283,9,35741,4552
0,1440729948,14990,35742,4552
1,1440729992,4996,35742,4552
2,1440730125,90,35742,4552
5,1440743048,15110,35743,4552
6,1440743061,14990,35743,4552
7,1440743982,10657,35743,4552
0,1442218575,90,35745,4552
1,1442218802,17883,35745,4552
2,1442218833,92,35745,4552
0,1442230958,92,35746,4552
1,1442231565,90,35746,4552
5,1442233005,2265,35746,4552
6,1442233022,8619,35746,4552
8,1442233102,11,35746,4552
2,1442389165,8619,35747,4552
4,1442389391,11,35747,4552
5,1442389840,1432,35747,4552
0,1443176308,11,35748,4552
1,1443176319,1304,35748,4552
2,1443176344,220,35748,4552
3,1443176398,3030,35748,4552
0,1443453711,4068,35845,4567
1,1443454496,4069,35845,4567
2,1443454552,4067,35845,4567
3,1443454734,4070,35845,4567
0,1444586658,4075,35846,4567
1,1444586686,4073,35846,4567
2,1444586751,4074,35846,4567
3,1444586876,4078,35846,4567
4,1444586923,4072,35846,4567
5,1444587240,4080,35846,4567
6,1444587308,4077,35846,4567
7,1444587421,3956,35846,4567
8,1444587672,4071,35846,4567
9,1444587717,4076,35846,4567
10,1444587733,1212,35846,4567
11,1444588219,4081,35846,4567
0,1444735226,4092,35847,4567
1,1444735514,6508,35847,4567
2,1444735649,4097,35847,4567
4,1444735799,4084,35847,4567
8,1444736054,4091,35847,4567
10,1444736232,4086,35847,4567
11,1444736264,4087,35847,4567
12,1444736308,4083,35847,4567
13,1444736380,4095,35847,4567
14,1444736716,4089,35847,4567
15,1444736812,4085,35847,4567
16,1444736906,4088,35847,4567
18,1444737043,4096,35847,4567
19,1444737123,4090,35847,4567
0,1445107251,4100,35848,4567
1,1445107304,4099,35848,4567
2,1445107870,3646,35848,4567
3,1445108168,4098,35848,4567
0,1445352578,300,35849,4567
2,1445352957,4101,35849,4567
3,1445353028,4102,35849,4567
0,1443453896,4069,35865,4570
1,1443454552,4067,35865,4570
2,1443454611,4068,35865,4570
0,1444586576,4078,35866,4570
1,1444586772,4071,35866,4570
2,1444586923,4072,35866,4570
3,1444586958,4075,35866,4570
4,1444586986,4073,35866,4570
5,1444587308,4077,35866,4570
6,1444587433,1212,35866,4570
7,1444587651,4074,35866,4570
8,1444587721,3956,35866,4570
9,1444587791,4079,35866,4570
10,1444587840,4080,35866,4570
11,1444587924,4082,35866,4570
0,1444735576,4094,35867,4570
1,1444735632,4086,35867,4570
2,1444735799,4084,35867,4570
3,1444735912,4085,35867,4570
4,1444736054,4091,35867,4570
6,1444736114,6508,35867,4570
8,1444736116,4089,35867,4570
11,1444736308,4083,35867,4570
12,1444736380,4095,35867,4570
13,1444736549,4097,35867,4570
14,1444736606,4088,35867,4570
15,1444736715,4093,35867,4570
18,1444737026,4096,35867,4570
19,1444737123,4090,35867,4570
0,1445106970,3646,35868,4570
1,1445107004,4099,35868,4570
2,1445108151,4100,35868,4570
0,1445351678,300,35869,4570
2,1445352778,4102,35869,4570
3,1445352957,4101,35869,4570
0,1441652287,3026,35914,4574
1,1441652323,3022,35914,4574
2,1441652352,528,35914,4574
0,1444249935,13805,35915,4574
1,1444249978,1630,35915,4574
2,1444250719,38537,35915,4574
3,1444252283,16959,35915,4574
5,1444252638,528,35915,4574
0,1444571236,1494,35916,4574
1,1444571270,13805,35916,4574
2,1444571281,16959,35916,4574
3,1444571333,23,35916,4574
0,1445023205,3985,35918,4574
1,1445023506,3077,35918,4574
2,1445023569,686,35918,4574
4,1445023803,38537,35918,4574
5,1445023841,1322,35918,4574
0,1445285332,9926,35919,4574
4,1445285533,686,35919,4574
5,1445285572,38537,35919,4574
1,1442221175,1009,35977,4582
2,1442221184,1140,35977,4582
3,1442221228,4128,35977,4582
4,1442221340,8658,35977,4582
5,1442221385,1640,35977,4582
6,1442221389,3433,35977,4582
0,1442573483,13,35978,4582
1,1442573506,1635,35978,4582
2,1442573522,34,35978,4582
0,1442821409,1304,35979,4582
2,1442821551,7193,35979,4582
3,1442821555,3380,35979,4582
4,1442821563,3010,35979,4582
0,1442992093,1647,35980,4582
1,1442992096,9122,35980,4582
2,1442992098,1482,35980,4582
3,1442992281,12685,35980,4582
4,1442992283,259,35980,4582
0,1443091245,28302,35981,4582
2,1443092265,92,35981,4582
3,1443092270,1308,35981,4582
0,1443097539,5269,35982,4582
1,1443097606,352,35982,4582
2,1443097631,3034,35982,4582
0,1443453596,4069,36000,4585
1,1443453834,4070,36000,4585
2,1443453952,4067,36000,4585
3,1443454611,4068,36000,4585
0,1444586521,3956,36001,4585
1,1444586708,4077,36001,4585
2,1444586817,4076,36001,4585
3,1444586876,4078,36001,4585
4,1444586923,4072,36001,4585
5,1444587191,4079,36001,4585
6,1444587372,4071,36001,4585
7,1444587586,4073,36001,4585
8,1444587651,4074,36001,4585
9,1444587840,4080,36001,4585
10,1444587919,4081,36001,4585
11,1444587924,4082,36001,4585
0,1444735514,6508,36002,4585
1,1444735576,4094,36002,4585
2,1444735612,4085,36002,4585
3,1444735632,4086,36002,4585
7,1444736006,4088,36002,4585
8,1444736054,4091,36002,4585
10,1444736116,4089,36002,4585
11,1444736126,4092,36002,4585
12,1444736415,4093,36002,4585
13,1444736549,4097,36002,4585
14,1444736564,4087,36002,4585
15,1444736680,4095,36002,4585
16,1444736743,4096,36002,4585
17,1444736823,4090,36002,4585
0,1445106970,3646,36003,4585
1,1445107251,4100,36003,4585
2,1445107304,4099,36003,4585
1,1440570686,2568,36114,4597
3,1440570764,1723,36114,4597
5,1440571712,12909,36114,4597
6,1440571727,12900,36114,4597
7,1440571738,12920,36114,4597
10,1440572296,4996,36114,4597
0,1440579259,2568,36115,4597
1,1440579377,17767,36115,4597
2,1440579728,12868,36115,4597
0,1441543167,4996,36116,4597
2,1441543449,5047,36116,4597
3,1441543556,5039,36116,4597
4,1441543579,2589,36116,4597
5,1441543586,18018,36116,4597
6,1441543654,5031,36116,4597
0,1441866348,2589,36117,4597
2,1441866497,92,36117,4597
3,1441866540,22176,36117,4597
4,1441866608,1432,36117,4597
5,1441866649,18018,36117,4597
6,1441866710,5031,36117,4597
7,1441866729,10766,36117,4597
8,1441866766,6103,36117,4597
9,1441866787,4941,36117,4597
11,1441866835,26581,36117,4597
12,1441866903,4988,36117,4597
0,1443365444,8271,36118,4597
2,1443366276,22176,36118,4597
3,1443366323,5039,36118,4597
4,1443366373,5031,36118,4597
5,1443366417,10766,36118,4597
2,1441284462,7555,36216,4610
5,1441284642,6644,36216,4610
7,1441284820,8114,36216,4610
1,1443001456,8364,36219,4610
2,1443001480,2321,36219,4610
4,1443001527,9277,36219,4610
0,1444215624,6644,36222,4610
1,1444215659,3495,36222,4610
2,1444215679,3423,36222,4610
2,1442317972,1079,36403,4628
4,1442318646,10140,36403,4628
8,1442318818,8998,36403,4628
0,1442491748,80,36404,4628
1,1442491787,1079,36404,4628
2,1442491802,8998,36404,4628
3,1442493146,17823,36404,4628
4,1442493838,9305,36404,4628
5,1442493901,4213,36404,4628
6,1442493908,69,36404,4628
7,1442494035,9289,36404,4628
9,1442495146,1287,36404,4628
1,1444289177,6858,36405,4628
4,1444289567,9002,36405,4628
6,1444289700,10165,36405,4628
7,1444289727,5789,36405,4628
9,1444289828,10391,36405,4628
12,1444290299,1302,36405,4628
16,1444290781,9092,36405,4628
0,1444299565,9094,36406,4628
1,1444299582,9092,36406,4628
2,1444300036,9002,36406,4628
3,1444300093,5770,36406,4628
0,1445328160,12851,36408,4628
2,1445328196,41455,36408,4628
5,1445328499,5816,36408,4628
3,1445604599,5770,36410,4628
4,1445604654,5800,36410,4628
5,1445605171,1791,36410,4628
1,1440480226,15713,36472,4639
2,1440480303,23242,36472,4639
3,1440480580,5219,36472,4639
4,1440480712,2563,36472,4639
1,1440565793,15713,36473,4639
2,1440565838,23242,36473,4639
3,1440565907,5219,36473,4639
4,1440565996,2563,36473,4639
0,1440743865,13987,36474,4639
1,1440743904,23746,36474,4639
3,1440744061,15713,36474,4639
4,1440744106,23242,36474,4639
5,1440744135,5219,36474,4639
0,1440956090,19531,36475,4639
1,1440956323,13987,36475,4639
2,1440956565,23746,36475,4639
4,1440956682,15713,36475,4639
5,1440956757,23242,36475,4639
6,1440956805,5219,36475,4639
7,1440956846,2563,36475,4639
10,1440957299,7265,36475,4639
0,1440988019,19531,36476,4639
1,1440988089,13987,36476,4639
2,1440988155,23746,36476,4639
0,1441106055,23248,36477,4639
3,1441106299,8986,36477,4639
4,1441106378,20589,36477,4639
1,1441174898,19531,36478,4639
2,1441174927,13987,36478,4639
3,1441174974,23746,36478,4639
5,1441175634,15713,36478,4639
0,1441258842,5031,36479,4639
1,1441258939,19531,36479,4639
2,1441258971,13987,36479,4639
3,1441258993,23746,36479,4639
2,1441593043,8129,36480,4639
3,1441593092,5031,36480,4639
4,1441593135,19531,36480,4639
2,1441606696,8129,36481,4639
3,1441606724,5031,36481,4639
4,1441606742,19531,36481,4639
1,1443455588,19540,36482,4639
2,1443455625,9092,36482,4639
5,1443455743,14803,36482,4639
6,1443455776,1310,36482,4639
2,1443550351,8132,36483,4639
4,1443550657,19540,36483,4639
5,1443550693,9092,36483,4639
0,1443585828,12836,36484,4639
5,1443587084,8132,36484,4639
7,1443587227,19540,36484,4639
8,1443587252,9092,36484,4639
11,1443587491,14803,36484,4639
0,1443674596,5550,36485,4639
1,1443674635,12091,36485,4639
2,1443674709,12836,36485,4639
0,1443877504,4264,36486,4639
1,1443877514,4262,36486,4639
3,1443877884,3988,36486,4639
4,1443878488,19545,36486,4639
5,1443878526,16619,36486,4639
2,1444043225,4262,36488,4639
4,1444043359,3988,36488,4639
5,1444043819,19545,36488,4639
6,1444043955,16619,36488,4639
7,1444044004,2164,36488,4639
0,1444204691,19548,36490,4639
4,1444204884,4264,36490,4639
5,1444204912,4262,36490,4639
1,1444286539,19548,36491,4639
4,1444286641,665,36491,4639
6,1444286773,4264,36491,4639
7,1444286916,4262,36491,4639
0,1444634311,681,36493,4639
4,1444634413,19548,36493,4639
7,1444634662,665,36493,4639
9,1444634774,4264,36493,4639
10,1444635402,11654,36493,4639
11,1444635667,11192,36493,4639
0,1444830864,5799,36495,4639
3,1444831259,5793,36495,4639
4,1444831511,681,36495,4639
0,1444895977,4399,36496,4639
1,1444896059,19147,36496,4639
2,1444896274,5799,36496,4639
5,1444896403,5793,36496,4639
6,1444896504,681,36496,4639
1,1444975173,6390,36497,4639
2,1444975329,4399,36497,4639
3,1444975375,19147,36497,4639
4,1444975437,5799,36497,4639
7,1444975733,5793,36497,4639
8,1444975813,681,36497,4639
1,1445069242,23319,36498,4639
2,1445069251,9380,36498,4639
4,1445069268,3988,36498,4639
0,1445153758,4380,36499,4639
2,1445154020,23319,36499,4639
3,1445154103,9380,36499,4639
5,1445154271,3988,36499,4639
0,1445228765,4380,36500,4639
2,1445229040,23319,36500,4639
3,1445229174,9380,36500,4639
0,1445354944,8986,36501,4639
1,1445355481,12851,36501,4639
3,1445355623,4380,36501,4639
4,1445355828,4399,36501,4639
6,1445355886,23319,36501,4639
7,1445355911,5815,36501,4639
1,1445408227,13426,36502,4639
2,1445408379,12851,36502,4639
4,1445408513,4380,36502,4639
6,1445408678,23319,36502,4639
0,1445502326,19562,36503,4639
1,1445502799,19563,36503,4639
3,1445503544,13426,36503,4639
4,1445503644,12851,36503,4639
0,1445589242,2764,36504,4639
2,1445589307,19562,36504,4639
3,1445589456,19563,36504,4639
0,1445701373,2276,36505,4639
1,1445701615,12843,36505,4639
4,1445701916,12841,36505,4639
5,1445701985,22855,36505,4639
7,1445702168,3067,36505,4639
9,1445702226,3071,36505,4639
10,1445702237,3077,36505,4639
14,1445702603,4071,36505,4639
17,1445702783,8977,36505,4639
18,1445702843,5426,36505,4639
1,1445702942,3609,36505,4639
2,1445703035,23249,36505,4639
4,1445704636,2764,36505,4639
6,1445704647,9388,36505,4639
9,1445704784,19562,36505,4639
10,1445704807,19563,36505,4639
12,1445704962,13426,36505,4639
3,1445850462,9388,36507,4639
4,1445850479,2764,36507,4639
5,1445850496,19562,36507,4639
6,1445850517,19563,36507,4639
0,1446190051,12005,36511,4639
2,1446190149,11058,36511,4639
3,1446190169,25478,36511,4639
0,1446274498,30008,36512,4639
1,1446274569,12005,36512,4639
3,1446274619,11058,36512,4639
4,1446274658,25478,36512,4639
0,1446406827,30008,36513,4639
1,1446406922,12005,36513,4639
3,1446407034,11058,36513,4639
4,1446407089,25478,36513,4639
0,1442302369,2784,36538,4643
1,1442302440,10786,36538,4643
4,1442302578,126,36538,4643
5,1442302624,3476,36538,4643
6,1442302658,6186,36538,4643
7,1442302682,7449,36538,4643
8,1442302740,7440,36538,4643
10,1442302817,11333,36538,4643
0,1442502177,10786,36541,4643
1,1442502188,6186,36541,4643
4,1442502331,5,36541,4643
10,1442503112,2956,36541,4643
16,1442506117,7441,36541,4643
18,1442506368,10780,36541,4643
0,1444027216,1144,36543,4643
1,1444027319,10786,36543,4643
2,1444027355,2956,36543,4643
3,1444027441,7087,36543,4643
6,1444027863,1763,36543,4643
0,1444229745,1144,36544,4643
2,1444229915,1000,36544,4643
3,1444229979,4729,36544,4643
4,1444230014,7442,36544,4643
1,1444941489,1000,36548,4643
3,1444941629,2956,36548,4643
4,1444941714,34,36548,4643
5,1444941731,3476,36548,4643
6,1444941818,7087,36548,4643
7,1444941877,1163,36548,4643
9,1444942038,7440,36548,4643
0,1440440284,5312,36774,4674
1,1440440313,6907,36774,4674
2,1440440533,3008,36774,4674
3,1440440557,6906,36774,4674
4,1440440691,6669,36774,4674
5,1440441045,6910,36774,4674
6,1440441085,6911,36774,4674
7,1440441144,6915,36774,4674
8,1440441541,6908,36774,4674
9,1440441549,6914,36774,4674
10,1440441867,6909,36774,4674
0,1445770447,6916,36775,4674
1,1445770752,6917,36775,4674
2,1445771439,6918,36775,4674
3,1445771503,6919,36775,4674
0,1445774276,6916,36776,4674
1,1445774437,6921,36776,4674
2,1445774931,6922,36776,4674
3,1445775281,6920,36776,4674
0,1440568302,14989,36822,4682
1,1440568798,4996,36822,4682
2,1440568817,9,36822,4682
3,1440568848,5083,36822,4682
0,1440652145,4996,36823,4682
1,1440653208,9,36823,4682
3,1440653280,5083,36823,4682
4,1440653349,17767,36823,4682
5,1440655019,17905,36823,4682
0,1440767991,14990,36824,4682
1,1440768025,170,36824,4682
2,1440768080,14989,36824,4682
2,1441113291,1723,36825,4682
3,1441113462,2585,36825,4682
4,1441113464,90,36825,4682
5,1441113512,4996,36825,4682
0,1441252887,2585,36826,4682
2,1441252938,26581,36826,4682
3,1441253017,15290,36826,4682
4,1441253035,4996,36826,4682
0,1441258957,15290,36827,4682
3,1441259291,14994,36827,4682
6,1441259458,15110,36827,4682
1,1442296999,6101,36828,4682
2,1442297054,6099,36828,4682
3,1442297473,2265,36828,4682
1,1442465732,5085,36829,4682
2,1442466671,92,36829,4682
3,1442466708,6101,36829,4682
4,1442467139,10766,36829,4682
1,1442480532,15118,36830,4682
3,1442480632,5047,36830,4682
5,1442481346,14994,36830,4682
6,1442481449,17905,36830,4682
7,1442481468,15110,36830,4682
0,1442760202,6104,36831,4682
1,1442760245,14994,36831,4682
2,1442760268,15290,36831,4682
0,1443077167,14995,36833,4682
2,1443077268,3954,36833,4682
4,1443077527,18935,36833,4682
5,1443078392,1432,36833,4682
1,1443417885,10757,36834,4682
2,1443418180,8481,36834,4682
4,1443418290,5102,36834,4682
1,1443429460,18927,36835,4682
2,1443429763,14995,36835,4682
4,1443430392,10757,36835,4682
1,1443495889,5086,36836,4682
3,1443496024,2265,36836,4682
5,1443496265,3954,36836,4682
7,1443496293,18927,36836,4682
8,1443496329,5068,36836,4682
10,1443497731,18025,36836,4682
12,1443498009,6102,36836,4682
14,1443498378,18027,36836,4682
16,1443498692,12207,36836,4682
1,1444631827,5995,36843,4682
3,1444632605,17214,36843,4682
5,1444632661,8622,36843,4682
8,1444633256,4133,36843,4682
0,1444718059,8613,36844,4682
1,1444718102,5107,36844,4682
3,1444718226,5995,36844,4682
0,1444919079,26583,36846,4682
1,1444919167,12848,36846,4682
3,1444919300,8621,36846,4682
6,1444919610,17214,36846,4682
8,1444919665,27881,36846,4682
0,1444999330,26583,36847,4682
1,1444999493,4133,36847,4682
4,1445000337,12848,36847,4682
5,1445000623,2365,36847,4682
8,1445000906,17214,36847,4682
1,1445596861,27881,36852,4682
3,1445597868,2365,36852,4682
5,1445598039,10757,36852,4682
7,1445598365,18927,36852,4682
1,1445845673,10763,36853,4682
3,1445845707,8620,36853,4682
8,1445846361,5995,36853,4682
0,1440148863,2990,36867,4684
1,1440148917,5651,36867,4684
2,1440148967,3012,36867,4684
5,1440149190,3016,36867,4684
6,1440149265,172,36867,4684
7,1440149323,6115,36867,4684
1,1440416029,4839,36868,4684
2,1440416903,3016,36868,4684
3,1440416990,5651,36868,4684
5,1440417035,172,36868,4684
6,1440417062,5635,36868,4684
0,1440494553,2992,36870,4684
1,1440494572,2988,36870,4684
2,1440494596,2990,36870,4684
3,1440494659,2567,36870,4684
4,1440494710,2986,36870,4684
5,1440494769,3016,36870,4684
0,1443029832,50,36871,4684
1,1443029900,2929,36871,4684
2,1443029946,1304,36871,4684
0,1443105679,50,36872,4684
1,1443105707,2276,36872,4684
2,1443105736,2929,36872,4684
3,1443105972,8,36872,4684
4,1443106001,5657,36872,4684
5,1443106141,48,36872,4684
6,1443106202,941,36872,4684
7,1443106371,22,36872,4684
0,1442258679,4199,36923,4692
2,1442258787,3033,36923,4692
12,1442259245,15109,36923,4692
15,1442259341,5507,36923,4692
0,1442400282,6115,36924,4692
1,1442400282,17768,36924,4692
4,1442400437,15109,36924,4692
5,1442400504,8128,36924,4692
6,1442400532,7717,36924,4692
0,1442489049,20833,36926,4692
1,1442489498,5507,36926,4692
2,1442489515,15109,36926,4692
1,1443004787,16160,36928,4692
2,1443004850,7717,36928,4692
6,1443005342,4199,36928,4692
7,1443005450,3047,36928,4692
9,1443005724,10142,36928,4692
10,1443005959,20392,36928,4692
0,1444995814,12852,36931,4692
1,1444995953,5944,36931,4692
3,1444996025,3059,36931,4692
0,1445026628,8128,36932,4692
1,1445026628,16160,36932,4692
2,1445026628,3033,36932,4692
1,1445457346,12853,36933,4692
5,1445457676,5944,36933,4692
6,1445457706,3059,36933,4692
11,1445457959,6384,36933,4692
1,1445468929,5819,36934,4692
7,1445469349,25578,36934,4692
9,1445469379,5945,36934,4692
12,1445469442,5391,36934,4692
13,1445469463,8052,36934,4692
15,1445469525,12853,36934,4692
2,1445630352,25699,36935,4692
3,1445630547,25643,36935,4692
18,1445631404,6384,36935,4692
19,1445631418,14342,36935,4692
0,1445631443,3162,36935,4692
0,1442299587,10168,36959,4695
1,1442300219,100,36959,4695
3,1442300384,9809,36959,4695
4,1442300414,2579,36959,4695
6,1442300578,528,36959,4695
2,1443430488,9021,36960,4695
3,1443430580,26581,36960,4695
5,1443430962,11007,36960,4695
12,1443431761,1512,36960,4695
13,1443431894,9141,36960,4695
0,1444937208,6381,36962,4695
1,1444937268,9021,36962,4695
3,1444937341,16022,36962,4695
4,1443756539,9839,37021,4704
5,1443756545,6082,37021,4704
6,1443756680,6381,37021,4704
8,1443756804,9835,37021,4704
14,1443757985,43336,37021,4704
18,1443758615,20248,37021,4704
0,1444034387,9835,37022,4704
6,1444035679,9839,37022,4704
8,1444035750,43336,37022,4704
0,1444285562,92,37023,4704
1,1444285788,10168,37023,4704
2,1444285827,3038,37023,4704
3,1444285974,3056,37023,4704
4,1444285997,3031,37023,4704
7,1444286782,3028,37023,4704
10,1444287149,9835,37023,4704
0,1444677843,1513,37025,4704
1,1444677918,15,37025,4704
2,1444678028,3059,37025,4704
3,1444678093,19677,37025,4704
4,1444678188,9839,37025,4704
0,1442300932,6210,37113,4717
1,1442301021,941,37113,4717
5,1442301500,21535,37113,4717
7,1442301969,13463,37113,4717
11,1442302095,5547,37113,4717
12,1442302131,24459,37113,4717
13,1442302138,10683,37113,4717
16,1442302188,101,37113,4717
1,1445267282,1320,37114,4717
2,1445267344,3717,37114,4717
6,1445267692,14387,37114,4717
10,1445268082,3693,37114,4717
11,1445268102,2276,37114,4717
15,1445268419,220,37114,4717
16,1445268482,2561,37114,4717
17,1445268512,7335,37114,4717
18,1445268544,13968,37114,4717
19,1445268663,3703,37114,4717
0,1445268746,3880,37114,4717
1,1445268791,5379,37114,4717
6,1445269111,8786,37114,4717
7,1445269171,5404,37114,4717
0,1445271781,3260,37115,4717
2,1445271881,13484,37115,4717
3,1445271972,5668,37115,4717
4,1445272036,4676,37115,4717
6,1445272238,2276,37115,4717
0,1443454552,4067,37177,4726
1,1443454911,4068,37177,4726
2,1443455034,4070,37177,4726
0,1444586576,4078,37178,4726
1,1444586708,4077,37178,4726
2,1444586821,3956,37178,4726
3,1444586833,1212,37178,4726
4,1444586891,4079,37178,4726
5,1444586986,4073,37178,4726
6,1444587558,4075,37178,4726
7,1444587717,4076,37178,4726
8,1444587823,4072,37178,4726
9,1444587840,4080,37178,4726
10,1444587919,4081,37178,4726
11,1444587924,4082,37178,4726
0,1444735154,4091,37179,4726
1,1444735632,4086,37179,4726
2,1444735708,4083,37179,4726
3,1444735780,4095,37179,4726
5,1444735799,4084,37179,4726
8,1444735949,4097,37179,4726
9,1444736126,4092,37179,4726
11,1444736264,4087,37179,4726
12,1444736414,6508,37179,4726
13,1444736476,4094,37179,4726
14,1444736715,4093,37179,4726
15,1444736812,4085,37179,4726
16,1444736823,4090,37179,4726
18,1444737016,4089,37179,4726
19,1444737043,4096,37179,4726
0,1445106968,4098,37180,4726
1,1445107251,4100,37180,4726
2,1445107287,3646,37180,4726
0,1445351978,300,37181,4726
1,1445352057,4101,37181,4726
3,1445352781,4102,37181,4726
0,1443419728,23254,37197,4729
1,1443419822,528,37197,4729
2,1443419870,9303,37197,4729
3,1443419878,15718,37197,4729
4,1443419887,9366,37197,4729
5,1443419893,5219,37197,4729
7,1443419904,7265,37197,4729
0,1443611965,15718,37199,4729
1,1443611985,5600,37199,4729
2,1443612066,5543,37199,4729
0,1443626470,14803,37200,4729
1,1443626518,15718,37200,4729
8,1443626557,9074,37200,4729
0,1440588728,2986,37220,4732
1,1440588773,3016,37220,4732
2,1440588830,2568,37220,4732
4,1440589160,6128,37220,4732
5,1440589360,3975,37220,4732
7,1440589567,6116,37220,4732
8,1440589862,91,37220,4732
0,1442402117,8,37221,4732
2,1442402262,2276,37221,4732
4,1442402413,14247,37221,4732
6,1442402500,91,37221,4732
0,1445189602,322,37222,4732
2,1445190109,32196,37222,4732
3,1445190203,8614,37222,4732
1,1440906748,528,37303,4742
2,1440906837,3969,37303,4742
3,1440906935,24487,37303,4742
3,1442083749,4469,37305,4742
4,1442083785,24487,37305,4742
6,1442083863,10690,37305,4742
7,1442083937,1373,37305,4742
8,1442083985,20206,37305,4742
0,1442511552,1635,37306,4742
1,1442511601,4469,37306,4742
3,1442511680,3972,37306,4742
4,1442511766,73,37306,4742
0,1445085020,2928,37307,4742
2,1445085147,10685,37307,4742
3,1445085232,20484,37307,4742
9,1445086012,5744,37307,4742
13,1445086366,20556,37307,4742
14,1445086398,602,37307,4742
0,1443453896,4069,37358,4750
1,1443454134,4070,37358,4750
2,1443454611,4068,37358,4750
0,1444586408,4077,37359,4750
1,1444586451,4074,37359,4750
2,1444586686,4073,37359,4750
3,1444586772,4071,37359,4750
4,1444586923,4072,37359,4750
5,1444586958,4075,37359,4750
6,1444587024,4082,37359,4750
7,1444587117,4076,37359,4750
8,1444587433,1212,37359,4750
9,1444587776,4078,37359,4750
10,1444587791,4079,37359,4750
11,1444587919,4081,37359,4750
12,1444588140,4080,37359,4750
0,1444735408,4083,37360,4750
1,1444735454,4091,37360,4750
2,1444735515,4093,37360,4750
3,1444735706,4088,37360,4750
4,1444735780,4095,37360,4750
8,1444736114,6508,37360,4750
11,1444736143,4096,37360,4750
13,1444736399,4084,37360,4750
14,1444736476,4094,37360,4750
15,1444736564,4087,37360,4750
16,1444736849,4097,37360,4750
17,1444737016,4089,37360,4750
18,1444737056,4090,37360,4750
19,1444737804,8061,37360,4750
0,1445106968,4098,37361,4750
1,1445107851,4100,37361,4750
2,1445107887,3646,37361,4750
3,1445107904,4099,37361,4750
1,1442484762,34585,37723,4798
2,1442484781,6124,37723,4798
7,1442485451,10934,37723,4798
0,1444315550,2006,37725,4798
2,1444315786,9081,37725,4798
3,1444315846,6050,37725,4798
4,1444315935,6124,37725,4798
6,1444316015,10938,37725,4798
0,1444331625,21534,37726,4798
1,1444331687,16528,37726,4798
2,1444331744,6050,37726,4798
2,1440762279,6537,37797,4806
10,1440762901,11882,37797,4806
11,1440763215,18518,37797,4806
15,1440763408,1100,37797,4806
17,1440763479,2772,37797,4806
19,1440763545,11811,37797,4806
0,1442998187,13594,37800,4806
1,1442998215,7904,37800,4806
8,1442998580,10140,37800,4806
10,1442998673,10143,37800,4806
16,1442998883,13596,37800,4806
0,1443000187,11882,37800,4806
0,1443708447,8986,37802,4806
7,1443708782,15970,37802,4806
11,1443709078,10267,37802,4806
12,1443709337,14633,37802,4806
14,1443709652,4732,37802,4806
15,1443709678,1723,37802,4806
0,1443719863,21279,37803,4806
3,1443720343,352,37803,4806
4,1443720443,3369,37803,4806
5,1443720511,2128,37803,4806
7,1443720673,26536,37803,4806
9,1443720821,10140,37803,4806
0,1443120005,18193,37835,4811
2,1443120055,18280,37835,4811
5,1443120494,21259,37835,4811
1,1443813088,1338,37836,4811
2,1443813106,1346,37836,4811
3,1443813118,24459,37836,4811
7,1443813155,1795,37836,4811
10,1443813176,14434,37836,4811
13,1443813194,22551,37836,4811
1,1443987548,168,37837,4811
3,1443987560,220,37837,4811
8,1443987633,6052,37837,4811
0,1441687019,230,37974,4831
1,1441687674,229,37974,4831
2,1441688449,228,37974,4831
0,1444057846,231,37975,4831
1,1444057913,233,37975,4831
2,1444057960,232,37975,4831
0,1444923002,234,37976,4831
1,1444923441,235,37976,4831
2,1444923671,237,37976,4831
3,1444923711,238,37976,4831
4,1444923950,236,37976,4831
0,1443453834,4070,38005,4835
1,1443453896,4069,38005,4835
2,1443454611,4068,38005,4835
3,1443454852,4067,38005,4835
0,1444586658,4075,38006,4835
1,1444586772,4071,38006,4835
2,1444586817,4076,38006,4835
3,1444586833,1212,38006,4835
4,1444587191,4079,38006,4835
5,1444587240,4080,38006,4835
6,1444587421,3956,38006,4835
7,1444587476,4078,38006,4835
8,1444587523,4072,38006,4835
9,1444587608,4077,38006,4835
10,1444587651,4074,38006,4835
11,1444587886,4073,38006,4835
12,1444587919,4081,38006,4835
0,1444735214,6508,38007,4835
1,1444735454,4091,38007,4835
2,1444735499,4084,38007,4835
3,1444735632,4086,38007,4835
5,1444735815,4093,38007,4835
6,1444735912,4085,38007,4835
8,1444736126,4092,38007,4835
9,1444736264,4087,38007,4835
10,1444736308,4083,38007,4835
11,1444736380,4095,38007,4835
14,1444736776,4094,38007,4835
16,1444736823,4090,38007,4835
17,1444736906,4088,38007,4835
18,1444737016,4089,38007,4835
19,1444737043,4096,38007,4835
0,1445107868,4098,38008,4835
1,1445107870,3646,38008,4835
2,1445108151,4100,38008,4835
0,1440154824,10690,38022,4837
1,1440154847,1003,38022,4837
3,1440155553,11489,38022,4837
4,1440155635,1009,38022,4837
0,1441165025,6641,38023,4837
2,1441165077,2984,38023,4837
3,1441165118,3010,38023,4837
6,1441165337,12043,38023,4837
1,1441379752,10884,38024,4837
2,1441379772,256,38024,4837
5,1441379968,8219,38024,4837
10,1441380677,3950,38024,4837
11,1441380680,5524,38024,4837
15,1441380846,941,38024,4837
16,1441380954,2929,38024,4837
1,1441521081,1308,38025,4837
3,1441521184,97,38025,4837
4,1441521193,13718,38025,4837
7,1441521355,10107,38025,4837
0,1442522207,170,38027,4837
1,1442522248,1005,38027,4837
3,1442522399,1304,38027,4837
4,1442522406,3010,38027,4837
6,1442522484,11159,38027,4837
7,1442522494,14650,38027,4837
8,1442522521,941,38027,4837
9,1442522529,251,38027,4837
0,1441266348,3472,38048,4840
1,1441266464,18018,38048,4840
2,1441266607,14,38048,4840
0,1442408395,100,38049,4840
1,1442408409,8606,38049,4840
2,1442408418,5046,38049,4840
0,1442421071,100,38050,4840
1,1442421078,8606,38050,4840
2,1442421090,9,38050,4840
0,1442471324,1434,38051,4840
1,1442471390,1721,38051,4840
2,1442471424,18399,38051,4840
3,1442471485,1304,38051,4840
0,1442480358,7087,38052,4840
1,1442480500,27296,38052,4840
2,1442480514,5053,38052,4840
0,1442749030,1304,38053,4840
1,1442749034,1434,38053,4840
2,1442749149,18399,38053,4840
3,1442749444,9,38053,4840
0,1444496412,1725,38055,4840
1,1444496451,23480,38055,4840
2,1444496546,3834,38055,4840
0,1445279472,8617,38057,4840
1,1445279623,220,38057,4840
2,1445279651,10766,38057,4840
3,1445279749,5058,38057,4840
0,1443453596,4069,38075,4843
1,1443453834,4070,38075,4843
2,1443453952,4067,38075,4843
0,1444586576,4078,38076,4843
1,1444586772,4071,38076,4843
2,1444586817,4076,38076,4843
3,1444586821,3956,38076,4843
4,1444586986,4073,38076,4843
5,1444587024,4082,38076,4843
6,1444587240,4080,38076,4843
7,1444587433,1212,38076,4843
8,1444587651,4074,38076,4843
9,1444587823,4072,38076,4843
10,1444587858,4075,38076,4843
11,1444588091,4079,38076,4843
0,1444735214,6508,38077,4843
1,1444735454,4091,38077,4843
2,1444735576,4094,38077,4843
3,1444735664,4087,38077,4843
5,1444735912,4085,38077,4843
7,1444736126,4096,38077,4843
9,1444736308,4083,38077,4843
10,1444736426,4092,38077,4843
11,1444736532,4086,38077,4843
12,1444736549,4097,38077,4843
13,1444736606,4088,38077,4843
14,1444736680,4095,38077,4843
16,1444736699,4084,38077,4843
17,1444736715,4093,38077,4843
18,1444737016,4089,38077,4843
0,1444737123,4090,38077,4843
1,1444738704,8061,38077,4843
0,1445107251,4100,38078,4843
1,1445107868,4098,38078,4843
2,1445107887,3646,38078,4843
3,1445108204,4099,38078,4843
1,1445351978,300,38079,4843
2,1445352057,4101,38079,4843
3,1445352728,4102,38079,4843
0,1441631364,3476,38089,4845
1,1441631384,133,38089,4845
2,1441631534,1908,38089,4845
0,1442242829,42204,38090,4845
1,1442242896,6186,38090,4845
2,1442243009,4460,38090,4845
0,1444315623,7442,38092,4845
1,1444315654,6186,38092,4845
3,1444315767,4460,38092,4845
4,1444315853,10786,38092,4845
6,1444315996,3476,38092,4845
7,1444316072,11333,38092,4845
0,1441712234,165,38166,4854
3,1441712320,11889,38166,4854
5,1441712583,13908,38166,4854
6,1441712789,2956,38166,4854
0,1442843625,165,38167,4854
1,1442844985,13908,38167,4854
2,1442845030,1009,38167,4854
0,1443893947,2597,38168,4854
1,1443893959,165,38168,4854
2,1443894031,2926,38168,4854
0,1443985892,165,38169,4854
1,1443985927,1646,38169,4854
2,1443985966,7,38169,4854
3,1443986031,122,38169,4854
1,1445689424,14662,38314,4877
4,1445689738,22144,38314,4877
11,1445689968,2692,38314,4877
0,1445933293,931,38317,4877
4,1445933425,6842,38317,4877
6,1445933503,1268,38317,4877
14,1445933732,7173,38317,4877
6,1446144780,12274,38319,4877
8,1446144946,10288,38319,4877
11,1446145001,3395,38319,4877
14,1446145068,10027,38319,4877
2,1441828498,12079,38386,4887
3,1441828543,5764,38386,4887
4,1441828584,8844,38386,4887
1,1442229259,3333,38388,4887
2,1442229386,9277,38388,4887
4,1442229614,15424,38388,4887
1,1443036624,1648,38390,4887
3,1443036679,9303,38390,4887
5,1443037045,2597,38390,4887
6,1443037049,2599,38390,4887
7,1443037615,4191,38390,4887
0,1444689363,1671,38393,4887
1,1444689367,1648,38393,4887
2,1444689386,2454,38393,4887
1,1441072767,13117,38411,4888
2,1441072779,11568,38411,4888
3,1441073365,9204,38411,4888
4,1441073399,2692,38411,4888
7,1441073550,2897,38411,4888
8,1441074072,21564,38411,4888
9,1441074410,5678,38411,4888
10,1441074436,43,38411,4888
11,1441074450,7087,38411,4888
14,1441074494,11107,38411,4888
16,1441074519,3983,38411,4888
2,1441855186,92,38417,4888
3,1441855236,20786,38417,4888
6,1441855293,39,38417,4888
8,1441856134,10069,38417,4888
3,1441947528,17063,38418,4888
4,1441947537,3029,38418,4888
5,1441947546,17469,38418,4888
7,1441947565,3053,38418,4888
8,1442543938,8388,38425,4888
9,1442545415,1304,38425,4888
10,1442545449,17196,38425,4888
0,1442639184,11520,38426,4888
4,1442639271,6076,38426,4888
6,1442639307,1656,38426,4888
7,1442640415,17196,38426,4888
3,1442896379,3028,38429,4888
5,1442896408,5702,38429,4888
8,1442896528,5526,38429,4888
9,1442896561,8,38429,4888
2,1442975472,11527,38430,4888
7,1442975665,5547,38430,4888
8,1442975700,8388,38430,4888
0,1442978657,5526,38431,4888
1,1442978722,5547,38431,4888
2,1442978755,1561,38431,4888
3,1442978804,3247,38431,4888
0,1443063542,3985,38432,4888
1,1443063558,2537,38432,4888
3,1443063593,30,38432,4888
0,1443149914,3031,38433,4888
3,1443149945,268,38433,4888
5,1443150028,1668,38433,4888
2,1443362347,5510,38436,4888
3,1443362366,3030,38436,4888
5,1443362389,50,38436,4888
0,1443405489,16405,38437,4888
6,1443405572,3054,38437,4888
7,1443405583,7324,38437,4888
11,1443406123,11,38437,4888
12,1443406143,50,38437,4888
15,1443406177,8,38437,4888
16,1443406187,63,38437,4888
17,1443406197,10069,38437,4888
18,1443406206,5510,38437,4888
0,1443495973,11725,38439,4888
3,1443496000,1316,38439,4888
4,1443496034,1313,38439,4888
5,1443496046,6085,38439,4888
7,1443580598,1687,38441,4888
12,1443580930,3983,38441,4888
13,1443580955,8,38441,4888
15,1443580996,220,38441,4888
16,1443581801,63,38441,4888
0,1444108263,5671,38443,4888
1,1444108281,5551,38443,4888
2,1444108318,63,38443,4888
0,1444281764,5671,38444,4888
2,1444281811,24,38444,4888
3,1444281849,7324,38444,4888
4,1444281868,11520,38444,4888
5,1444281892,3010,38444,4888
6,1444281911,1513,38444,4888
7,1444282096,3980,38444,4888
0,1444710854,5107,38445,4888
1,1444710872,3962,38445,4888
3,1444710938,3980,38445,4888
4,1444710952,15,38445,4888
6,1444710994,2665,38445,4888
0,1444798423,3058,38446,4888
1,1444798439,3178,38446,4888
2,1444798453,31,38446,4888
3,1444798475,11519,38446,4888
1,1444969931,4132,38447,4888
3,1444970060,2537,38447,4888
5,1444970100,1139,38447,4888
0,1445149486,5305,38448,4888
1,1445150121,7340,38448,4888
3,1445150162,870,38448,4888
0,1445659123,5756,38449,4888
1,1445659169,246,38449,4888
3,1445659235,25643,38449,4888
4,1445659251,6025,38449,4888
1,1445750198,7279,38450,4888
2,1445750262,3032,38450,4888
3,1445750274,1316,38450,4888
4,1445750297,3060,38450,4888
0,1446093068,16431,38451,4888
1,1446093107,3081,38451,4888
2,1446093126,5954,38451,4888
3,1446093139,3843,38451,4888
4,1446093154,1319,38451,4888
5,1446093168,3063,38451,4888
0,1446181874,13900,38452,4888
1,1446182163,27120,38452,4888
3,1446182201,3075,38452,4888
0,1446524557,20591,38456,4888
1,1446524633,19692,38456,4888
4,1446524710,29721,38456,4888
5,1446524733,4131,38456,4888
0,1446609378,4136,38457,4888
1,1446609398,4138,38457,4888
2,1446609443,3858,38457,4888
4,1446609589,11720,38457,4888
7,1446609644,18408,38457,4888
8,1446609659,12986,38457,4888
1,1445450286,9327,38741,4928
5,1445450706,1052,38741,4928
6,1445450716,3731,38741,4928
7,1445450726,19190,38741,4928
9,1445450915,21615,38741,4928
3,1445456437,21615,38742,4928
5,1445456466,3731,38742,4928
7,1445456485,1052,38742,4928
1,1445533663,21615,38743,4928
5,1445534749,1052,38743,4928
6,1445535734,3731,38743,4928
7,1445536540,10023,38743,4928
0,1445624878,10685,38745,4928
2,1445625114,1997,38745,4928
3,1445625141,10029,38745,4928
6,1445625267,3401,38745,4928
7,1445625296,601,38745,4928
10,1445625673,10688,38745,4928
0,1446194848,12836,38858,4944
1,1446194912,1081,38858,4944
4,1446195055,6485,38858,4944
0,1446214904,1999,38859,4944
1,1446214929,322,38859,4944
3,1446215270,15476,38859,4944
4,1446215329,23922,38859,4944
0,1446277106,2889,38860,4944
5,1446277437,25699,38860,4944
8,1446277472,2886,38860,4944
13,1446277910,315,38860,4944
18,1446278370,25578,38860,4944
19,1446278382,17529,38860,4944
1,1446278436,10093,38860,4944
1,1446495551,1999,38861,4944
2,1446495625,2889,38861,4944
5,1446495722,25699,38861,4944
10,1446496002,1181,38861,4944
11,1446496019,17529,38861,4944
14,1446496357,15447,38861,4944
17,1446496684,7706,38861,4944
18,1446496717,6386,38861,4944
19,1446496738,12844,38861,4944
7,1442032365,13247,38911,4950
8,1442032442,4839,38911,4950
9,1442032521,1640,38911,4950
12,1442032723,132,38911,4950
17,1442032960,3053,38911,4950
1,1442951276,23,38914,4950
11,1442951590,3054,38914,4950
12,1442951614,17854,38914,4950
13,1442951658,18679,38914,4950
14,1442951687,13,38914,4950
15,1442951770,4358,38914,4950
6,1443209964,30,38915,4950
8,1443210062,12934,38915,4950
10,1443210296,268,38915,4950
15,1443210451,297,38915,4950
17,1443210557,279,38915,4950
18,1443210621,1668,38915,4950
19,1443211166,3985,38915,4950
0,1444071603,2405,38916,4950
1,1444071628,9221,38916,4950
3,1444071674,2866,38916,4950
4,1444071704,4358,38916,4950
5,1444071722,1311,38916,4950
6,1444071727,14185,38916,4950
8,1444071798,28,38916,4950
9,1444071805,6578,38916,4950
1,1444939566,14185,38921,4950
10,1444939959,1322,38921,4950
11,1444939987,686,38921,4950
1,1441858009,3246,39199,4988
3,1441858550,3252,39199,4988
4,1441858600,7536,39199,4988
5,1441858671,15960,39199,4988
1,1442206752,2680,39200,4988
4,1442206851,3241,39200,4988
5,1442206876,8343,39200,4988
0,1442820066,863,39201,4988
1,1442820114,8343,39201,4988
3,1442820220,6542,39201,4988
6,1442820372,9020,39201,4988
8,1442820466,1140,39201,4988
9,1442820485,3617,39201,4988
11,1442820543,3247,39201,4988
12,1442820555,15960,39201,4988
0,1444629374,863,39202,4988
1,1444629380,9020,39202,4988
2,1444629396,3243,39202,4988
0,1441385315,1426,39286,4999
1,1441385386,1432,39286,4999
2,1441385817,5039,39286,4999
0,1441895946,92,39288,4999
1,1441895971,220,39288,4999
2,1441895994,9,39288,4999
3,1441896043,1426,39288,4999
4,1441896065,5039,39288,4999
0,1442427236,11370,39289,4999
2,1442427428,12207,39289,4999
3,1442427460,12217,39289,4999
6,1442427778,13120,39289,4999
7,1442428087,4482,39289,4999
9,1442428149,940,39289,4999
10,1442428175,3640,39289,4999
11,1442428297,2265,39289,4999
12,1442428323,220,39289,4999
0,1442512290,15118,39290,4999
1,1442512303,6099,39290,4999
2,1442512309,1433,39290,4999
4,1442512371,5085,39290,4999
5,1442512391,1432,39290,4999
6,1442512422,10766,39290,4999
0,1442765954,92,39291,4999
2,1442766060,8618,39291,4999
3,1442766431,1433,39291,4999
0,1443116213,5102,39292,4999
1,1443116252,92,39292,4999
2,1443116280,18935,39292,4999
3,1443116383,3954,39292,4999
1,1443730227,12213,39293,4999
3,1443730506,8481,39293,4999
4,1443730560,2265,39293,4999
6,1443730612,5104,39293,4999
0,1442593323,7440,39377,5010
1,1442593376,9278,39377,5010
2,1442593603,6873,39377,5010
3,1442593609,11323,39377,5010
4,1442593614,21146,39377,5010
5,1442593632,9290,39377,5010
10,1442593845,17326,39377,5010
19,1442594286,18634,39377,5010
0,1442594331,7649,39377,5010
7,1442594603,11550,39377,5010
2,1443378833,15216,39379,5010
3,1443378944,10786,39379,5010
4,1443379009,2785,39379,5010
0,1443610299,1000,39381,5010
6,1443610521,1400,39381,5010
10,1443610685,23579,39381,5010
11,1443610737,2785,39381,5010
0,1440682854,3003,39564,5038
1,1440682859,3022,39564,5038
2,1440682861,2567,39564,5038
4,1440683273,10345,39564,5038
0,1441344758,3022,39565,5038
2,1441344771,3026,39565,5038
3,1441344776,13247,39565,5038
4,1441344785,2965,39565,5038
8,1441345024,1163,39565,5038
9,1441345026,5759,39565,5038
0,1441725564,4855,39566,5038
2,1441725603,3022,39566,5038
7,1441725692,1498,39566,5038
9,1441725718,6271,39566,5038
10,1441725735,10657,39566,5038
12,1441725784,3023,39566,5038
13,1441725838,3966,39566,5038
16,1441725910,3003,39566,5038
17,1441725927,11209,39566,5038
18,1441725940,40,39566,5038
19,1441725974,1640,39566,5038
1,1441726116,7,39566,5038
3,1441726210,5039,39566,5038
0,1443371472,5526,39637,5046
1,1443371479,1373,39637,5046
3,1443371544,21568,39637,5046
6,1443371605,3244,39637,5046
1,1444503440,8384,39639,5046
2,1444503478,8395,39639,5046
3,1444503506,11272,39639,5046
4,1444503549,3258,39639,5046
8,1444503701,2707,39639,5046
9,1444503799,30636,39639,5046
0,1445007670,11252,39640,5046
1,1445007704,8711,39640,5046
2,1445007727,3254,39640,5046
2,1440589502,19710,39724,5051
4,1440589715,11811,39724,5051
6,1440589834,5364,39724,5051
7,1440589953,17767,39724,5051
1,1441953698,12521,39725,5051
3,1441953918,14247,39725,5051
4,1441953990,2416,39725,5051
0,1444897600,12234,39727,5051
1,1444897619,4729,39727,5051
2,1444897630,2859,39727,5051
3,1444897713,9,39727,5051
0,1442428002,34,39851,5070
1,1442428270,7062,39851,5070
3,1442428349,92,39851,5070
6,1442428822,2926,39851,5070
7,1442428866,5379,39851,5070
9,1442428952,3695,39851,5070
12,1442429134,3710,39851,5070
13,1442429245,5688,39851,5070
0,1443016743,4162,39853,5070
2,1443016825,5389,39853,5070
3,1443016898,36610,39853,5070
0,1443690379,2984,39855,5070
1,1443690673,28,39855,5070
2,1443690826,8614,39855,5070
2,1441794310,3026,39866,5072
3,1441794331,2988,39866,5072
4,1441794351,2965,39866,5072
0,1443672785,8,39868,5072
1,1443672795,3028,39868,5072
2,1443672802,3026,39868,5072
3,1443672853,17100,39868,5072
4,1443672892,1304,39868,5072
5,1443672925,6074,39868,5072
6,1443672937,2638,39868,5072
7,1443672951,3178,39868,5072
8,1443672991,2342,39868,5072
9,1443673024,3030,39868,5072
0,1444332658,8,39869,5072
1,1444332667,3028,39869,5072
2,1444332677,2638,39869,5072
0,1444858514,3178,39870,5072
1,1444860005,5429,39870,5072
2,1444860088,2610,39870,5072
0,1442596374,9754,39896,5076
1,1442596431,3234,39896,5076
3,1442596473,9578,39896,5076
4,1442596493,15016,39896,5076
0,1442941392,9754,39897,5076
1,1442941428,3234,39897,5076
2,1442941501,11258,39897,5076
0,1443957472,6770,39899,5076
2,1443957524,9578,39899,5076
3,1443957539,1584,39899,5076
1,1440834550,5083,39906,5077
2,1440834612,9,39906,5077
4,1440835001,3003,39906,5077
0,1441255604,90,39907,5077
1,1441256144,10004,39907,5077
2,1441256153,100,39907,5077
3,1446204473,13449,39912,5077
4,1446204694,3059,39912,5077
5,1446204719,3834,39912,5077
0,1446387092,6571,39913,5077
2,1446387209,12311,39913,5077
5,1446387575,5100,39913,5077
7,1446387670,2365,39913,5077
11,1446387923,18929,39913,5077
12,1446387961,12220,39913,5077
13,1446388029,8618,39913,5077
14,1446388114,5064,39913,5077
16,1446388317,1728,39913,5077
0,1443453896,4069,40164,5110
1,1443453952,4067,40164,5110
2,1443454911,4068,40164,5110
3,1443455034,4070,40164,5110
0,1444586817,4076,40165,5110
1,1444586833,1212,40165,5110
2,1444586923,4072,40165,5110
3,1444586940,4080,40165,5110
4,1444587024,4082,40165,5110
5,1444587308,4077,40165,5110
6,1444587421,3956,40165,5110
7,1444587586,4073,40165,5110
8,1444587651,4074,40165,5110
9,1444587672,4071,40165,5110
10,1444587858,4075,40165,5110
11,1444588219,4081,40165,5110
0,1444735514,6508,40166,5110
1,1444735612,4085,40166,5110
2,1444735708,4083,40166,5110
3,1444735780,4095,40166,5110
6,1444735949,4097,40166,5110
7,1444736006,4088,40166,5110
9,1444736126,4092,40166,5110
12,1444736264,4087,40166,5110
13,1444736354,4091,40166,5110
14,1444736399,4084,40166,5110
15,1444736476,4094,40166,5110
16,1444736716,4089,40166,5110
17,1444736726,4096,40166,5110
18,1444737123,4090,40166,5110
19,1444738404,8061,40166,5110
0,1445106987,3646,40167,5110
1,1445107004,4099,40167,5110
2,1445107251,4100,40167,5110
3,1445107868,4098,40167,5110
0,1445351978,300,40168,5110
2,1445352657,4101,40168,5110
3,1445352728,4102,40168,5110
0,1440526585,6911,40206,5114
1,1440526684,5312,40206,5114
2,1440526753,6906,40206,5114
3,1440526933,3008,40206,5114
4,1440527013,6907,40206,5114
5,1440527381,6909,40206,5114
6,1440527391,6669,40206,5114
7,1440527641,6908,40206,5114
8,1440527905,6913,40206,5114
9,1440527949,6914,40206,5114
10,1440528045,6910,40206,5114
0,1445856847,6916,40207,5114
1,1445856994,6917,40207,5114
2,1445857003,6919,40207,5114
3,1445857839,6918,40207,5114
0,1445860405,6916,40208,5114
1,1445860731,6922,40208,5114
2,1445860781,6920,40208,5114
3,1445860837,6921,40208,5114
0,1440526621,6912,40255,5121
1,1440526633,3008,40255,5121
2,1440526741,6908,40255,5121
3,1440526957,6906,40255,5121
4,1440527091,6669,40255,5121
5,1440527452,6910,40255,5121
6,1440527785,6911,40255,5121
7,1440527884,5312,40255,5121
8,1440527905,6913,40255,5121
9,1440527949,6914,40255,5121
10,1440527981,6909,40255,5121
0,1445857003,6919,40256,5121
1,1445857239,6918,40256,5121
2,1445857752,6917,40256,5121
3,1445857974,6916,40256,5121
0,1445860376,6916,40257,5121
1,1445861331,6922,40257,5121
2,1445861381,6920,40257,5121
3,1445861437,6921,40257,5121
0,1440226450,41,40404,5143
1,1440226478,14908,40404,5143
2,1440226530,15387,40404,5143
0,1440386153,14908,40406,5143
1,1440386160,41,40406,5143
4,1440386216,49,40406,5143
5,1440386223,1202,40406,5143
10,1440386578,15387,40406,5143
1,1440668071,2994,40407,5143
2,1440668089,49,40407,5143
3,1440668109,1735,40407,5143
4,1440668124,41,40407,5143
2,1441011951,17834,40408,5143
4,1441012589,9465,40408,5143
6,1441012701,20635,40408,5143
0,1443453896,4069,40430,5145
1,1443453952,4067,40430,5145
2,1443454611,4068,40430,5145
0,1444586451,4074,40431,5145
1,1444586472,4071,40431,5145
2,1444586623,4072,40431,5145
3,1444586658,4075,40431,5145
4,1444586686,4073,40431,5145
5,1444586708,4077,40431,5145
6,1444586876,4078,40431,5145
7,1444586891,4079,40431,5145
8,1444587024,4082,40431,5145
9,1444587433,1212,40431,5145
10,1444587717,4076,40431,5145
11,1444587840,4080,40431,5145
12,1444588219,4081,40431,5145
0,1444735514,6508,40432,5145
1,1444735576,4094,40432,5145
2,1444735780,4095,40432,5145
5,1444735843,4096,40432,5145
8,1444736126,4092,40432,5145
10,1444736223,4090,40432,5145
11,1444736232,4086,40432,5145
12,1444736264,4087,40432,5145
13,1444736308,4083,40432,5145
14,1444736354,4091,40432,5145
15,1444736399,4084,40432,5145
16,1444736512,4085,40432,5145
17,1444736715,4093,40432,5145
18,1444736716,4089,40432,5145
19,1444736849,4097,40432,5145
0,1444736906,4088,40432,5145
1,1444738404,8061,40432,5145
0,1445106970,3646,40433,5145
1,1445107904,4099,40433,5145
2,1445108168,4098,40433,5145
1,1445351978,300,40434,5145
2,1445352728,4102,40434,5145
3,1445352957,4101,40434,5145
0,1440440284,5312,40454,5148
1,1440440313,6907,40454,5148
2,1440440521,6912,40454,5148
3,1440440533,3008,40454,5148
4,1440440653,6906,40454,5148
5,1440440967,6909,40454,5148
6,1440441045,6910,40454,5148
7,1440441505,6913,40454,5148
8,1440441541,6908,40454,5148
9,1440441549,6914,40454,5148
10,1440441744,6915,40454,5148
0,1445770603,6919,40455,5148
1,1445770747,6916,40455,5148
2,1445770752,6917,40455,5148
0,1445774081,6920,40456,5148
1,1445774276,6916,40456,5148
2,1445774437,6921,40456,5148
3,1445774931,6922,40456,5148
0,1444115882,3954,40502,5155
1,1444115980,92,40502,5155
2,1444116012,9,40502,5155
0,1444118440,220,40503,5155
1,1444118452,2265,40503,5155
2,1444118459,3954,40503,5155
0,1445097287,1721,40504,5155
1,1445097331,18927,40504,5155
2,1445097337,2265,40504,5155
3,1445097491,8622,40504,5155
0,1441094649,1405,40528,5159
1,1441094651,3466,40528,5159
2,1441094663,4587,40528,5159
4,1441096793,3457,40528,5159
5,1441096797,3467,40528,5159
6,1441096798,17606,40528,5159
0,1441268584,2587,40530,5159
1,1441268591,4587,40530,5159
2,1441268593,17606,40530,5159
0,1442824506,18643,40531,5159
2,1442824523,19075,40531,5159
4,1442824855,1948,40531,5159
2,1442831461,7112,40532,5159
4,1442831497,8103,40532,5159
5,1442831527,1172,40532,5159
1,1442849124,3119,40533,5159
13,1442849785,21642,40533,5159
14,1442849941,18643,40533,5159
15,1442849975,6873,40533,5159
17,1442850149,11327,40533,5159
0,1442850691,3482,40533,5159
1,1442850814,3467,40533,5159
0,1443540234,4070,40667,5178
1,1443540896,4069,40667,5178
2,1443540952,4067,40667,5178
3,1443541311,4068,40667,5178
0,1444672933,1212,40668,5178
1,1444673023,4072,40668,5178
2,1444673108,4077,40668,5178
3,1444673151,4074,40668,5178
4,1444673172,4071,40668,5178
5,1444673340,4080,40668,5178
6,1444673424,4082,40668,5178
7,1444674191,4079,40668,5178
8,1444674258,4075,40668,5178
9,1444674286,4073,40668,5178
10,1444674319,4081,40668,5178
11,1444674417,4076,40668,5178
0,1444821614,6508,40669,5178
1,1444821808,4083,40669,5178
2,1444821854,4091,40669,5178
3,1444821880,4095,40669,5178
4,1444821899,4084,40669,5178
5,1444821926,4092,40669,5178
6,1444822049,4097,40669,5178
7,1444822064,4087,40669,5178
8,1444822215,4093,40669,5178
9,1444822312,4085,40669,5178
13,1444822623,4090,40669,5178
14,1444822632,4086,40669,5178
15,1444822876,4094,40669,5178
16,1444823006,4088,40669,5178
18,1444823143,4096,40669,5178
0,1444823416,4089,40669,5178
1,1444824204,8061,40669,5178
0,1445193387,3646,40670,5178
1,1445193651,4100,40670,5178
2,1445194304,4099,40670,5178
0,1445439057,4101,40671,5178
2,1445439181,4102,40671,5178
3,1445439278,300,40671,5178
0,1441302051,63,40702,5184
1,1441302118,41,40702,5184
4,1441302607,108,40702,5184
0,1441649275,108,40703,5184
1,1441649288,90,40703,5184
3,1441649313,63,40703,5184
4,1441649321,3020,40703,5184
5,1441649349,10004,40703,5184
9,1441649449,2036,40703,5184
0,1443888223,10,40704,5184
2,1443888245,2346,40704,5184
4,1443888347,11,40704,5184
5,1443888382,6085,40704,5184
6,1443888404,3031,40704,5184
7,1443888438,5304,40704,5184
8,1443888478,1513,40704,5184
10,1443888547,1314,40704,5184
0,1444677979,243,40705,5184
1,1444678046,8481,40705,5184
2,1444678073,8619,40705,5184
3,1444678107,476,40705,5184
5,1444678143,6085,40705,5184
6,1444678154,2984,40705,5184
7,1444678238,3056,40705,5184
8,1444678238,3038,40705,5184
9,1444678238,2929,40705,5184
10,1444678249,3962,40705,5184
11,1444678325,15,40705,5184
2,1441349602,14459,40728,5189
4,1441350310,24021,40728,5189
6,1441351765,8098,40728,5189
1,1441370488,8098,40729,5189
4,1441370587,24021,40729,5189
5,1441370643,14459,40729,5189
1,1441442850,8098,40730,5189
4,1441443006,24021,40730,5189
5,1441443157,14459,40730,5189
0,1441702077,8098,40732,5189
2,1441702180,24021,40732,5189
4,1441702329,14459,40732,5189
2,1441731948,8098,40733,5189
4,1441732054,24021,40733,5189
5,1441732168,14459,40733,5189
0,1442650188,3450,40766,5193
3,1442650290,1932,40766,5193
5,1442650335,25714,40766,5193
6,1442650394,1935,40766,5193
7,1442650428,1373,40766,5193
10,1442650572,30975,40766,5193
0,1443460298,11670,40767,5193
1,1443460339,1935,40767,5193
2,1443460357,3112,40767,5193
3,1443460404,25714,40767,5193
0,1444581657,1932,40768,5193
1,1444581678,1935,40768,5193
2,1444581708,19548,40768,5193
4,1444581810,6252,40768,5193
5,1444581916,662,40768,5193
0,1442472937,7559,40790,5197
1,1442473033,2452,40790,5197
3,1442473194,3026,40790,5197
1,1445249711,3077,40791,5197
2,1445249991,10,40791,5197
3,1445250065,5572,40791,5197
4,1445250580,2328,40791,5197
9,1445250910,684,40791,5197
10,1445251359,11672,40791,5197
12,1445251517,3073,40791,5197
3,1445261802,3077,40794,5197
4,1445261812,10,40794,5197
6,1445261824,5572,40794,5197
7,1445261830,2328,40794,5197
8,1445261837,684,40794,5197
9,1445261843,302,40794,5197
11,1445261878,1048,40794,5197
13,1445261895,6166,40794,5197
15,1445261907,3495,40794,5197
16,1445261915,2606,40794,5197
17,1445261946,1669,40794,5197
18,1445261956,740,40794,5197
0,1445261977,2325,40794,5197
1,1445261983,1616,40794,5197
2,1445261992,18974,40794,5197
0,1441632201,12520,40885,5211
1,1441632203,8128,40885,5211
2,1441632208,11891,40885,5211
3,1441632272,16160,40885,5211
0,1441996747,11811,40886,5211
4,1441996841,23061,40886,5211
5,1441996884,44877,40886,5211
0,1442304185,21259,40887,5211
2,1442304244,11858,40887,5211
4,1442305313,546,40887,5211
6,1442306498,16160,40887,5211
7,1442306532,11889,40887,5211
0,1443637225,8132,40890,5211
1,1443637393,17425,40890,5211
2,1443637549,14803,40890,5211
3,1443637666,14,40890,5211
5,1443637786,9219,40890,5211
6,1443637798,4191,40890,5211
7,1443637860,3046,40890,5211
8,1443637887,1304,40890,5211
9,1443637976,11895,40890,5211
11,1443638053,2969,40890,5211
15,1443638232,528,40890,5211
16,1443638333,546,40890,5211
0,1440857610,2984,41062,5232
1,1440857641,90,41062,5232
2,1440857666,3010,41062,5232
6,1440857717,1304,41062,5232
0,1441080413,90,41063,5232
1,1441080432,2988,41063,5232
2,1441080481,2996,41063,5232
4,1441080543,170,41063,5232
1,1441465387,1304,41064,5232
2,1441465395,2965,41064,5232
3,1441465471,6908,41064,5232
1,1441650732,16416,41065,5232
2,1441650794,10657,41065,5232
3,1441650815,10004,41065,5232
0,1442426238,108,41067,5232
1,1442426256,3027,41067,5232
2,1442426268,1321,41067,5232
3,1442426287,92,41067,5232
4,1442426336,1330,41067,5232
5,1442426500,5039,41067,5232
6,1442426574,3983,41067,5232
7,1442426791,5671,41067,5232
8,1442426810,19206,41067,5232
9,1442426832,8,41067,5232
0,1440526741,6908,41097,5238
1,1440526885,6911,41097,5238
2,1440526933,3008,41097,5238
3,1440527257,6906,41097,5238
4,1440527305,6913,41097,5238
5,1440527381,6909,41097,5238
6,1440527544,6915,41097,5238
7,1440527613,6907,41097,5238
8,1440527949,6914,41097,5238
9,1440528045,6910,41097,5238
10,1440528291,6669,41097,5238
0,1445856703,6919,41098,5238
1,1445856946,6917,41098,5238
2,1445857074,6916,41098,5238
0,1445860837,6921,41099,5238
1,1445861276,6916,41099,5238
2,1445861331,6922,41099,5238
3,1445861381,6920,41099,5238
0,1440440185,6911,41324,5266
1,1440440313,6907,41324,5266
2,1440440341,6908,41324,5266
3,1440440521,6912,41324,5266
4,1440440533,3008,41324,5266
5,1440440557,6906,41324,5266
6,1440440681,6909,41324,5266
7,1440440905,6913,41324,5266
8,1440440991,6669,41324,5266
9,1440441184,5312,41324,5266
10,1440441645,6910,41324,5266
11,1440441849,6914,41324,5266
12,1440442044,6915,41324,5266
0,1445770674,6916,41325,5266
1,1445771352,6917,41325,5266
2,1445771439,6918,41325,5266
3,1445771503,6919,41325,5266
0,1445773976,6916,41326,5266
1,1445774331,6922,41326,5266
2,1445774981,6920,41326,5266
3,1445775337,6921,41326,5266
2,1440841217,9640,41331,5267
5,1440842232,115,41331,5267
6,1440842272,3638,41331,5267
8,1440842435,7632,41331,5267
9,1440842549,4405,41331,5267
10,1440842652,3467,41331,5267
3,1441007356,7632,41332,5267
6,1441009325,3588,41332,5267
11,1441009680,629,41332,5267
12,1441009711,4405,41332,5267
0,1441458737,4405,41333,5267
4,1441458817,4410,41333,5267
11,1441459185,14,41333,5267
13,1441460685,7632,41333,5267
0,1440698048,632,41343,5269
1,1440698313,653,41343,5269
3,1440698364,2484,41343,5269
0,1441510976,5664,41345,5269
2,1441511290,3423,41345,5269
5,1441511519,5703,41345,5269
0,1441701243,7559,41346,5269
3,1441701452,3434,41346,5269
4,1441701483,2323,41346,5269
7,1441701523,722,41346,5269
1,1444797957,11519,41348,5269
3,1444798000,2607,41348,5269
4,1444798127,302,41348,5269
5,1444798160,12667,41348,5269
6,1444798199,38537,41348,5269
8,1444798470,4358,41348,5269
9,1444798482,3077,41348,5269
10,1444798601,3071,41348,5269
0,1445496481,1706,41349,5269
1,1445496569,9926,41349,5269
2,1445496797,1043,41349,5269
3,1445496821,724,41349,5269
5,1445496976,6001,41349,5269
6,1445497067,31447,41349,5269
9,1445497154,38537,41349,5269
3,1440694903,115,41462,5284
4,1440694922,132,41462,5284
5,1440694959,4405,41462,5284
8,1440695424,7096,41462,5284
0,1440826339,21633,41463,5284
1,1440826340,3588,41463,5284
2,1440826373,10771,41463,5284
5,1440826419,7096,41463,5284
7,1440826432,115,41463,5284
8,1440826437,132,41463,5284
9,1440826439,4405,41463,5284
0,1441038769,115,41464,5284
3,1441038771,7096,41464,5284
4,1441038772,132,41464,5284
5,1441038892,4405,41464,5284
0,1441773719,230,41679,5313
1,1441773949,228,41679,5313
2,1441774074,229,41679,5313
0,1444144246,231,41680,5313
1,1444144313,233,41680,5313
2,1444144360,232,41680,5313
0,1445009171,237,41681,5313
1,1445009241,235,41681,5313
2,1445009252,240,41681,5313
3,1445010050,236,41681,5313
4,1445010111,238,41681,5313
5,1445010302,234,41681,5313
0,1445274163,24323,41682,5313
1,1445274398,242,41682,5313
2,1445274614,237,41682,5313
3,1445275438,240,41682,5313
0,1441712464,528,41755,5323
1,1441712697,3026,41755,5323
2,1441714351,13247,41755,5323
0,1443593318,280,41756,5323
3,1443593504,1140,41756,5323
4,1443593533,528,41756,5323
6,1443593673,1304,41756,5323
8,1443594410,8533,41756,5323
2,1444035756,8533,41757,5323
3,1444035768,528,41757,5323
4,1444036326,12006,41757,5323
0,1444119596,1631,41758,5323
1,1444119632,528,41758,5323
2,1444120115,13805,41758,5323
0,1445435348,4729,41760,5323
2,1445435449,1320,41760,5323
3,1445436451,686,41760,5323
4,1445436576,1620,41760,5323
5,1445436623,7691,41760,5323
8,1445437486,4301,41760,5323
0,1440927442,2986,41820,5332
2,1440927682,24484,41820,5332
3,1440927746,31377,41820,5332
0,1440945613,19,41821,5332
1,1440945708,2990,41821,5332
3,1440946057,170,41821,5332
1,1441980803,3020,41822,5332
2,1441980847,3972,41822,5332
3,1441980879,21351,41822,5332
5,1441980957,14399,41822,5332
0,1442375958,2276,41824,5332
2,1442376040,34501,41824,5332
3,1442376047,14247,41824,5332
4,1442376055,24484,41824,5332
7,1442376204,14399,41824,5332
0,1442832581,2276,41826,5332
1,1442832608,5670,41826,5332
2,1442832664,3972,41826,5332
3,1442832709,7310,41826,5332
4,1442832720,21351,41826,5332
5,1442832767,14399,41826,5332
0,1443542589,1304,41827,5332
1,1443542603,2276,41827,5332
3,1443542712,3030,41827,5332
0,1445241291,1320,41829,5332
1,1445241312,2984,41829,5332
2,1445241325,3178,41829,5332
0,1440526921,6912,41891,5343
1,1440526957,6906,41891,5343
2,1440526984,5312,41891,5343
3,1440527013,6907,41891,5343
4,1440527091,6669,41891,5343
5,1440527305,6913,41891,5343
6,1440527485,6911,41891,5343
7,1440527641,6908,41891,5343
8,1440527833,3008,41891,5343
9,1440527967,6909,41891,5343
10,1440528052,6910,41891,5343
11,1440528249,6914,41891,5343
12,1440528444,6915,41891,5343
0,1445856852,6917,41892,5343
1,1445857074,6916,41892,5343
2,1445857239,6918,41892,5343
3,1445857603,6919,41892,5343
0,1445860376,6916,41893,5343
1,1445860481,6920,41893,5343
2,1445860731,6922,41893,5343
3,1445861437,6921,41893,5343
2,1442295335,4191,41989,5358
8,1442295571,3922,41989,5358
9,1442295666,23128,41989,5358
0,1443080564,352,41991,5358
1,1443080872,3918,41991,5358
3,1443081139,10521,41991,5358
4,1443081176,23128,41991,5358
3,1443609769,6674,41993,5358
4,1443609788,1139,41993,5358
7,1443609983,14038,41993,5358
0,1441703147,3026,42026,5362
2,1441703313,8342,42026,5362
4,1441703416,2583,42026,5362
0,1442223482,2583,42028,5362
1,1442223513,17100,42028,5362
2,1442223746,17574,42028,5362
1,1442986816,8005,42029,5362
3,1442987615,80,42029,5362
4,1442987713,3054,42029,5362
0,1441707588,5763,42088,5370
1,1441707797,18843,42088,5370
2,1441707837,12078,42088,5370
3,1441707878,17574,42088,5370
4,1441708048,2416,42088,5370
5,1441708065,23248,42088,5370
0,1441941526,5763,42090,5370
1,1441941529,5979,42090,5370
2,1441941543,17574,42090,5370
0,1442823135,3026,42092,5370
4,1442824944,8985,42092,5370
5,1442826160,8986,42092,5370
0,1441384757,2999,42132,5375
7,1441385694,9915,42132,5375
9,1441386091,5033,42132,5375
0,1442555675,14568,42134,5375
3,1442555843,10938,42134,5375
4,1442555905,1962,42134,5375
5,1442555950,247,42134,5375
2,1442774931,10938,42135,5375
3,1442774959,9083,42135,5375
4,1442775033,10935,42135,5375
6,1442775094,3026,42135,5375
7,1442775116,7463,42135,5375
10,1442775273,22620,42135,5375
12,1442775367,16528,42135,5375
13,1442775403,1635,42135,5375
14,1442775445,385,42135,5375
0,1445435782,15916,42138,5375
1,1445435843,9083,42138,5375
2,1445435886,13977,42138,5375
4,1445435919,21534,42138,5375
5,1445435935,243,42138,5375
0,1445438443,243,42139,5375
2,1445438530,2538,42139,5375
3,1445438553,25929,42139,5375
0,1441002630,100,42165,5378
2,1441002781,6103,42165,5378
3,1441002791,5008,42165,5378
0,1441628989,2852,42166,5378
3,1441629107,6104,42166,5378
5,1441629137,15117,42166,5378
6,1441629141,5047,42166,5378
7,1441629145,1432,42166,5378
8,1441629157,5039,42166,5378
10,1441629178,10753,42166,5378
13,1441629225,5031,42166,5378
14,1441629230,8606,42166,5378
16,1441629250,15109,42166,5378
17,1441629251,14994,42166,5378
18,1441629254,10766,42166,5378
19,1441629256,1426,42166,5378
0,1441629262,15290,42166,5378
1,1441629263,17903,42166,5378
0,1441973371,1433,42167,5378
1,1441973697,6101,42167,5378
3,1441974304,92,42167,5378
5,1441974430,8619,42167,5378
1,1442681272,93,42169,5378
2,1442681376,17392,42169,5378
3,1442681386,1433,42169,5378
5,1442681420,15118,42169,5378
0,1442987699,1330,42172,5378
1,1442988462,12215,42172,5378
2,1442988471,18935,42172,5378
0,1443084050,18927,42174,5378
1,1443084054,14995,42174,5378
2,1443084067,5102,42174,5378
0,1441551784,2876,42223,5384
1,1441551856,11858,42223,5384
2,1441552005,2879,42223,5384
3,1441552066,5031,42223,5384
4,1441553206,14962,42223,5384
5,1441553251,34,42223,5384
6,1441553285,1139,42223,5384
10,1441553489,3691,42223,5384
14,1441554315,14387,42223,5384
0,1442168454,14399,42224,5384
1,1442168466,18486,42224,5384
5,1442169381,18835,42224,5384
0,1442247012,18486,42226,5384
2,1442247086,4676,42226,5384
4,1442248190,523,42226,5384
5,1442248204,29899,42226,5384
0,1442516835,13557,42227,5384
8,1442517336,1074,42227,5384
9,1442517369,2563,42227,5384
1,1444680489,2951,42231,5384
2,1444680510,272,42231,5384
3,1444680536,1306,42231,5384
0,1443032870,3160,42242,5386
1,1443032885,2336,42242,5386
3,1443033004,13908,42242,5386
4,1443033151,8466,42242,5386
0,1443373364,3956,42243,5386
1,1443373446,20877,42243,5386
2,1443373648,13031,42243,5386
0,1443578566,7,42244,5386
2,1443578626,941,42244,5386
3,1443578755,13908,42244,5386
4,1443578783,3033,42244,5386
5,1443578809,24,42244,5386
7,1443579608,92,42244,5386
0,1444451071,3956,42245,5386
1,1444451232,3702,42245,5386
2,1444451330,7,42245,5386
1,1441732754,874,42265,5390
2,1441732795,1815,42265,5390
3,1441732813,12075,42265,5390
0,1444056638,19885,42266,5390
1,1444056965,4261,42266,5390
2,1444056970,7880,42266,5390
0,1444650194,3346,42267,5390
1,1444650307,528,42267,5390
2,1444650439,9222,42267,5390
3,1444650467,23254,42267,5390
2,1444046460,22920,42424,5407
5,1444046513,24863,42424,5407
6,1444046530,14327,42424,5407
0,1444111612,14327,42425,5407
2,1444111617,24863,42425,5407
3,1444111617,22920,42425,5407
0,1444222909,14327,42426,5407
2,1444222915,22920,42426,5407
3,1444222917,24863,42426,5407
0,1444254967,14327,42427,5407
2,1444254973,22920,42427,5407
4,1444254975,24863,42427,5407
0,1444286890,14327,42428,5407
2,1444286897,22920,42428,5407
3,1444286899,24863,42428,5407
0,1444307762,22920,42429,5407
1,1444307767,14327,42429,5407
3,1444307773,24863,42429,5407
0,1443453711,4068,42485,5416
1,1443453896,4069,42485,5416
2,1443454734,4070,42485,5416
3,1443454852,4067,42485,5416
0,1444586521,3956,42486,5416
1,1444586623,4072,42486,5416
2,1444586658,4075,42486,5416
3,1444586817,4076,42486,5416
4,1444587319,4081,42486,5416
5,1444587433,1212,42486,5416
6,1444587476,4078,42486,5416
7,1444587586,4073,42486,5416
8,1444587608,4077,42486,5416
9,1444587624,4082,42486,5416
10,1444587651,4074,42486,5416
11,1444587672,4071,42486,5416
12,1444587791,4079,42486,5416
13,1444587840,4080,42486,5416
0,1444735649,4097,42487,5416
1,1444735706,4088,42487,5416
2,1444735780,4095,42487,5416
3,1444735799,4084,42487,5416
7,1444736054,4091,42487,5416
8,1444736126,4092,42487,5416
9,1444736232,4086,42487,5416
10,1444736414,6508,42487,5416
11,1444736415,4093,42487,5416
12,1444736564,4087,42487,5416
13,1444736608,4083,42487,5416
16,1444736776,4094,42487,5416
17,1444736812,4085,42487,5416
18,1444737016,4089,42487,5416
19,1444737043,4096,42487,5416
0,1444737123,4090,42487,5416
1,1444738704,8061,42487,5416
0,1445106987,3646,42488,5416
1,1445107251,4100,42488,5416
2,1445107268,4098,42488,5416
3,1445107904,4099,42488,5416
0,1442672324,100,42605,5434
2,1442672515,172,42605,5434
3,1442672575,1432,42605,5434
0,1442757494,92,42606,5434
1,1442757525,19022,42606,5434
2,1442757618,1433,42606,5434
4,1442757727,3038,42606,5434
5,1442757807,44877,42606,5434
0,1443682163,220,42608,5434
1,1443682194,92,42608,5434
2,1443682229,6074,42608,5434
3,1443682317,11236,42608,5434
1,1443947381,5069,42609,5434
2,1443947424,2265,42609,5434
3,1443947453,92,42609,5434
4,1443947519,22183,42609,5434
0,1444043744,63,42611,5434
1,1444043826,22183,42611,5434
2,1444043947,5069,42611,5434
0,1444335814,63,42612,5434
1,1444335927,2265,42612,5434
2,1444336031,92,42612,5434
3,1444336069,22183,42612,5434
4,1444336151,6658,42612,5434
0,1443540296,4069,42645,5440
1,1443540352,4067,42645,5440
2,1443540411,4068,42645,5440
3,1443540534,4070,42645,5440
0,1444673151,4074,42646,5440
1,1444673217,4076,42646,5440
2,1444673291,4079,42646,5440
3,1444673340,4080,42646,5440
4,1444673358,4075,42646,5440
5,1444673386,4073,42646,5440
6,1444673708,4077,42646,5440
7,1444673719,4081,42646,5440
8,1444673772,4071,42646,5440
9,1444673876,4078,42646,5440
10,1444674024,4082,42646,5440
11,1444674133,1212,42646,5440
0,1444821808,4083,42647,5440
1,1444821899,4084,42647,5440
2,1444821914,6508,42647,5440
3,1444821915,4093,42647,5440
4,1444822012,4085,42647,5440
5,1444822049,4097,42647,5440
7,1444822406,4088,42647,5440
9,1444822516,4089,42647,5440
10,1444822526,4092,42647,5440
11,1444822664,4087,42647,5440
12,1444823176,4094,42647,5440
14,1444823443,4096,42647,5440
16,1444823523,4090,42647,5440
17,1444824804,8061,42647,5440
0,1445193351,4100,42648,5440
1,1445193670,3646,42648,5440
2,1445193704,4099,42648,5440
3,1445194568,4098,42648,5440
1,1445438457,4101,42649,5440
2,1445438581,4102,42649,5440
3,1445439278,300,42649,5440
0,1440613141,6908,42660,5442
1,1440613333,3008,42660,5442
2,1440613384,5312,42660,5442
3,1440613481,6909,42660,5442
4,1440613552,6910,42660,5442
5,1440613657,6906,42660,5442
6,1440613705,6913,42660,5442
7,1440614013,6907,42660,5442
8,1440614185,6911,42660,5442
9,1440614221,6912,42660,5442
10,1440614349,6914,42660,5442
11,1440614391,6669,42660,5442
12,1440614544,6915,42660,5442
0,1445943247,6916,42661,5442
1,1445943252,6917,42661,5442
2,1445943403,6919,42661,5442
3,1445944239,6918,42661,5442
0,1445947105,6916,42662,5442
1,1445947237,6921,42662,5442
2,1445948031,6922,42662,5442
0,1440526753,6906,42707,5451
1,1440526921,6912,42707,5451
2,1440527041,6908,42707,5451
3,1440527305,6913,42707,5451
4,1440527445,6910,42707,5451
5,1440527533,3008,42707,5451
6,1440527884,5312,42707,5451
7,1440527913,6907,42707,5451
8,1440527981,6909,42707,5451
9,1440527991,6669,42707,5451
10,1440528144,6915,42707,5451
11,1440528249,6914,42707,5451
0,1445856703,6919,42708,5451
1,1445857747,6916,42708,5451
2,1445857752,6917,42708,5451
3,1445858139,6918,42708,5451
0,1445861305,6916,42709,5451
1,1445861381,6920,42709,5451
2,1445861437,6921,42709,5451
3,1445861631,6922,42709,5451
0,1443237402,134,42717,5453
3,1443238024,7574,42717,5453
4,1443238142,7908,42717,5453
0,1443336437,1944,42718,5453
6,1443336692,134,42718,5453
8,1443336784,7574,42718,5453
9,1443336789,7908,42718,5453
1,1443340581,134,42719,5453
2,1443340847,7908,42719,5453
3,1443340885,1944,42719,5453
5,1443341009,67,42719,5453
6,1443341091,7651,42719,5453
10,1443341488,7690,42719,5453
12,1443341642,7574,42719,5453
0,1443353844,7908,42720,5453
2,1443354082,3112,42720,5453
3,1443354102,2348,42720,5453
5,1443354223,7177,42720,5453
3,1443368395,7908,42721,5453
7,1443369378,1944,42721,5453
9,1443369688,7690,42721,5453
1,1443371658,2348,42722,5453
2,1443371670,7177,42722,5453
4,1443371711,3112,42722,5453
4,1441549691,17572,42842,5469
16,1441551423,8857,42842,5469
18,1441551491,37963,42842,5469
0,1442651251,2437,42844,5469
1,1442651300,1572,42844,5469
14,1442652336,9276,42844,5469
1,1442652743,7047,42844,5469
5,1442653477,37963,42844,5469
1,1443632561,33012,42849,5469
7,1443632752,2478,42849,5469
12,1443632810,13687,42849,5469
0,1440959770,51287,42905,5476
1,1440959770,35618,42905,5476
2,1440959773,36308,42905,5476
3,1440959774,40708,42905,5476
7,1440959914,32708,42905,5476
8,1440959918,5759,42905,5476
10,1440959963,8844,42905,5476
12,1440959980,8840,42905,5476
13,1440959998,23746,42905,5476
14,1440960053,35826,42905,5476
15,1440960093,19520,42905,5476
16,1440960124,36303,42905,5476
19,1440960255,11854,42905,5476
0,1440960724,1405,42905,5476
1,1440960750,11842,42905,5476
0,1441005545,1405,42906,5476
2,1441005550,8844,42906,5476
4,1441005551,8840,42906,5476
5,1441005552,23746,42906,5476
6,1441005553,35618,42906,5476
7,1441005553,35826,42906,5476
8,1441005554,19520,42906,5476
9,1441005555,36303,42906,5476
12,1441005558,51287,42906,5476
13,1441005560,40708,42906,5476
14,1441005560,36308,42906,5476
15,1441005562,1774,42906,5476
0,1441017247,1405,42907,5476
4,1441017252,8840,42907,5476
5,1441017252,8844,42907,5476
6,1441017253,23746,42907,5476
7,1441017253,35618,42907,5476
8,1441017255,35826,42907,5476
10,1441017256,19520,42907,5476
11,1441017256,36303,42907,5476
13,1441017259,51287,42907,5476
14,1441017261,36308,42907,5476
15,1441017262,1774,42907,5476
16,1441017262,40708,42907,5476
4,1441094833,8840,42908,5476
6,1441094835,35826,42908,5476
9,1441094838,36303,42908,5476
12,1441094842,51287,42908,5476
13,1441094843,36308,42908,5476
14,1441094844,1774,42908,5476
15,1441094844,40708,42908,5476
16,1441094912,23746,42908,5476
17,1441095185,35618,42908,5476
18,1441095501,19520,42908,5476
0,1441119489,1405,42909,5476
1,1441119491,35826,42909,5476
3,1441119493,36303,42909,5476
6,1441119494,35618,42909,5476
7,1441119498,51287,42909,5476
8,1441119499,40708,42909,5476
9,1441119500,36308,42909,5476
10,1441119501,1774,42909,5476
0,1441178248,1405,42910,5476
2,1441178250,35826,42910,5476
3,1441178251,36303,42910,5476
6,1441178254,35618,42910,5476
7,1441178255,51287,42910,5476
8,1441178257,40708,42910,5476
9,1441178257,36308,42910,5476
10,1441178258,1774,42910,5476
0,1441221127,1405,42911,5476
2,1441221130,35826,42911,5476
3,1441221131,36303,42911,5476
6,1441221134,35618,42911,5476
7,1441221135,51287,42911,5476
8,1441221136,36308,42911,5476
9,1441221137,40708,42911,5476
10,1441221138,1774,42911,5476
0,1441264280,1405,42912,5476
2,1441264284,36303,42912,5476
3,1441264284,35826,42912,5476
5,1441264287,35618,42912,5476
7,1441264290,51287,42912,5476
8,1441264291,36308,42912,5476
9,1441264292,40708,42912,5476
10,1441264294,1774,42912,5476
0,1441281949,1405,42913,5476
2,1441281951,35826,42913,5476
3,1441281951,36303,42913,5476
6,1441281955,51287,42913,5476
7,1441281955,35618,42913,5476
8,1441281957,36308,42913,5476
9,1441281959,40708,42913,5476
10,1441281959,1774,42913,5476
0,1441287195,1405,42914,5476
1,1441287197,35826,42914,5476
2,1441287198,36303,42914,5476
4,1441287201,35618,42914,5476
7,1441287204,51287,42914,5476
8,1441287204,36308,42914,5476
9,1441287205,40708,42914,5476
10,1441287207,1774,42914,5476
1,1441309117,1405,42915,5476
2,1441309119,35826,42915,5476
4,1441309120,36303,42915,5476
6,1441309124,51287,42915,5476
7,1441309124,35618,42915,5476
8,1441309126,36308,42915,5476
9,1441309127,40708,42915,5476
10,1441309127,1774,42915,5476
0,1441351920,1405,42916,5476
1,1441351924,35826,42916,5476
2,1441351924,36303,42916,5476
4,1441351927,35618,42916,5476
5,1441351929,51287,42916,5476
6,1441351930,36308,42916,5476
7,1441351932,40708,42916,5476
8,1441351933,1774,42916,5476
0,1441393093,1405,42917,5476
1,1441393096,36303,42917,5476
2,1441393096,35826,42917,5476
4,1441393098,35618,42917,5476
5,1441393099,51287,42917,5476
6,1441393101,36308,42917,5476
7,1441393102,40708,42917,5476
8,1441393103,1774,42917,5476
0,1441439446,1405,42918,5476
1,1441439449,35826,42918,5476
2,1441439450,36303,42918,5476
3,1441439453,35618,42918,5476
4,1441439454,51287,42918,5476
5,1441439456,36308,42918,5476
6,1441439457,40708,42918,5476
7,1441439458,1774,42918,5476
0,1441470505,1405,42919,5476
1,1441470507,35826,42919,5476
2,1441470508,36303,42919,5476
3,1441470511,35618,42919,5476
4,1441470512,51287,42919,5476
5,1441470513,36308,42919,5476
6,1441470514,40708,42919,5476
7,1441470515,1774,42919,5476
0,1441528981,1405,42920,5476
1,1441528985,35826,42920,5476
2,1441528986,36303,42920,5476
3,1441528989,35618,42920,5476
4,1441528991,51287,42920,5476
5,1441528992,36308,42920,5476
6,1441528993,40708,42920,5476
7,1441528994,1774,42920,5476
0,1441739151,1405,42921,5476
1,1441739154,35826,42921,5476
2,1441739155,36303,42921,5476
3,1441739158,35618,42921,5476
4,1441739160,51287,42921,5476
5,1441739161,36308,42921,5476
6,1441739162,40708,42921,5476
7,1441739163,1774,42921,5476
0,1441785880,1405,42922,5476
1,1441785882,36303,42922,5476
2,1441785885,35618,42922,5476
3,1441785888,51287,42922,5476
4,1441785891,40708,42922,5476
5,1441785891,1774,42922,5476
0,1441797646,1405,42923,5476
1,1441797648,36303,42923,5476
2,1441797652,35618,42923,5476
3,1441797653,51287,42923,5476
4,1441797655,40708,42923,5476
5,1441797657,1774,42923,5476
0,1441823728,1405,42924,5476
1,1441823731,36303,42924,5476
2,1441823734,35618,42924,5476
3,1441823735,51287,42924,5476
4,1441823737,40708,42924,5476
5,1441823739,1774,42924,5476
0,1441901667,1405,42925,5476
1,1441901670,36303,42925,5476
2,1441901676,35618,42925,5476
3,1441901685,40708,42925,5476
4,1441901688,1774,42925,5476
0,1441955765,1405,42926,5476
1,1441955767,36303,42926,5476
2,1441955769,35618,42926,5476
3,1441955773,40708,42926,5476
4,1441955773,1774,42926,5476
0,1441975876,1405,42927,5476
1,1441975884,1774,42927,5476
2,1441975885,35618,42927,5476
3,1441975886,40708,42927,5476
4,1441975887,36303,42927,5476
0,1441982068,1405,42928,5476
1,1441982072,36303,42928,5476
2,1441982076,35618,42928,5476
3,1441982080,40708,42928,5476
4,1441982082,1774,42928,5476
0,1442091881,1405,42929,5476
1,1442091884,36303,42929,5476
2,1442091887,35618,42929,5476
3,1442091890,40708,42929,5476
4,1442091891,1774,42929,5476
0,1442162615,1405,42930,5476
1,1442162618,36303,42930,5476
2,1442162624,35618,42930,5476
3,1442162628,1774,42930,5476
4,1442162628,40708,42930,5476
0,1442242531,1405,42931,5476
1,1442242536,36303,42931,5476
2,1442242539,35618,42931,5476
3,1442242544,40708,42931,5476
4,1442242544,1774,42931,5476
0,1442345756,1405,42932,5476
1,1442345760,36303,42932,5476
2,1442345762,35618,42932,5476
3,1442345767,40708,42932,5476
4,1442345768,1774,42932,5476
0,1442387938,1405,42933,5476
1,1442387940,36303,42933,5476
2,1442387944,35618,42933,5476
3,1442387948,1774,42933,5476
4,1442387948,40708,42933,5476
0,1442435589,1405,42934,5476
1,1442435592,36303,42934,5476
2,1442435596,35618,42934,5476
3,1442435599,40708,42934,5476
4,1442435599,1774,42934,5476
0,1442477662,1405,42935,5476
1,1442477668,36303,42935,5476
2,1442477675,35618,42935,5476
3,1442477681,1774,42935,5476
0,1442573493,1405,42936,5476
1,1442573495,36303,42936,5476
2,1442573498,35618,42936,5476
3,1442573502,1774,42936,5476
0,1442606478,1405,42937,5476
1,1442606481,36303,42937,5476
2,1442606484,35618,42937,5476
3,1442606490,1774,42937,5476
0,1442646630,1405,42938,5476
1,1442646637,35618,42938,5476
2,1442646641,1774,42938,5476
0,1442652299,1405,42939,5476
1,1442652303,36303,42939,5476
2,1442652308,35618,42939,5476
3,1442652310,1774,42939,5476
0,1442693443,1405,42940,5476
1,1442693446,36303,42940,5476
2,1442693449,35618,42940,5476
3,1442693453,1774,42940,5476
0,1442736252,1405,42941,5476
1,1442736255,36303,42941,5476
2,1442736259,35618,42941,5476
3,1442736262,1774,42941,5476
0,1442828750,1405,42942,5476
1,1442828754,36303,42942,5476
2,1442828758,35618,42942,5476
3,1442828763,1774,42942,5476
0,1442934028,1405,42943,5476
1,1442934031,36303,42943,5476
2,1442934034,35618,42943,5476
3,1442934038,1774,42943,5476
0,1442955541,1405,42944,5476
1,1442955544,36303,42944,5476
2,1442955548,35618,42944,5476
3,1442955554,1774,42944,5476
0,1442994528,1405,42945,5476
1,1442994531,36303,42945,5476
2,1442994535,35618,42945,5476
3,1442994539,1774,42945,5476
0,1442999139,1405,42946,5476
1,1442999142,36303,42946,5476
2,1442999146,35618,42946,5476
3,1442999150,1774,42946,5476
0,1443019780,1405,42947,5476
1,1443019783,36303,42947,5476
2,1443019786,35618,42947,5476
3,1443019792,1774,42947,5476
0,1443082048,1405,42948,5476
1,1443082050,36303,42948,5476
2,1443082054,35618,42948,5476
3,1443082058,1774,42948,5476
0,1443085771,1405,42949,5476
1,1443085774,36303,42949,5476
2,1443085778,35618,42949,5476
3,1443085783,1774,42949,5476
0,1443092775,1405,42950,5476
1,1443092778,36303,42950,5476
2,1443092782,35618,42950,5476
3,1443092787,1774,42950,5476
0,1443173306,1405,42951,5476
1,1443173309,36303,42951,5476
2,1443173312,35618,42951,5476
3,1443173316,1774,42951,5476
3,1443511459,1405,42952,5476
4,1443511460,1774,42952,5476
5,1443511460,35618,42952,5476
6,1443511460,36303,42952,5476
8,1443511606,9092,42952,5476
9,1443511620,1791,42952,5476
13,1443511827,9305,42952,5476
14,1443511852,36358,42952,5476
3,1444637975,25812,43002,5483
7,1444638989,31383,43002,5483
10,1444639548,23021,43002,5483
11,1444639647,7510,43002,5483
12,1444639702,33361,43002,5483
2,1444643058,22208,43003,5483
8,1444643846,14960,43003,5483
9,1444643949,5394,43003,5483
13,1444644719,34513,43003,5483
14,1444644790,13851,43003,5483
18,1444645178,8381,43003,5483
19,1444645290,29446,43003,5483
1,1444645421,5389,43003,5483
2,1444645496,1316,43003,5483
3,1444645737,2302,43003,5483
2,1445150819,3732,43004,5483
3,1445150924,23317,43004,5483
4,1445150968,15447,43004,5483
0,1443637726,15916,43118,5501
1,1443638227,12050,43118,5501
3,1443638712,1041,43118,5501
5,1443638938,18858,43118,5501
6,1443639013,11079,43118,5501
0,1443816827,18858,43119,5501
2,1443816955,11079,43119,5501
3,1443817039,19674,43119,5501
1,1444246710,3147,43120,5501
2,1444246753,2512,43120,5501
3,1444246789,22397,43120,5501
4,1444246851,3956,43120,5501
5,1444246902,27661,43120,5501
6,1444246955,352,43120,5501
0,1441655157,2336,43138,5504
1,1441655231,12450,43138,5504
2,1441655295,14327,43138,5504
4,1441914266,2336,43139,5504
5,1441914309,9457,43139,5504
7,1441914349,1373,43139,5504
11,1441914691,3181,43139,5504
13,1441915162,19017,43139,5504
0,1442223631,1304,43140,5504
1,1442224090,9457,43140,5504
2,1442224110,3181,43140,5504
3,1442224150,5027,43140,5504
0,1441893651,11334,43155,5507
1,1441893703,7488,43155,5507
2,1441893760,24919,43155,5507
5,1441894072,2778,43155,5507
6,1441894214,3544,43155,5507
7,1441894490,1172,43155,5507
8,1441894505,10798,43155,5507
12,1441894897,7440,43155,5507
15,1441895097,10791,43155,5507
7,1442777794,3457,43157,5507
10,1442778830,7651,43157,5507
12,1442778835,7903,43157,5507
14,1442778837,3518,43157,5507
16,1442778839,7670,43157,5507
0,1443467840,23101,43158,5507
3,1443467885,7670,43158,5507
6,1443469710,3518,43158,5507
1,1441703411,10661,43251,5520
4,1441703620,14937,43251,5520
6,1441703794,2597,43251,5520
10,1441703959,8114,43251,5520
11,1441703982,722,43251,5520
12,1441704119,3434,43251,5520
0,1441775927,1009,43253,5520
3,1441776584,2597,43253,5520
6,1441776661,2599,43253,5520
9,1441776887,12670,43253,5520
11,1441776938,15424,43253,5520
12,1441777025,653,43253,5520
0,1441947392,5575,43254,5520
3,1441947979,5561,43254,5520
4,1441948072,28620,43254,5520
1,1441950517,7570,43255,5520
2,1441950544,22059,43255,5520
10,1441950950,22050,43255,5520
0,1442300309,2597,43257,5520
2,1442300382,22050,43257,5520
4,1442300474,2446,43257,5520
6,1442300537,11722,43257,5520
0,1442318596,22050,43258,5520
2,1442318886,2446,43258,5520
4,1442319100,10661,43258,5520
0,1442745840,722,43259,5520
1,1442745867,10661,43259,5520
2,1442745884,11466,43259,5520
3,1442746045,6620,43259,5520
4,1442746214,22050,43259,5520
5,1442746316,2597,43259,5520
6,1442747238,11722,43259,5520
0,1442820038,28620,43260,5520
3,1442820968,2321,43260,5520
4,1442821035,2484,43260,5520
0,1442835325,7766,43261,5520
2,1442835340,2321,43261,5520
3,1442836891,2484,43261,5520
0,1442841596,13549,43262,5520
2,1442841682,2607,43262,5520
3,1442841687,3924,43262,5520
4,1442841842,18662,43262,5520
7,1442841937,9366,43262,5520
8,1442841953,1647,43262,5520
9,1442842011,2443,43262,5520
1,1442929317,1648,43263,5520
2,1442929331,1650,43263,5520
3,1442929365,2597,43263,5520
1,1443430572,2606,43265,5520
2,1443430910,2607,43265,5520
3,1443430959,722,43265,5520
7,1443431200,21400,43265,5520
0,1445021980,6166,43269,5520
5,1445023482,684,43269,5520
6,1445023578,21088,43269,5520
7,1445023609,2319,43269,5520
9,1445023773,5572,43269,5520
0,1445451662,5572,43274,5520
8,1445452943,2319,43274,5520
9,1445452955,2605,43274,5520
12,1445453065,741,43274,5520
14,1445453219,725,43274,5520
15,1445453262,1048,43274,5520
0,1443367311,4068,43292,5523
1,1443367496,4069,43292,5523
2,1443367552,4067,43292,5523
0,1444500523,4072,43293,5523
1,1444500558,4075,43293,5523
2,1444500791,4079,43293,5523
3,1444500951,4074,43293,5523
4,1444500972,4071,43293,5523
5,1444501076,4078,43293,5523
6,1444501186,4073,43293,5523
7,1444501317,4076,43293,5523
8,1444501333,1212,43293,5523
9,1444501440,4080,43293,5523
10,1444501519,4081,43293,5523
11,1444501524,4082,43293,5523
0,1444648814,6508,43294,5523
1,1444648826,4092,43294,5523
2,1444649054,4091,43294,5523
3,1444649308,4083,43294,5523
6,1444649512,4085,43294,5523
7,1444649606,4088,43294,5523
10,1444649832,4086,43294,5523
11,1444650015,4093,43294,5523
12,1444650076,4094,43294,5523
13,1444650149,4097,43294,5523
14,1444650164,4087,43294,5523
15,1444650280,4095,43294,5523
16,1444650299,4084,43294,5523
17,1444650343,4096,43294,5523
0,1444650423,4090,43294,5523
1,1444650616,4089,43294,5523
2,1444652304,8061,43294,5523
0,1445265657,4101,43295,5523
2,1445266478,300,43295,5523
3,1445266628,4102,43295,5523
0,1443453896,4069,43336,5529
1,1443454011,4068,43336,5529
2,1443454134,4070,43336,5529
3,1443454552,4067,43336,5529
0,1444586472,4071,43337,5529
1,1444586751,4074,43337,5529
2,1444586986,4073,43337,5529
3,1444587024,4082,43337,5529
4,1444587240,4080,43337,5529
5,1444587476,4078,43337,5529
6,1444587523,4072,43337,5529
7,1444587558,4075,43337,5529
8,1444587608,4077,43337,5529
9,1444587717,4076,43337,5529
10,1444587721,3956,43337,5529
0,1444735154,4091,43338,5529
1,1444735514,6508,43338,5529
2,1444735515,4093,43338,5529
3,1444735526,4092,43338,5529
6,1444736006,4088,43338,5529
8,1444736308,4083,43338,5529
9,1444736399,4084,43338,5529
10,1444736532,4086,43338,5529
12,1444736716,4089,43338,5529
14,1444736776,4094,43338,5529
15,1444736823,4090,43338,5529
16,1444736849,4097,43338,5529
17,1444737026,4096,43338,5529
18,1444737804,8061,43338,5529
0,1445106968,4098,43339,5529
1,1445107304,4099,43339,5529
2,1445107870,3646,43339,5529
1,1445352578,300,43340,5529
2,1445352657,4101,43340,5529
3,1445352781,4102,43340,5529
2,1440489613,5312,43655,5564
3,1440489644,6913,43655,5564
4,1440489815,3008,43655,5564
6,1440489861,3899,43655,5564
7,1440489895,7187,43655,5564
9,1440489913,7559,43655,5564
0,1441273488,3998,43656,5564
4,1441273557,12075,43656,5564
5,1441273560,528,43656,5564
7,1441273576,18096,43656,5564
8,1441273583,2957,43656,5564
0,1444037380,2147,43657,5564
2,1444037513,3998,43657,5564
4,1444037618,2124,43657,5564
5,1444037745,4729,43657,5564
6,1444037768,18096,43657,5564
7,1444037811,8714,43657,5564
8,1444037877,19022,43657,5564
9,1444037905,3635,43657,5564
0,1442383994,1646,43786,5583
1,1442384011,7316,43786,5583
2,1442384042,2930,43786,5583
0,1442557627,3956,43788,5583
1,1442557951,1484,43788,5583
2,1442557970,3687,43788,5583
0,1445068138,3709,43791,5583
1,1445068156,11025,43791,5583
2,1445068172,3704,43791,5583
3,1445068218,23019,43791,5583
0,1440173112,45076,43863,5595
2,1440173263,4126,43863,5595
5,1440173517,4125,43863,5595
7,1440173632,3016,43863,5595
8,1440173687,40,43863,5595
0,1441052387,2999,43865,5595
3,1441053136,30770,43865,5595
5,1441053200,7150,43865,5595
6,1441053258,17768,43865,5595
7,1441053344,10921,43865,5595
8,1441053371,2336,43865,5595
11,1441053478,1969,43865,5595
13,1441053788,18267,43865,5595
0,1441655898,4128,43866,5595
1,1441655937,1962,43866,5595
2,1441656121,9067,43866,5595
3,1441656161,6126,43866,5595
4,1441656198,6127,43866,5595
5,1441656250,10934,43866,5595
10,1441656911,6128,43866,5595
11,1441657182,228,43866,5595
14,1441657393,6129,43866,5595
0,1442407782,6074,43867,5595
1,1442407863,1304,43867,5595
2,1442407905,3983,43867,5595
3,1442408009,3017,43867,5595
4,1442408123,185,43867,5595
0,1445672855,10955,43869,5595
2,1445673003,1080,43869,5595
3,1445673096,16306,43869,5595
4,1445673136,14647,43869,5595
6,1445673212,22626,43869,5595
0,1446748384,3062,43870,5595
2,1446748461,10955,43870,5595
4,1446748686,14641,43870,5595
5,1446748729,14642,43870,5595
8,1446749026,14645,43870,5595
13,1446750640,9067,43870,5595
15,1446750758,16285,43870,5595
0,1440306776,20635,43984,5609
3,1440307216,25434,43984,5609
4,1440307292,1202,43984,5609
6,1440307353,49,43984,5609
10,1440307517,24529,43984,5609
1,1440323328,20635,43985,5609
3,1440323454,35540,43985,5609
5,1440323724,13960,43985,5609
6,1440323759,41,43985,5609
11,1440324510,3635,43985,5609
3,1440911427,49,43986,5609
4,1440911641,1746,43986,5609
5,1440911658,38088,43986,5609
1,1441167823,1202,43987,5609
3,1441167958,2965,43987,5609
5,1441168151,9489,43987,5609
0,1441707923,19022,43989,5609
2,1441708002,15780,43989,5609
3,1441708015,96,43989,5609
0,1442214716,41,43990,5609
1,1442214739,19022,43990,5609
3,1442214912,43,43990,5609
4,1442215028,9489,43990,5609
6,1442215166,17063,43990,5609
1,1440678413,17767,44069,5617
3,1440678534,12396,44069,5617
8,1440678634,168,44069,5617
11,1440678924,8,44069,5617
0,1440761151,3027,44072,5617
4,1440761259,10664,44072,5617
8,1440761774,4961,44072,5617
12,1440763233,5069,44072,5617
0,1441008827,5678,44073,5617
2,1441008904,1426,44073,5617
9,1441009260,3027,44073,5617
12,1441009463,20589,44073,5617
1,1441093762,10341,44074,5617
3,1441094018,3983,44074,5617
4,1441094078,43,44074,5617
3,1441181304,1304,44076,5617
10,1441182977,4729,44076,5617
15,1441183158,11797,44076,5617
0,1441368703,12903,44077,5617
1,1441368732,4996,44077,5617
2,1441368750,3020,44077,5617
3,1441368895,4729,44077,5617
0,1441728106,4996,44078,5617
2,1441728166,2574,44078,5617
3,1441728200,1432,44078,5617
0,1441800951,100,44079,5617
1,1441800954,3027,44079,5617
3,1441801001,2574,44079,5617
5,1441866078,96,44080,5617
10,1441866298,12934,44080,5617
11,1441866337,5678,44080,5617
1,1442159750,1321,44081,5617
2,1442159815,17429,44081,5617
3,1442159931,7062,44081,5617
0,1442752945,1304,44084,5617
3,1442753055,1321,44084,5617
11,1442753302,940,44084,5617
15,1442753430,17429,44084,5617
1,1442925593,7279,44087,5617
3,1442925672,3178,44087,5617
4,1442925693,1321,44087,5617
6,1442925784,5726,44087,5617
8,1442925990,5064,44087,5617
11,1442926103,17196,44087,5617
0,1443166533,1304,44090,5617
1,1443166703,5305,44090,5617
3,1443166736,3178,44090,5617
4,1443166749,1314,44090,5617
4,1443681300,8614,44096,5617
9,1443681472,7323,44096,5617
10,1443681481,17895,44096,5617
13,1443681554,3178,44096,5617
0,1441087734,5678,44121,5619
1,1441087903,10766,44121,5619
2,1441088170,14994,44121,5619
4,1441088598,17767,44121,5619
0,1442499341,1432,44122,5619
1,1442499395,5039,44122,5619
3,1442499814,17392,44122,5619
1,1442726919,93,44123,5619
2,1442726958,3027,44123,5619
3,1442726991,92,44123,5619
1,1442742957,1432,44124,5619
2,1442743396,10766,44124,5619
3,1442743421,17429,44124,5619
4,1442743466,93,44124,5619
5,1442743486,1433,44124,5619
0,1441476461,122,44196,5631
1,1441476526,132,44196,5631
3,1441476622,2587,44196,5631
0,1443118745,24834,44198,5631
1,1443118824,7668,44198,5631
2,1443118844,7177,44198,5631
3,1443119167,7690,44198,5631
4,1443119249,107,44198,5631
0,1444083142,10252,44200,5631
1,1444083187,1607,44200,5631
2,1444083303,4412,44200,5631
3,1444083420,13805,44200,5631
4,1444083535,7668,44200,5631
8,1444083782,10377,44200,5631
0,1444337675,1607,44201,5631
1,1444337710,15239,44201,5631
2,1444337882,528,44201,5631
3,1444337934,13805,44201,5631
4,1444337954,4412,44201,5631
5,1444337962,8,44201,5631
6,1444338076,431,44201,5631
7,1444338123,7668,44201,5631
8,1444338137,115,44201,5631
0,1443367434,4070,44325,5647
1,1443368096,4069,44325,5647
2,1443368152,4067,44325,5647
3,1443368511,4068,44325,5647
0,1444500051,4074,44326,5647
1,1444500121,3956,44326,5647
2,1444500133,1212,44326,5647
3,1444500324,4082,44326,5647
4,1444500372,4071,44326,5647
5,1444500476,4078,44326,5647
6,1444500919,4081,44326,5647
7,1444501158,4075,44326,5647
8,1444501208,4077,44326,5647
9,1444501423,4072,44326,5647
10,1444501617,4076,44326,5647
11,1444501691,4079,44326,5647
0,1444648754,4091,44327,5647
1,1444649264,4087,44327,5647
3,1444649399,4084,44327,5647
5,1444649476,4094,44327,5647
6,1444649549,4097,44327,5647
7,1444649714,6508,44327,5647
8,1444649716,4089,44327,5647
9,1444649823,4090,44327,5647
10,1444649832,4086,44327,5647
11,1444649908,4083,44327,5647
12,1444650015,4093,44327,5647
13,1444650026,4092,44327,5647
14,1444650206,4088,44327,5647
15,1444650280,4095,44327,5647
18,1444650643,4096,44327,5647
19,1444651404,8061,44327,5647
0,1445020868,4098,44328,5647
1,1445020870,3646,44328,5647
2,1445021504,4099,44328,5647
1,1444231908,272,44366,5652
6,1444232071,2931,44366,5652
7,1444232112,352,44366,5652
15,1444233285,9128,44366,5652
16,1444233573,8473,44366,5652
18,1444233752,3709,44366,5652
1,1444590181,2929,44367,5652
2,1444590545,2955,44367,5652
4,1444591061,352,44367,5652
5,1444591122,9128,44367,5652
5,1444761891,2951,44368,5652
6,1444761914,8381,44368,5652
7,1444761979,3704,44368,5652
9,1444762091,2931,44368,5652
10,1444762109,25365,44368,5652
15,1444762318,3703,44368,5652
16,1444762573,4866,44368,5652
2,1444763626,3709,44368,5652
5,1444764433,14,44368,5652
0,1444990697,8381,44369,5652
1,1444991405,2955,44369,5652
2,1444991495,272,44369,5652
3,1444991549,2931,44369,5652
4,1444991771,3709,44369,5652
5,1444992052,25365,44369,5652
2,1442421666,3384,44425,5661
6,1442421782,10027,44425,5661
9,1442422613,21624,44425,5661
1,1442907730,10690,44427,5661
3,1442907843,245,44427,5661
4,1442907982,3380,44427,5661
5,1442908041,12,44427,5661
0,1444580042,1050,44428,5661
1,1444580102,10685,44428,5661
3,1444580252,10690,44428,5661
0,1441946925,1432,44488,5672
2,1441947005,10657,44488,5672
3,1441947014,1330,44488,5672
0,1444091414,8613,44492,5672
2,1444091481,18027,44492,5672
7,1444091873,12217,44492,5672
0,1444694206,3828,44494,5672
4,1444694931,5100,44494,5672
8,1444696359,12983,44494,5672
0,1442560657,4410,44521,5677
2,1442560954,874,44521,5677
3,1442561136,17856,44521,5677
0,1442902931,2599,44522,5677
1,1442902934,12670,44522,5677
2,1442903039,3026,44522,5677
3,1442903048,3975,44522,5677
5,1442903732,4410,44522,5677
6,1442903827,17856,44522,5677
7,1442904021,4587,44522,5677
0,1443692548,21155,44524,5677
1,1443693214,657,44524,5677
2,1443693252,11654,44524,5677
4,1443693406,3054,44524,5677
6,1443693956,12190,44524,5677
0,1440679765,12043,44567,5682
3,1440679924,22046,44567,5682
4,1440679976,25276,44567,5682
5,1440680031,10002,44567,5682
0,1441707150,105,44569,5682
1,1441707177,9489,44569,5682
2,1441707316,3998,44569,5682
5,1441707449,2853,44569,5682
9,1441708630,19803,44569,5682
5,1442220495,22059,44570,5682
15,1442220786,24529,44570,5682
17,1442220801,3041,44570,5682
1,1442220929,5317,44570,5682
1,1442320338,4451,44587,5684
2,1442320361,1212,44587,5684
3,1442320621,25787,44587,5684
4,1442320637,9451,44587,5684
0,1442473383,2336,44588,5684
1,1442473515,1212,44588,5684
2,1442474133,4729,44588,5684
4,1442474468,16022,44588,5684
8,1442474936,12138,44588,5684
9,1442475052,9809,44588,5684
11,1442475282,9471,44588,5684
2,1445490427,19673,44590,5684
4,1445490436,7725,44590,5684
5,1445490438,1683,44590,5684
2,1445604685,1683,44591,5684
3,1445604779,16022,44591,5684
4,1445604858,494,44591,5684
5,1445605042,9471,44591,5684
0,1441334078,4455,44675,5696
1,1441335430,23192,44675,5696
2,1441335465,9809,44675,5696
0,1441405310,4455,44676,5696
1,1441405990,23192,44676,5696
2,1441406589,9809,44676,5696
1,1441851910,4455,44679,5696
2,1441852083,23192,44679,5696
3,1441852095,9809,44679,5696
4,1441852137,9803,44679,5696
0,1441931313,4455,44680,5696
1,1441931482,23192,44680,5696
2,1441931815,9809,44680,5696
3,1441932105,9804,44680,5696
4,1441932458,9803,44680,5696
5,1441932500,777,44680,5696
0,1442007114,4455,44682,5696
1,1442007173,23192,44682,5696
2,1442007340,9809,44682,5696
3,1442007458,9804,44682,5696
4,1442007466,9803,44682,5696
5,1442007477,777,44682,5696
0,1442097357,4455,44683,5696
1,1442097883,23192,44683,5696
2,1442098226,9809,44683,5696
3,1442098784,9804,44683,5696
0,1442221084,4455,44684,5696
1,1442221284,23192,44684,5696
2,1442221295,9809,44684,5696
0,1442455019,2347,44687,5696
2,1442455224,4455,44687,5696
3,1442455256,23192,44687,5696
4,1442455263,9809,44687,5696
5,1442455270,9804,44687,5696
0,1442544430,2347,44688,5696
1,1442544628,4455,44688,5696
2,1442544827,23192,44688,5696
3,1442546149,9809,44688,5696
4,1442546273,9804,44688,5696
5,1442546327,9803,44688,5696
0,1443148754,9839,44690,5696
2,1443149186,34960,44690,5696
5,1443149386,2347,44690,5696
5,1443325652,9835,44692,5696
6,1443325901,16388,44692,5696
8,1443326763,9839,44692,5696
10,1443327073,34960,44692,5696
13,1443327142,2347,44692,5696
14,1443327157,4455,44692,5696
15,1443327188,23192,44692,5696
0,1443670635,20248,44695,5696
1,1443671846,4254,44695,5696
3,1443672170,9839,44695,5696
5,1443672236,34960,44695,5696
8,1443672560,4455,44695,5696
9,1443672570,9809,44695,5696
12,1443672889,2347,44695,5696
13,1443672949,23192,44695,5696
0,1443757149,20248,44696,5696
1,1443757418,4254,44696,5696
3,1443757826,9839,44696,5696
5,1443758119,34960,44696,5696
0,1443841240,6082,44697,5696
1,1443841301,20248,44697,5696
2,1443841355,4254,44697,5696
4,1443841784,9839,44697,5696
0,1444972716,9873,44701,5696
3,1444973070,6082,44701,5696
4,1444973304,20248,44701,5696
5,1444974616,4254,44701,5696
0,1445233116,2378,44703,5696
1,1445233134,9873,44703,5696
3,1445233245,6082,44703,5696
4,1445233308,20248,44703,5696
5,1445233491,4254,44703,5696
0,1445475247,24093,44706,5696
3,1445476700,2378,44706,5696
4,1445476770,9873,44706,5696
0,1445579348,24093,44707,5696
3,1445579642,2378,44707,5696
4,1445579703,9873,44707,5696
0,1445647404,24093,44708,5696
2,1445647500,2378,44708,5696
3,1445647692,9873,44708,5696
4,1445647792,6082,44708,5696
5,1445647896,20248,44708,5696
1,1446265210,5954,44712,5696
3,1446265464,24093,44712,5696
5,1446265613,2378,44712,5696
7,1441081525,30904,44782,5707
10,1441081559,528,44782,5707
11,1441081561,5219,44782,5707
1,1441651367,2563,44783,5707
2,1441651393,1373,44783,5707
3,1441651433,25714,44783,5707
5,1441651494,779,44783,5707
6,1441651511,8840,44783,5707
0,1444057535,12091,44784,5707
1,1444057633,4732,44784,5707
4,1444057793,32896,44784,5707
5,1444057815,2860,44784,5707
6,1444057832,14802,44784,5707
7,1444057936,5786,44784,5707
8,1444057976,5770,44784,5707
0,1443540352,4067,44835,5715
1,1443540534,4070,44835,5715
2,1443541196,4069,44835,5715
3,1443541311,4068,44835,5715
0,1444672851,4074,44836,5715
1,1444673221,3956,44836,5715
2,1444673233,1212,44836,5715
3,1444673358,4075,44836,5715
4,1444673386,4073,44836,5715
5,1444673517,4076,44836,5715
6,1444673640,4080,44836,5715
7,1444673719,4081,44836,5715
8,1444674024,4082,44836,5715
9,1444674072,4071,44836,5715
10,1444674176,4078,44836,5715
11,1444674191,4079,44836,5715
0,1444821854,4091,44837,5715
1,1444821914,6508,44837,5715
2,1444821926,4092,44837,5715
4,1444822349,4097,44837,5715
5,1444822406,4088,44837,5715
8,1444822543,4096,44837,5715
9,1444822708,4083,44837,5715
10,1444822815,4093,44837,5715
11,1444822876,4094,44837,5715
12,1444822932,4086,44837,5715
13,1444823080,4095,44837,5715
14,1444823099,4084,44837,5715
16,1444823212,4085,44837,5715
19,1444823416,4089,44837,5715
0,1444823523,4090,44837,5715
1,1444824804,8061,44837,5715
0,1445193368,4098,44838,5715
1,1445193404,4099,44838,5715
2,1445193651,4100,44838,5715
3,1445194270,3646,44838,5715
1,1445438528,4102,44839,5715
2,1445438978,300,44839,5715
3,1445439057,4101,44839,5715
0,1442581732,5046,44921,5727
1,1442581742,12868,44921,5727
3,1442581767,5040,44921,5727
4,1442581791,5030,44921,5727
7,1442581866,5039,44921,5727
9,1442581938,29915,44921,5727
10,1442581959,44877,44921,5727
12,1442581991,1433,44921,5727
13,1442582005,4961,44921,5727
15,1442583540,12589,44921,5727
16,1442583550,2265,44921,5727
17,1442583591,1432,44921,5727
18,1442583630,4995,44921,5727
19,1442583707,15669,44921,5727
1,1442584504,21259,44921,5727
2,1442584511,15677,44921,5727
4,1442585013,168,44921,5727
5,1442585022,18018,44921,5727
0,1442856444,12868,44922,5727
1,1442856461,1434,44922,5727
3,1442856490,220,44922,5727
0,1443071272,1434,44923,5727
1,1443071281,15677,44923,5727
2,1443071292,12868,44923,5727
3,1443071297,1436,44923,5727
4,1443071307,220,44923,5727
0,1443160152,5008,44924,5727
1,1443160166,4957,44924,5727
2,1443160183,220,44924,5727
0,1443182791,5047,44925,5727
1,1443182882,44877,44925,5727
2,1443182890,5037,44925,5727
4,1443182932,29915,44925,5727
5,1443182950,4961,44925,5727
8,1443182998,8927,44925,5727
9,1443183004,5033,44925,5727
10,1443183067,11895,44925,5727
15,1443184506,1721,44925,5727
16,1443184510,5040,44925,5727
17,1443184529,5069,44925,5727
18,1443184534,5085,44925,5727
19,1443184552,5058,44925,5727
0,1443184562,5049,44925,5727
1,1443184586,15677,44925,5727
2,1443184595,10007,44925,5727
3,1443184606,4995,44925,5727
4,1443184622,15669,44925,5727
5,1443184646,194,44925,5727
7,1443184703,17897,44925,5727
0,1443189682,1436,44926,5727
1,1443189688,1725,44926,5727
2,1443189694,12589,44926,5727
3,1443189698,2265,44926,5727
4,1443189703,5047,44926,5727
5,1443189706,22434,44926,5727
7,1443189717,5085,44926,5727
8,1443189722,6101,44926,5727
9,1443189730,5058,44926,5727
10,1443189748,15118,44926,5727
11,1443189757,4995,44926,5727
13,1443189808,29915,44926,5727
15,1443189841,4961,44926,5727
0,1443189910,5033,44926,5727
2,1443418339,5049,44927,5727
3,1443418357,5047,44927,5727
4,1443418357,2265,44927,5727
5,1443418368,5058,44927,5727
6,1443418372,1723,44927,5727
8,1443418392,27291,44927,5727
9,1443418392,5064,44927,5727
13,1443418452,44877,44927,5727
15,1443418461,5033,44927,5727
16,1443418470,15677,44927,5727
18,1443418501,19350,44927,5727
19,1443418530,11895,44927,5727
0,1443459800,28,44929,5727
3,1443459837,5391,44929,5727
7,1443459986,17839,44929,5727
9,1443460077,1360,44929,5727
10,1443460127,3954,44929,5727
11,1443460151,93,44929,5727
12,1443460209,17429,44929,5727
14,1443460294,5068,44929,5727
16,1443460825,8481,44929,5727
17,1443460840,18935,44929,5727
1,1443516539,5030,44930,5727
2,1443516547,5058,44930,5727
3,1443516555,15118,44930,5727
5,1443516596,8606,44930,5727
6,1443516605,18935,44930,5727
10,1443516659,5033,44930,5727
12,1443516685,92,44930,5727
13,1443516698,21048,44930,5727
14,1443516719,21259,44930,5727
16,1443516741,5077,44930,5727
0,1443668598,5049,44931,5727
1,1443668634,1373,44931,5727
2,1443668642,5102,44931,5727
4,1443668676,5039,44931,5727
5,1443668709,15677,44931,5727
7,1443668761,3823,44931,5727
8,1443668824,11895,44931,5727
10,1443668915,12963,44931,5727
11,1443668934,10754,44931,5727
0,1443754771,8606,44932,5727
1,1443754776,5058,44932,5727
2,1443754794,8481,44932,5727
4,1443754875,3954,44932,5727
0,1443795281,1436,44933,5727
1,1443795291,220,44933,5727
2,1443795303,2265,44933,5727
3,1443795316,5102,44933,5727
4,1443795333,5068,44933,5727
5,1443795342,5064,44933,5727
6,1443795354,18935,44933,5727
9,1443795402,21048,44933,5727
0,1444022968,8606,44934,5727
1,1444022973,15118,44934,5727
2,1444022978,5102,44934,5727
4,1444023000,5064,44934,5727
5,1444023005,5049,44934,5727
7,1444023025,18935,44934,5727
1,1444035761,5058,44935,5727
3,1444035786,5084,44935,5727
5,1444035803,5077,44935,5727
0,1444045666,9,44936,5727
2,1444045703,19350,44936,5727
3,1444045725,92,44936,5727
6,1444046733,15118,44936,5727
7,1444046739,12589,44936,5727
10,1444046761,5049,44936,5727
11,1444046768,5068,44936,5727
12,1444046776,18935,44936,5727
16,1444046893,15677,44936,5727
18,1444046923,11895,44936,5727
19,1444046938,3822,44936,5727
0,1444051438,8481,44937,5727
4,1444051561,6004,44937,5727
5,1444051587,5104,44937,5727
9,1444051633,18932,44937,5727
10,1444051655,5047,44937,5727
12,1444051681,9,44937,5727
14,1444051694,15110,44937,5727
1,1444829838,15118,44939,5727
2,1444829895,12296,44939,5727
4,1444830015,11473,44939,5727
0,1444859027,5058,44940,5727
1,1444859036,4957,44940,5727
2,1444859053,5069,44940,5727
3,1444859060,5049,44940,5727
5,1444859082,5084,44940,5727
6,1444859087,18932,44940,5727
7,1444859095,5606,44940,5727
8,1444859103,11370,44940,5727
10,1444859139,3834,44940,5727
11,1444859149,3822,44940,5727
12,1444859156,21048,44940,5727
0,1444898759,5102,44941,5727
1,1444898769,12312,44941,5727
3,1444898885,620,44941,5727
0,1445005037,5606,44943,5727
2,1445005089,220,44943,5727
3,1445005095,11370,44943,5727
4,1445005114,12983,44943,5727
5,1445005119,15118,44943,5727
1,1445257495,24675,44944,5727
2,1445257502,6004,44944,5727
3,1445257514,5104,44944,5727
4,1445257528,8617,44944,5727
5,1445257535,17839,44944,5727
6,1445257541,3823,44944,5727
7,1445257569,3834,44944,5727
8,1445257629,12296,44944,5727
9,1445257648,11473,44944,5727
11,1445258797,5068,44944,5727
13,1445258856,620,44944,5727
14,1445258874,11459,44944,5727
0,1445588260,8617,44946,5727
1,1445588277,6004,44946,5727
2,1445588282,5084,44946,5727
4,1445588304,5053,44946,5727
5,1445588318,12296,44946,5727
6,1445588333,11459,44946,5727
1,1445618021,5064,44948,5727
2,1445618047,1321,44948,5727
3,1445618057,5104,44948,5727
4,1445618074,3834,44948,5727
5,1445618086,12963,44948,5727
6,1445618100,11473,44948,5727
7,1445618130,11459,44948,5727
9,1445618165,2008,44948,5727
11,1445618229,10055,44948,5727
12,1445618257,3843,44948,5727
13,1445618297,3936,44948,5727
1,1445960228,12971,44949,5727
2,1445960235,8618,44949,5727
3,1445960245,10756,44949,5727
7,1445960285,12296,44949,5727
1,1446466266,3834,44951,5727
2,1446466272,24675,44951,5727
3,1446466285,10756,44951,5727
5,1446466308,10763,44951,5727
6,1446466316,35176,44951,5727
7,1446466338,16388,44951,5727
9,1446466349,11473,44951,5727
10,1446468115,11370,44951,5727
2,1446486159,5084,44952,5727
3,1446486163,13445,44952,5727
4,1446486670,10763,44952,5727
5,1446487109,24675,44952,5727
6,1446487120,10764,44952,5727
7,1446487137,16388,44952,5727
8,1446487141,8563,44952,5727
9,1446487149,5606,44952,5727
10,1446487162,2008,44952,5727
11,1446487172,18936,44952,5727
12,1446487738,6881,44952,5727
18,1446487874,3828,44952,5727
0,1446487910,5020,44952,5727
6,1446489094,5064,44952,5727
9,1446490636,10064,44952,5727
0,1442766431,1304,45015,5737
11,1442766874,3213,45015,5737
12,1442766950,940,45015,5737
16,1442767071,2852,45015,5737
7,1442767245,10107,45015,5737
12,1442767382,6078,45015,5737
16,1442767576,17141,45015,5737
7,1443626704,3058,45016,5737
8,1443626729,16382,45016,5737
9,1443626743,12934,45016,5737
11,1443626819,16416,45016,5737
13,1443627215,28,45016,5737
0,1444751622,10681,45017,5737
1,1444751853,31,45017,5737
2,1444751896,3962,45017,5737
3,1444752215,1318,45017,5737
4,1444752709,5670,45017,5737
5,1444752930,4133,45017,5737
6,1444753045,1513,45017,5737
7,1444753215,6085,45017,5737
8,1444753255,16405,45017,5737
3,1445240645,7087,45018,5737
4,1445240673,1745,45018,5737
5,1445240679,16399,45018,5737
6,1445240894,4132,45018,5737
0,1445413257,4132,45019,5737
1,1445413637,5309,45019,5737
2,1445413647,3880,45019,5737
3,1445413654,9240,45019,5737
4,1445413659,4139,45019,5737
5,1445413662,3060,45019,5737
6,1445413666,3059,45019,5737
8,1445413682,31,45019,5737
9,1445413694,4133,45019,5737
11,1445413701,3962,45019,5737
12,1445413709,3056,45019,5737
13,1445413713,25,45019,5737
14,1445413716,5991,45019,5737
16,1445413728,15,45019,5737
17,1445413751,1513,45019,5737
18,1445413776,17068,45019,5737
1,1445413791,27,45019,5737
3,1445413847,6085,45019,5737
4,1445413859,16405,45019,5737
5,1445413875,28,45019,5737
0,1445549802,6085,45020,5737
2,1445550073,3021,45020,5737
3,1445550121,5756,45020,5737
4,1445550257,28,45020,5737
5,1445550333,1314,45020,5737
0,1441820063,17889,45186,5759
1,1441820074,10657,45186,5759
2,1441820161,17897,45186,5759
0,1442079420,10657,45187,5759
1,1442079543,2585,45187,5759
2,1442079591,17889,45187,5759
4,1442079673,1725,45187,5759
5,1442079720,1721,45187,5759
6,1442079771,5049,45187,5759
0,1443124084,1721,45188,5759
1,1443124112,17889,45188,5759
2,1443124142,5049,45188,5759
2,1442293869,6859,45284,5771
4,1442293875,22584,45284,5771
7,1442294161,6869,45284,5771
8,1442294542,10786,45284,5771
2,1442316421,7442,45285,5771
5,1442316491,6871,45285,5771
8,1442316842,7486,45285,5771
0,1442828664,7486,45286,5771
1,1442828735,10786,45286,5771
3,1442828779,6869,45286,5771
4,1442828975,11334,45286,5771
0,1442833379,7440,45287,5771
1,1442833384,6180,45287,5771
2,1442833435,7439,45287,5771
4,1442833450,6873,45287,5771
2,1444142538,7574,45292,5771
3,1444142541,7440,45292,5771
5,1444142546,122,45292,5771
6,1444142549,132,45292,5771
0,1441263216,1009,45468,5792
1,1441263235,29899,45468,5792
3,1441263319,2300,45468,5792
4,1441263356,3687,45468,5792
1,1441727904,18843,45470,5792
2,1441727951,29899,45470,5792
4,1441728063,14186,45470,5792
7,1441728224,7087,45470,5792
10,1441728770,3703,45470,5792
0,1442382973,1490,45475,5792
1,1442382984,3147,45475,5792
3,1442383039,1074,45475,5792
4,1442383073,5665,45475,5792
1,1442568169,1163,45476,5792
6,1442568338,1633,45476,5792
10,1442568454,3969,45476,5792
0,1442837202,3969,45478,5792
1,1442837266,36610,45478,5792
2,1442837288,25365,45478,5792
3,1440424143,11491,45554,5800
14,1440426451,32708,45554,5800
17,1440426692,3975,45554,5800
19,1440426954,1786,45554,5800
4,1441271338,23746,45556,5800
8,1441273423,11861,45556,5800
11,1441274299,5759,45556,5800
0,1442421689,1786,45557,5800
2,1442421950,3026,45557,5800
3,1442422163,32708,45557,5800
5,1442422390,12079,45557,5800
9,1442423503,8998,45557,5800
12,1442424218,5783,45557,5800
2,1442939010,9306,45558,5800
4,1442939240,1948,45558,5800
5,1442939324,7112,45558,5800
8,1442939743,3475,45558,5800
10,1442939785,3484,45558,5800
3,1444133596,5773,45559,5800
8,1444134110,4262,45559,5800
10,1444134270,5789,45559,5800
13,1444134504,9092,45559,5800
15,1444134776,7880,45559,5800
4,1444233329,10547,45560,5800
5,1444233417,9290,45560,5800
6,1444233458,17627,45560,5800
9,1444233698,11349,45560,5800
2,1444687703,5795,45561,5800
3,1444687750,9720,45561,5800
6,1444688178,11199,45561,5800
7,1444688294,10262,45561,5800
9,1444688401,7133,45561,5800
11,1444688719,7278,45561,5800
2,1443085403,1646,45603,5806
4,1443085434,1405,45603,5806
7,1443085463,14404,45603,5806
0,1443175069,165,45604,5806
1,1443175071,5405,45604,5806
2,1443175079,8,45604,5806
3,1443175094,4211,45604,5806
1,1444205108,6843,45605,5806
4,1444205227,14404,45605,5806
6,1444205247,165,45605,5806
4,1444226300,9198,45606,5806
5,1444226304,7510,45606,5806
6,1444226397,6015,45606,5806
0,1444724763,13805,45607,5806
1,1444724772,528,45607,5806
5,1444724840,7575,45607,5806
0,1444998375,20327,45609,5806
5,1444998503,2375,45609,5806
7,1444998556,7510,45609,5806
11,1444998647,4077,45609,5806
1,1445187498,14851,45610,5806
3,1445187541,6843,45610,5806
5,1445187660,14404,45610,5806
6,1445187674,165,45610,5806
10,1445187797,7337,45610,5806
15,1445187863,6015,45610,5806
16,1445187880,7510,45610,5806
1,1445246646,149,45611,5806
5,1445247465,2365,45611,5806
8,1445247667,20327,45611,5806
10,1445247706,2375,45611,5806
0,1441640476,10929,45681,5816
1,1441640542,247,45681,5816
2,1441640580,1973,45681,5816
4,1441640624,6124,45681,5816
0,1442973226,1976,45683,5816
1,1442973310,1977,45683,5816
2,1442973404,1981,45683,5816
5,1442973528,1994,45683,5816
1,1444324694,2004,45684,5816
3,1444324871,5942,45684,5816
4,1444324980,1981,45684,5816
0,1444483567,2001,45685,5816
1,1444483620,22623,45685,5816
2,1444483655,2004,45685,5816
6,1441195566,15119,45714,5819
1,1441196323,44877,45714,5819
7,1441196616,5009,45714,5819
0,1442331208,21259,45717,5819
2,1442331258,10906,45717,5819
3,1442331379,12508,45717,5819
6,1442331594,5854,45717,5819
8,1442332295,5059,45717,5819
0,1442397862,10906,45718,5819
7,1442398146,21259,45718,5819
8,1442398227,12508,45718,5819
12,1442398388,5854,45718,5819
0,1440440185,6911,45959,5845
1,1440440221,6912,45959,5845
2,1440440284,5312,45959,5845
3,1440440557,6906,45959,5845
4,1440440667,6909,45959,5845
5,1440440691,6669,45959,5845
6,1440440752,6910,45959,5845
7,1440441133,3008,45959,5845
8,1440441144,6915,45959,5845
9,1440441505,6913,45959,5845
10,1440441541,6908,45959,5845
11,1440441549,6914,45959,5845
0,1445770447,6916,45960,5845
1,1445770452,6917,45960,5845
2,1445770603,6919,45960,5845
3,1445770839,6918,45960,5845
0,1445774276,6916,45961,5845
1,1445774437,6921,45961,5845
2,1445774931,6922,45961,5845
3,1445774981,6920,45961,5845
1,1440401432,170,45970,5847
2,1440402075,3963,45970,5847
3,1440402102,2925,45970,5847
0,1440999683,10001,45972,5847
1,1440999755,2989,45972,5847
2,1440999822,170,45972,5847
0,1441692492,3030,45973,5847
1,1441692507,4996,45973,5847
2,1441692513,9,45973,5847
1,1441702859,3030,45974,5847
2,1441702921,108,45974,5847
3,1441702947,5039,45974,5847
4,1441702997,9,45974,5847
5,1441703021,4996,45974,5847
3,1440658231,7903,45999,5850
4,1440658281,3588,45999,5850
5,1440658292,11815,45999,5850
1,1441429321,8761,46000,5850
2,1441429423,7903,46000,5850
5,1441429633,13392,46000,5850
2,1442242255,19661,46001,5850
3,1442242319,653,46001,5850
4,1442242383,8761,46001,5850
5,1442242399,6271,46001,5850
0,1443611510,2349,46002,5850
1,1443611789,7649,46002,5850
3,1443611858,7120,46002,5850
4,1443611905,10252,46002,5850
0,1444640770,7133,46003,5850
1,1444640786,7130,46003,5850
2,1444640810,11200,46003,5850
4,1444640847,19627,46003,5850
5,1444640871,10262,46003,5850
8,1444641107,12466,46003,5850
0,1444814684,7690,46004,5850
1,1444814706,19627,46004,5850
2,1444814738,7133,46004,5850
3,1444814743,1607,46004,5850
5,1444814789,10261,46004,5850
6,1444814828,7127,46004,5850
0,1445162308,10860,46005,5850
1,1445162319,15255,46005,5850
3,1445162598,10262,46005,5850
5,1445162691,8368,46005,5850
8,1445163113,30025,46005,5850
10,1445163240,17627,46005,5850
0,1445248970,3628,46006,5850
1,1445248995,132,46006,5850
6,1445249142,30025,46006,5850
8,1445249287,7908,46006,5850
1,1440532448,3969,46093,5862
2,1440532454,33925,46093,5862
4,1440532629,14650,46093,5862
0,1440622756,5648,46095,5862
1,1440622766,14728,46095,5862
3,1440622823,5364,46095,5862
0,1440649580,5648,46096,5862
2,1440649971,24484,46096,5862
4,1440650027,7314,46096,5862
6,1440650256,4845,46096,5862
0,1440736591,14650,46097,5862
1,1440737082,4676,46097,5862
3,1440737136,3160,46097,5862
0,1441413135,8219,46098,5862
1,1441413152,10170,46098,5862
2,1441413180,3691,46098,5862
1,1441541391,4845,46099,5862
4,1441541576,7312,46099,5862
6,1441541754,3688,46099,5862
11,1441542045,5666,46099,5862
12,1441542060,8219,46099,5862
13,1441542247,8800,46099,5862
0,1441653273,5668,46100,5862
1,1441653294,5666,46100,5862
2,1441653313,15350,46100,5862
1,1441680559,15350,46101,5862
4,1441680817,2300,46101,5862
10,1441681374,941,46101,5862
11,1441681414,933,46101,5862
12,1441681443,5648,46101,5862
14,1441681756,5666,46101,5862
0,1441724336,5668,46102,5862
1,1441724351,15350,46102,5862
2,1441724357,5666,46102,5862
3,1441724435,8219,46102,5862
4,1441724473,10170,46102,5862
0,1441819603,8471,46105,5862
1,1441819633,36243,46105,5862
4,1441820132,8746,46105,5862
5,1441820158,10662,46105,5862
0,1443507175,14650,46113,5862
4,1443509349,7312,46113,5862
6,1443509482,7310,46113,5862
7,1443509596,8473,46113,5862
1,1443607601,2512,46115,5862
13,1443608705,34513,46115,5862
17,1443608930,14653,46115,5862
7,1443635467,3706,46116,5862
12,1443635965,8869,46116,5862
3,1443636861,2512,46116,5862
4,1443684807,34513,46118,5862
5,1443685044,7886,46118,5862
8,1443688685,4658,46118,5862
0,1443850948,8872,46122,5862
1,1443850957,22397,46122,5862
3,1443850995,12830,46122,5862
0,1441081033,15424,46143,5863
1,1441081159,43,46143,5863
3,1441081856,14603,46143,5863
0,1442548305,6620,46148,5863
1,1442548314,3924,46148,5863
3,1442548505,8104,46148,5863
5,1442549065,17845,46148,5863
7,1442549428,1368,46148,5863
3,1442895469,3486,46150,5863
4,1442895569,4358,46150,5863
6,1442896195,14393,46150,5863
9,1442898734,5351,46150,5863
0,1440146788,1139,46194,5866
3,1440146983,2999,46194,5866
4,1440147015,12393,46194,5866
1,1440340678,1304,46195,5866
2,1440341815,91,46195,5866
5,1440341989,2988,46195,5866
4,1440934259,1689,46197,5866
5,1440935164,5295,46197,5866
8,1440935445,10001,46197,5866
9,1440935522,19206,46197,5866
10,1440935543,1304,46197,5866
11,1440935634,5635,46197,5866
12,1440935764,528,46197,5866
0,1442132319,1494,46315,5880
14,1442133255,9278,46315,5880
18,1442133406,10515,46315,5880
0,1443033889,3238,46318,5880
1,1443033895,5391,46318,5880
2,1443033895,34,46318,5880
10,1443035496,10515,46318,5880
0,1443426052,2597,46320,5880
1,1443426059,14937,46320,5880
2,1443426068,1650,46320,5880
0,1442784105,18836,46331,5882
1,1442784111,6271,46331,5882
2,1442784455,26871,46331,5882
0,1442896614,2405,46332,5882
1,1442896649,6116,46332,5882
2,1442896762,1140,46332,5882
0,1444752294,2956,46334,5882
1,1444752362,12750,46334,5882
2,1444752573,10683,46334,5882
4,1444752627,5763,46334,5882
3,1443565922,8446,46403,5893
4,1443566103,1646,46403,5893
8,1443566459,3695,46403,5893
10,1443566569,8986,46403,5893
5,1445908707,15258,46405,5893
6,1445908774,162,46405,5893
7,1445909061,38954,46405,5893
4,1445998084,8446,46407,5893
7,1445998157,20877,46407,5893
9,1445998275,8984,46407,5893
10,1445998308,12831,46407,5893
0,1440714132,10455,46422,5895
2,1440714302,13718,46422,5895
11,1440715859,6075,46422,5895
2,1442459882,5628,46430,5895
3,1442459957,13971,46430,5895
4,1442460110,6897,46430,5895
5,1442460176,54,46430,5895
8,1442460256,9471,46430,5895
11,1442460376,15780,46430,5895
0,1442690271,35265,46431,5895
4,1442690836,9451,46431,5895
5,1442691035,3192,46431,5895
12,1442691291,9135,46431,5895
0,1443017667,9135,46432,5895
1,1443017900,5628,46432,5895
2,1443017927,13971,46432,5895
1,1445368968,23,46601,5917
4,1445369199,4729,46601,5917
9,1445369387,2925,46601,5917
10,1445369428,12190,46601,5917
7,1445713563,3700,46602,5917
8,1445713570,16894,46602,5917
10,1445713780,4373,46602,5917
0,1446067101,3884,46606,5917
1,1446067123,245,46606,5917
2,1446068385,5391,46606,5917
0,1442003393,1373,46616,5919
1,1442003457,2620,46616,5919
2,1442003470,3246,46616,5919
3,1442003494,3247,46616,5919
4,1442003537,9192,46616,5919
7,1442003582,9020,46616,5919
0,1442637506,8390,46618,5919
1,1442637561,9020,46618,5919
2,1442637725,5542,46618,5919
3,1442637784,13733,46618,5919
4,1442637834,9192,46618,5919
0,1443543144,13733,46619,5919
1,1443543177,1304,46619,5919
2,1443543216,5551,46619,5919
3,1443543407,7214,46619,5919
0,1444078231,7214,46620,5919
1,1444078269,3644,46620,5919
2,1444078293,3259,46620,5919
3,1444078308,20786,46620,5919
4,1444078316,13733,46620,5919
5,1444078346,3961,46620,5919
6,1444078353,3261,46620,5919
7,1444078399,25378,46620,5919
8,1444078468,476,46620,5919
0,1445402111,7214,46621,5919
1,1445402169,8390,46621,5919
2,1445402211,6025,46621,5919
3,1445402270,3254,46621,5919
4,1445402316,25378,46621,5919
5,1445402335,6166,46621,5919
7,1445402486,132,46621,5919
0,1440440353,6906,46687,5928
1,1440440485,6911,46687,5928
2,1440440521,6912,46687,5928
3,1440440649,6914,46687,5928
4,1440440691,6669,46687,5928
5,1440440745,6910,46687,5928
6,1440440967,6909,46687,5928
7,1440441133,3008,46687,5928
8,1440441144,6915,46687,5928
9,1440441213,6907,46687,5928
10,1440441484,5312,46687,5928
11,1440441505,6913,46687,5928
0,1445770303,6919,46688,5928
1,1445770447,6916,46688,5928
2,1445770846,6917,46688,5928
3,1445771739,6918,46688,5928
0,1445774137,6921,46689,5928
1,1445774276,6916,46689,5928
2,1445774981,6920,46689,5928
3,1445775231,6922,46689,5928
0,1441957194,14,46794,5943
3,1441957364,8,46794,5943
4,1441957440,39,46794,5943
0,1442905542,48,46795,5943
1,1442905610,39,46795,5943
2,1442905705,7279,46795,5943
3,1442905757,3178,46795,5943
4,1442905780,1321,46795,5943
0,1442992962,48,46796,5943
1,1442993043,8,46796,5943
2,1442993187,1321,46796,5943
0,1443086003,1308,46797,5943
2,1443086667,7279,46797,5943
3,1443086733,3178,46797,5943
4,1443087141,12830,46797,5943
5,1443087271,30,46797,5943
7,1443087449,2574,46797,5943
0,1440394615,1735,46913,5958
1,1440394669,5651,46913,5958
2,1440394971,25430,46913,5958
3,1440394997,2994,46913,5958
4,1440395050,6913,46913,5958
6,1440395220,18203,46913,5958
10,1440395928,23869,46913,5958
15,1440396425,6882,46913,5958
17,1440396494,23966,46913,5958
1,1441546782,2994,46914,5958
2,1441546828,2996,46914,5958
6,1441547524,494,46914,5958
0,1443014049,23869,46916,5958
1,1443014108,494,46916,5958
2,1443014217,49,46916,5958
3,1443014228,1202,46916,5958
4,1443014266,19022,46916,5958
0,1443163964,47,46917,5958
6,1443164781,15780,46917,5958
7,1443164910,2124,46917,5958
8,1443164924,494,46917,5958
10,1443165197,23869,46917,5958
12,1443165706,12640,46917,5958
15,1443166183,1746,46917,5958
17,1443166245,12761,46917,5958
0,1442146538,165,47030,5974
1,1442146827,10801,47030,5974
2,1442147066,6859,47030,5974
1,1443187567,33770,47031,5974
2,1443188166,11343,47031,5974
3,1443188953,17492,47031,5974
5,1443189402,10256,47031,5974
8,1443190141,15216,47031,5974
9,1443190208,18634,47031,5974
3,1444568678,164,47032,5974
4,1444568801,4416,47032,5974
5,1444568874,1001,47032,5974
9,1444569340,6859,47032,5974
10,1444570112,7440,47032,5974
0,1444663011,15225,47033,5974
1,1444663081,14213,47033,5974
2,1444663123,7308,47033,5974
3,1444663190,20944,47033,5974
0,1442571508,20937,47044,5976
4,1442572185,5859,47044,5976
5,1442572254,9305,47044,5976
6,1442572314,9274,47044,5976
0,1442835020,1373,47045,5976
1,1442835060,8342,47045,5976
2,1442835077,5986,47045,5976
3,1442835137,3147,47045,5976
4,1442835141,1212,47045,5976
7,1442835417,6039,47045,5976
8,1442835491,3229,47045,5976
9,1442835709,1547,47045,5976
1,1443092346,8986,47046,5976
2,1443092350,5547,47046,5976
3,1443092466,1373,47046,5976
4,1443092521,4451,47046,5976
5,1443092528,3872,47046,5976
8,1443092873,7880,47046,5976
10,1443093233,669,47046,5976
12,1443093379,9276,47046,5976
2,1443771181,5986,47047,5976
3,1443771190,1304,47047,5976
4,1443771218,3238,47047,5976
5,1443771222,669,47047,5976
6,1443771229,4451,47047,5976
7,1443771238,3925,47047,5976
8,1443771441,14081,47047,5976
10,1443771504,9312,47047,5976
15,1443772479,7127,47047,5976
19,1443772589,4695,47047,5976
0,1444226153,7967,47048,5976
1,1444226214,1047,47048,5976
4,1444226500,9312,47048,5976
5,1444226513,30673,47048,5976
11,1444226927,12469,47048,5976
14,1444227194,21078,47048,5976
2,1441664248,2965,47061,5977
3,1441664266,30927,47061,5977
4,1441664346,10004,47061,5977
0,1442167974,1728,47063,5977
1,1442168078,1426,47063,5977
2,1442168162,4988,47063,5977
0,1442771445,1426,47064,5977
1,1442771479,220,47064,5977
2,1442771502,4988,47064,5977
1,1444456843,12983,47065,5977
2,1444456854,5100,47065,5977
4,1444456912,17446,47065,5977
5,1444456985,4133,47065,5977
6,1444457203,18929,47065,5977
0,1441306836,105,47083,5980
1,1441306885,2965,47083,5980
3,1441306947,1003,47083,5980
9,1441307258,10657,47083,5980
10,1441307316,5651,47083,5980
12,1441307475,3980,47083,5980
13,1441307510,2596,47083,5980
15,1441307697,3966,47083,5980
17,1441307811,6271,47083,5980
18,1441307928,34,47083,5980
0,1441307998,4839,47083,5980
0,1441899595,10657,47084,5980
2,1441899986,3986,47084,5980
3,1441900015,1304,47084,5980
5,1441900078,3966,47084,5980
6,1441900317,13430,47084,5980
7,1441900411,40,47084,5980
8,1441900633,3980,47084,5980
9,1441900672,34,47084,5980
10,1441900686,19,47084,5980
11,1441900713,6271,47084,5980
12,1441900873,2596,47084,5980
13,1441900892,4130,47084,5980
14,1441900900,92,47084,5980
15,1441901300,3034,47084,5980
16,1441901522,2405,47084,5980
17,1441901566,5039,47084,5980
19,1441901710,2929,47084,5980
1,1441901964,21662,47084,5980
0,1442859576,11,47085,5980
5,1442859588,5657,47085,5980
6,1442859592,5,47085,5980
0,1443669303,2984,47086,5980
1,1443669432,3026,47086,5980
2,1443669497,1139,47086,5980
3,1443669569,8,47086,5980
4,1443669589,220,47086,5980
5,1443669632,3178,47086,5980
6,1443669692,1498,47086,5980
8,1443669858,5305,47086,5980
10,1443670025,9,47086,5980
13,1443670102,21539,47086,5980
14,1443670239,2308,47086,5980
15,1443670246,2537,47086,5980
16,1443670335,3986,47086,5980
17,1443670375,1400,47086,5980
19,1443670608,273,47086,5980
0,1443670777,1005,47086,5980
2,1443670880,1668,47086,5980
4,1443670944,13,47086,5980
5,1443671018,3432,47086,5980
6,1443671029,1306,47086,5980
7,1443671130,941,47086,5980
0,1442923685,5702,47118,5984
2,1442924034,3028,47118,5984
5,1442924256,11520,47118,5984
7,1442924319,92,47118,5984
9,1442924433,3983,47118,5984
0,1442937074,3027,47119,5984
1,1442937114,9067,47119,5984
2,1442937181,2984,47119,5984
3,1442937221,100,47119,5984
1,1445149126,21412,47123,5984
2,1445149248,11520,47123,5984
5,1445149464,4133,47123,5984
0,1446134301,3081,47126,5984
1,1446134451,4133,47126,5984
3,1446136104,4131,47126,5984
0,1446242517,20591,47127,5984
5,1446243078,3081,47127,5984
6,1446243212,21412,47127,5984
7,1446243292,4133,47127,5984
9,1446243864,4131,47127,5984
3,1446365548,3081,47128,5984
4,1446365689,4131,47128,5984
5,1446365752,246,47128,5984
6,1446365800,15,47128,5984
7,1446365887,3178,47128,5984
8,1446365996,38845,47128,5984
11,1446366764,21412,47128,5984
12,1446368414,4133,47128,5984
1,1441081074,2599,47164,5989
3,1441081312,3026,47164,5989
6,1441081480,466,47164,5989
8,1441081583,13691,47164,5989
9,1441081745,2597,47164,5989
1,1442431593,2607,47165,5989
2,1442431629,13,47165,5989
3,1442431646,6050,47165,5989
4,1442431665,8102,47165,5989
5,1442431704,13545,47165,5989
1,1442511290,3247,47166,5989
2,1442511478,2596,47166,5989
3,1442511567,7547,47166,5989
4,1442511747,3430,47166,5989
0,1442774471,3247,47167,5989
2,1442774558,429,47167,5989
3,1442774600,13256,47167,5989
0,1443464963,724,47168,5989
2,1443465103,730,47168,5989
3,1443465175,731,47168,5989
4,1443465186,1043,47168,5989
5,1443465224,2508,47168,5989
0,1443975297,3924,47169,5989
1,1443975325,2605,47169,5989
4,1443975457,2610,47169,5989
5,1443975478,2508,47169,5989
3,1444165967,1400,47171,5989
5,1444165994,1403,47171,5989
6,1444166028,1346,47171,5989
7,1444166191,14945,47171,5989
0,1444250749,1009,47172,5989
1,1444250823,2319,47172,5989
5,1444251064,1320,47172,5989
0,1440526585,6911,47189,5992
1,1440526713,6907,47189,5992
2,1440526741,6908,47189,5992
3,1440526939,6906,47189,5992
4,1440527145,6910,47189,5992
5,1440527367,6909,47189,5992
6,1440527584,5312,47189,5992
7,1440527821,6912,47189,5992
8,1440527833,3008,47189,5992
9,1440527905,6913,47189,5992
10,1440527949,6914,47189,5992
11,1440527991,6669,47189,5992
12,1440528144,6915,47189,5992
0,1445857152,6917,47190,5992
1,1445857239,6918,47190,5992
2,1445857603,6919,47190,5992
3,1445857747,6916,47190,5992
0,1445860405,6916,47191,5992
1,1445860481,6920,47191,5992
2,1445861331,6922,47191,5992
3,1445861437,6921,47191,5992
0,1442324402,22613,47265,6004
1,1442324410,4128,47265,6004
2,1442324417,1962,47265,6004
0,1442585261,528,47266,6004
2,1442586057,2984,47266,6004
6,1442586804,3642,47266,6004
9,1442587014,28302,47266,6004
0,1442645230,3213,47267,6004
3,1442646682,22613,47267,6004
5,1442646742,16458,47267,6004
12,1442649229,16382,47267,6004
0,1440670936,1163,47457,6033
2,1440671074,3457,47457,6033
4,1440671171,10777,47457,6033
0,1441084492,10170,47458,6033
1,1441084498,5405,47458,6033
5,1441084613,3710,47458,6033
3,1441951999,5687,47463,6033
5,1441952017,2308,47463,6033
6,1441952018,5379,47463,6033
7,1441952084,4469,47463,6033
8,1441952127,5381,47463,6033
10,1441952133,3695,47463,6033
12,1441952252,5689,47463,6033
13,1441952267,23309,47463,6033
14,1441952335,5668,47463,6033
17,1441952422,8786,47463,6033
0,1442207391,5385,47464,6033
1,1442207411,7335,47464,6033
2,1442207506,25365,47464,6033
6,1442207606,2928,47464,6033
0,1442298549,10703,47466,6033
1,1442298634,813,47466,6033
2,1442298646,2926,47466,6033
5,1442298680,5385,47466,6033
0,1441018712,18203,47499,6036
1,1441018746,10657,47499,6036
2,1441018762,170,47499,6036
3,1441226089,9,47500,6036
6,1441226225,91,47500,6036
8,1441226372,10341,47500,6036
1,1442978816,3028,47501,6036
2,1442978879,11520,47501,6036
3,1442978929,3953,47501,6036
3,1444077753,20897,47625,6053
4,1444077786,2213,47625,6053
7,1444077963,9004,47625,6053
2,1444315972,4281,47627,6053
6,1444317103,11090,47627,6053
7,1444317207,6385,47627,6053
8,1444317320,4285,47627,6053
2,1444574282,5553,47629,6053
12,1444577538,315,47629,6053
13,1444578228,9418,47629,6053
15,1444578399,9720,47629,6053
0,1444671949,3059,47630,6053
3,1444673012,9873,47630,6053
5,1444673100,18859,47630,6053
9,1444673716,5795,47630,6053
12,1444673862,5348,47630,6053
0,1440581010,2992,47647,6054
1,1440581021,37,47647,6054
2,1440581070,2989,47647,6054
3,1440581086,5651,47647,6054
4,1440581113,40,47647,6054
0,1441602105,2147,47649,6054
1,1441602146,3047,47649,6054
2,1441602220,2965,47649,6054
3,1441602248,41,47649,6054
0,1442127781,41,47650,6054
1,1442127795,1304,47650,6054
2,1442127806,43,47650,6054
2,1441164441,2713,47866,6081
5,1441164619,11985,47866,6081
9,1441164858,5298,47866,6081
13,1441165090,5296,47866,6081
14,1441165153,14899,47866,6081
15,1441165289,1205,47866,6081
17,1441165419,25787,47866,6081
0,1441165699,17004,47866,6081
3,1442197131,2713,47867,6081
5,1442197369,11985,47867,6081
7,1442197631,7449,47867,6081
13,1442198031,25787,47867,6081
14,1442198040,1680,47867,6081
15,1442198059,5298,47867,6081
19,1442198125,5296,47867,6081
0,1442198156,14899,47867,6081
2,1442198606,7717,47867,6081
1,1442495656,7449,47868,6081
7,1442495823,1680,47868,6081
9,1442495913,25787,47868,6081
10,1442496057,5298,47868,6081
1,1442805331,1680,47869,6081
3,1442805363,25787,47869,6081
4,1442805446,5298,47869,6081
7,1442805574,14899,47869,6081
9,1442805598,11985,47869,6081
10,1442805702,22183,47869,6081
0,1443499373,22183,47870,6081
3,1443499527,6381,47870,6081
7,1443499698,1680,47870,6081
9,1443499831,34325,47870,6081
1,1443500187,7449,47870,6081
6,1443500375,11985,47870,6081
0,1443730149,20248,47871,6081
1,1443730187,34325,47871,6081
7,1443730282,11985,47871,6081
10,1443731417,6381,47871,6081
13,1443731520,22183,47871,6081
19,1443732501,1680,47871,6081
0,1444392719,25,47872,6081
2,1444392785,20248,47872,6081
3,1444392795,26749,47872,6081
4,1444392810,9528,47872,6081
6,1444392859,34325,47872,6081
0,1444402776,20248,47873,6081
1,1444402818,34325,47873,6081
6,1444403132,11985,47873,6081
9,1444403502,1683,47873,6081
12,1444403762,25,47873,6081
14,1444403821,27763,47873,6081
15,1444403931,3203,47873,6081
16,1444404812,7725,47873,6081
0,1444627675,34325,47874,6081
5,1444627739,11985,47874,6081
6,1444627776,25,47874,6081
8,1444627805,20248,47874,6081
9,1444627832,26749,47874,6081
10,1444627843,9528,47874,6081
19,1444628103,7449,47874,6081
2,1444628142,1680,47874,6081
3,1444628452,1683,47874,6081
5,1444628654,27763,47874,6081
6,1444628680,3203,47874,6081
7,1444628701,7725,47874,6081
0,1444395268,23248,47887,6083
1,1444395272,665,47887,6083
2,1444395278,5426,47887,6083
3,1444395282,8977,47887,6083
0,1444412939,5426,47888,6083
1,1444412939,665,47888,6083
2,1444412940,23248,47888,6083
1,1444454305,3988,47889,6083
2,1444454373,546,47889,6083
4,1444454939,665,47889,6083
5,1444454939,23248,47889,6083
6,1444454949,5426,47889,6083
1,1444629167,5815,47890,6083
5,1444629193,19226,47890,6083
6,1444629196,662,47890,6083
0,1444660388,5426,47892,6083
1,1444660393,665,47892,6083
2,1444660399,23248,47892,6083
1,1441094704,464,47907,6085
3,1441094865,10934,47907,6085
4,1441094907,6129,47907,6085
5,1441094952,10938,47907,6085
0,1441166748,14568,47908,6085
1,1441166823,10921,47908,6085
4,1441167137,232,47908,6085
6,1441167238,9083,47908,6085
7,1441167241,4126,47908,6085
0,1441789950,9075,47911,6085
1,1441789994,10916,47911,6085
2,1441790036,30770,47911,6085
0,1442989411,6074,47913,6085
1,1442989446,1146,47913,6085
3,1442991244,4129,47913,6085
0,1443499559,8714,47916,6085
1,1443499606,21534,47916,6085
2,1443499708,6050,47916,6085
1,1441135260,9967,47926,6086
4,1441135332,1969,47926,6086
6,1441135355,10916,47926,6086
0,1441707751,10929,47927,6086
1,1441707831,10916,47927,6086
5,1441708188,6124,47927,6086
0,1443292503,2906,47928,6086
2,1443292571,1989,47928,6086
3,1443292634,1976,47928,6086
9,1443292879,1994,47928,6086
3,1443962657,2906,47930,6086
5,1443962680,2010,47930,6086
6,1443962737,10942,47930,6086
2,1444381698,2002,47931,6086
3,1444381735,2004,47931,6086
6,1444381818,10942,47931,6086
8,1444381847,2010,47931,6086
0,1441687919,230,47962,6091
1,1441688274,229,47962,6091
2,1441688749,228,47962,6091
0,1444056946,231,47963,6091
1,1444057060,232,47963,6091
2,1444057313,233,47963,6091
0,1444922841,235,47964,6091
1,1444923071,237,47964,6091
2,1444923455,239,47964,6091
3,1444923602,234,47964,6091
4,1444923650,236,47964,6091
5,1444924011,238,47964,6091
6,1444924052,240,47964,6091
0,1445187838,240,47965,6091
1,1445188063,24323,47965,6091
2,1445188126,241,47965,6091
3,1445188214,237,47965,6091
4,1445188898,242,47965,6091
0,1440440485,6911,48326,6142
1,1440440533,3008,48326,6142
2,1440440752,6910,48326,6142
3,1440440844,6915,48326,6142
4,1440440949,6914,48326,6142
5,1440440981,6909,48326,6142
6,1440441184,5312,48326,6142
7,1440441213,6907,48326,6142
8,1440441485,6906,48326,6142
9,1440441505,6913,48326,6142
10,1440441541,6908,48326,6142
11,1440441891,6669,48326,6142
0,1445770539,6918,48327,6142
1,1445770594,6917,48327,6142
2,1445770674,6916,48327,6142
0,1445773976,6916,48328,6142
1,1445774331,6922,48328,6142
2,1445775281,6920,48328,6142
3,1445775337,6921,48328,6142
0,1440927377,230,48332,6143
1,1440927397,13712,48332,6143
3,1440928522,24529,48332,6143
4,1440928598,3000,48332,6143
5,1440928632,14962,48332,6143
9,1440928966,172,48332,6143
10,1440929968,5651,48332,6143
0,1441096397,230,48334,6143
1,1441096418,13712,48334,6143
2,1441097612,3035,48334,6143
1,1441169782,230,48335,6143
2,1441169793,13712,48335,6143
4,1441170250,24529,48335,6143
0,1443515302,10,48336,6143
2,1443515322,12957,48336,6143
3,1443515484,56,48336,6143
6,1443515594,11519,48336,6143
0,1443986130,10,48340,6143
2,1443987162,12957,48340,6143
3,1443987180,56,48340,6143
6,1443987604,11519,48340,6143
8,1443987697,5391,48340,6143
9,1443988227,3032,48340,6143
10,1443988252,1360,48340,6143
11,1443988268,13,48340,6143
12,1443988297,4213,48340,6143
13,1443988311,15368,48340,6143
0,1444306745,12986,48341,6143
1,1444306778,10,48341,6143
2,1444306793,12957,48341,6143
0,1444749080,3059,48343,6143
2,1444749934,31,48343,6143
3,1444749951,19677,48343,6143
4,1444749979,5945,48343,6143
6,1444750131,9240,48343,6143
7,1444750154,17454,48343,6143
0,1444829273,9240,48344,6143
1,1444829290,3060,48344,6143
2,1444829326,5738,48344,6143
0,1441706460,1304,48412,6151
1,1441706515,1432,48412,6151
3,1441706614,100,48412,6151
0,1442466672,1433,48415,6151
1,1442466725,2265,48415,6151
2,1442467480,9,48415,6151
0,1444633575,3834,48416,6151
1,1444633631,2265,48416,6151
2,1444633686,4133,48416,6151
3,1444633780,220,48416,6151
0,1444737078,2265,48417,6151
1,1444737084,9,48417,6151
2,1444737134,3834,48417,6151
0,1440052595,11334,48426,6153
1,1440052635,6871,48426,6153
3,1440052767,10771,48426,6153
6,1440052995,1745,48426,6153
0,1440510717,4408,48427,6153
4,1440511763,3466,48427,6153
8,1440512545,1745,48427,6153
16,1440514692,2854,48427,6153
17,1440514974,126,48427,6153
0,1440609977,6869,48428,6153
2,1440610139,3467,48428,6153
3,1440610765,3517,48428,6153
4,1440610898,7486,48428,6153
0,1443371500,3227,48441,6155
1,1443371543,4785,48441,6155
2,1443371572,7160,48441,6155
3,1443371614,3228,48441,6155
5,1443371803,18679,48441,6155
6,1443372235,25516,48441,6155
7,1443372398,996,48441,6155
1,1444316156,11348,48443,6155
2,1444316218,13064,48443,6155
3,1444316278,5871,48443,6155
4,1444316319,5872,48443,6155
5,1444316378,4799,48443,6155
6,1444316412,5864,48443,6155
8,1444316770,5861,48443,6155
10,1444316846,17256,48443,6155
11,1444316908,992,48443,6155
12,1444316973,996,48443,6155
13,1444317561,997,48443,6155
15,1444317872,9590,48443,6155
16,1444317921,21346,48443,6155
17,1444317945,25516,48443,6155
1,1444922367,6874,48445,6155
3,1444922561,5877,48445,6155
5,1444922782,9199,48445,6155
6,1444923025,4794,48445,6155
7,1444923039,5875,48445,6155
0,1445105698,5877,48446,6155
2,1445105805,3243,48446,6155
4,1445106100,6864,48446,6155
0,1445162644,4799,48447,6155
1,1445162679,992,48447,6155
2,1445162956,5877,48447,6155
4,1445163554,2778,48447,6155
5,1445163627,5020,48447,6155
6,1445164407,3243,48447,6155
2,1441869895,1637,48521,6164
3,1441869927,24559,48521,6164
4,1441870022,4469,48521,6164
6,1441870168,3710,48521,6164
7,1441870191,5693,48521,6164
9,1441870234,3709,48521,6164
0,1442989174,20860,48522,6164
1,1442989176,1490,48522,6164
4,1442989355,8207,48522,6164
7,1442989383,3709,48522,6164
8,1442989400,24559,48522,6164
11,1442989424,8782,48522,6164
12,1442990040,7194,48522,6164
1,1444040611,17529,48523,6164
4,1444040624,14981,48523,6164
6,1444041511,23698,48523,6164
5,1442636462,9030,48542,6166
6,1442636541,2438,48542,6166
7,1442636566,19864,48542,6166
1,1442746660,2438,48544,6166
2,1442746694,23979,48544,6166
10,1442747083,3450,48544,6166
0,1442831261,23979,48545,6166
2,1442832494,2437,48545,6166
4,1442832805,19864,48545,6166
5,1442832841,13237,48545,6166
4,1443672300,3342,48549,6166
5,1443672306,23979,48549,6166
6,1443672441,9026,48549,6166
1,1444150724,3351,48551,6166
4,1444150915,33013,48551,6166
5,1444150941,3341,48551,6166
1,1445588991,1000,48601,6172
5,1445590819,28426,48601,6172
7,1445590908,4594,48601,6172
9,1445590993,7281,48601,6172
0,1445594723,11654,48602,6172
1,1445594884,7281,48602,6172
2,1445594972,4594,48602,6172
4,1445595560,5130,48602,6172
1,1445760326,6864,48603,6172
4,1445760933,31509,48603,6172
5,1445760987,4415,48603,6172
6,1445761021,21346,48603,6172
0,1440483559,1007,48687,6181
1,1440484446,2443,48687,6181
2,1440484749,13256,48687,6181
3,1440531423,21633,48688,6181
5,1440531812,10007,48688,6181
7,1440533058,1940,48688,6181
14,1440535463,3514,48688,6181
0,1441179435,523,48691,6181
1,1441179552,3427,48691,6181
3,1441180197,2441,48691,6181
0,1441365301,7766,48692,6181
1,1441365541,3423,48692,6181
4,1441366483,3422,48692,6181
5,1441367154,718,48692,6181
1,1444841084,2328,48697,6181
5,1444841892,11672,48697,6181
6,1444842263,2318,48697,6181
7,1444843315,3930,48697,6181
8,1444843680,19119,48697,6181
0,1444763441,1789,48777,6189
2,1444763662,9720,48777,6189
3,1444763689,9406,48777,6189
6,1444763804,8442,48777,6189
0,1445166566,11962,48778,6189
4,1445166705,27654,48778,6189
5,1445167422,9720,48778,6189
0,1445955597,5814,48780,6189
1,1445955699,11057,48780,6189
3,1445955864,9720,48780,6189
0,1440935171,3026,48880,6204
1,1440935279,6116,48880,6204
4,1440935579,122,48880,6204
0,1442505023,122,48882,6204
1,1442505060,3029,48882,6204
3,1442505064,2484,48882,6204
4,1442505066,15713,48882,6204
5,1442505067,19661,48882,6204
8,1442505075,3956,48882,6204
9,1442505076,8658,48882,6204
10,1442505077,8986,48882,6204
11,1442505082,27291,48882,6204
12,1442505085,7559,48882,6204
14,1442505089,17606,48882,6204
15,1442505090,7190,48882,6204
16,1442505093,2596,48882,6204
0,1444070766,8,48884,6204
1,1444070969,2607,48884,6204
2,1444071015,3975,48884,6204
3,1444071083,1646,48884,6204
5,1444071132,12078,48884,6204
7,1444071236,1009,48884,6204
8,1444071290,14589,48884,6204
2,1441419267,3023,48910,6208
4,1441419352,13247,48910,6208
5,1441419428,3983,48910,6208
0,1441944000,1304,48912,6208
1,1441944020,5083,48912,6208
2,1441944109,39,48912,6208
0,1442549637,1304,48913,6208
1,1442549713,41,48913,6208
2,1442549748,220,48913,6208
3,1442549792,9,48913,6208
4,1442549819,172,48913,6208
5,1442549849,39,48913,6208
1,1444415614,8481,48914,6208
2,1444415645,3038,48914,6208
3,1444415711,3988,48914,6208
4,1444415729,5702,48914,6208
5,1444415729,665,48914,6208
6,1444415778,3486,48914,6208
0,1445227839,31,48915,6208
1,1445227922,5309,48915,6208
3,1445228098,11122,48915,6208
4,1445228127,12986,48915,6208
8,1445228312,17454,48915,6208
11,1445228405,3224,48915,6208
13,1445228528,10681,48915,6208
14,1445228567,4133,48915,6208
15,1445228594,14221,48915,6208
16,1445228648,4132,48915,6208
17,1445228761,5100,48915,6208
0,1445404895,4132,48916,6208
1,1445404921,17454,48916,6208
2,1445404931,12986,48916,6208
3,1445404966,3486,48916,6208
4,1445405093,3038,48916,6208
0,1445833243,4130,48917,6208
1,1445833267,17454,48917,6208
2,1445833274,12986,48917,6208
0,1445864461,5309,48918,6208
1,1445864625,15,48918,6208
2,1445864639,1513,48918,6208
1,1440766553,29915,48928,6210
2,1440766569,44877,48928,6210
4,1440766690,4941,48928,6210
6,1440766816,8927,48928,6210
7,1440766855,4995,48928,6210
4,1441009883,12903,48929,6210
9,1441010218,15290,48929,6210
10,1441010270,15110,48929,6210
11,1441010286,1725,48929,6210
13,1441010314,1723,48929,6210
1,1441097382,17903,48930,6210
2,1441097512,1426,48930,6210
3,1441097886,4995,48930,6210
4,1441097920,15109,48930,6210
5,1441097938,14994,48930,6210
6,1441097969,10766,48930,6210
0,1441283451,5037,48931,6210
1,1441283504,10753,48931,6210
4,1441283979,15110,48931,6210
0,1442147784,17889,48933,6210
2,1442148629,12520,48933,6210
4,1442149024,1433,48933,6210
1,1442470333,15118,48935,6210
2,1442470350,6099,48935,6210
4,1442470447,5085,48935,6210
5,1442470483,6101,48935,6210
0,1442585724,5085,48937,6210
1,1442585742,6101,48937,6210
3,1442585926,18027,48937,6210
1,1443084868,14995,48942,6210
2,1443084946,5102,48942,6210
4,1443085078,12215,48942,6210
0,1444047404,8271,48950,6210
1,1444048645,22176,48950,6210
2,1444048702,5031,48950,6210
0,1444289723,2008,48953,6210
1,1444289918,8271,48953,6210
2,1444289963,22176,48953,6210
0,1444371944,2971,48954,6210
1,1444372108,2008,48954,6210
2,1444372212,8271,48954,6210
3,1444372270,22176,48954,6210
0,1444579963,2971,48956,6210
1,1444579982,2008,48956,6210
3,1444580018,8271,48956,6210
0,1444801956,10758,48959,6210
1,1444802146,12848,48959,6210
2,1444802448,2971,48959,6210
3,1444802497,2008,48959,6210
4,1444802513,8271,48959,6210
2,1445005857,3184,48961,6210
3,1445006265,8621,48961,6210
4,1445006387,10758,48961,6210
6,1445006470,10764,48961,6210
7,1445007085,8622,48961,6210
8,1445007245,416,48961,6210
13,1445007484,3834,48961,6210
14,1445007516,27881,48961,6210
1,1445079128,13662,48962,6210
3,1445079264,17896,48962,6210
4,1445079416,6085,48962,6210
7,1445079784,10754,48962,6210
8,1445079815,17889,48962,6210
10,1445079889,8927,48962,6210
1,1445240236,26583,48963,6210
2,1445240300,12848,48963,6210
3,1445240319,10758,48963,6210
4,1445240414,2971,48963,6210
5,1445240473,2008,48963,6210
6,1445240499,8271,48963,6210
7,1445240547,22176,48963,6210
8,1445240583,5031,48963,6210
9,1445240645,10766,48963,6210
10,1445240848,6103,48963,6210
11,1445241680,13662,48963,6210
13,1445241810,17896,48963,6210
0,1445263178,5031,48964,6210
5,1445263935,8620,48964,6210
6,1445263975,10756,48964,6210
1,1445353428,13662,48966,6210
3,1445353465,17896,48966,6210
4,1445353493,6085,48966,6210
8,1445353629,17889,48966,6210
10,1445354047,8620,48966,6210
1,1445415733,26583,48967,6210
2,1445415755,12848,48967,6210
3,1445415835,10758,48967,6210
4,1445415859,2971,48967,6210
5,1445415955,2008,48967,6210
6,1445415972,8271,48967,6210
7,1445415991,22176,48967,6210
8,1445416038,5031,48967,6210
9,1445416055,10766,48967,6210
10,1445416077,6103,48967,6210
12,1445416234,13662,48967,6210
2,1445496673,13662,48968,6210
3,1445496761,17896,48968,6210
4,1445496779,6085,48968,6210
8,1445496973,10754,48968,6210
9,1445496998,17889,48968,6210
11,1445497099,8927,48968,6210
13,1445497138,4961,48968,6210
1,1445500893,3843,48969,6210
2,1445500921,6014,48969,6210
6,1445501129,416,48969,6210
7,1445501134,8622,48969,6210
10,1445501269,17214,48969,6210
11,1445501309,5103,48969,6210
12,1445501525,8621,48969,6210
13,1445502232,17896,48969,6210
2,1445613170,13662,48970,6210
3,1445613258,17896,48970,6210
4,1445613527,6085,48970,6210
8,1445613689,10754,48970,6210
9,1445613705,17889,48970,6210
11,1445613749,8927,48970,6210
0,1445762480,206,48973,6210
4,1445762737,13662,48973,6210
5,1445762761,17896,48973,6210
6,1445762799,6085,48973,6210
10,1445762880,10754,48973,6210
11,1445762895,17889,48973,6210
12,1445762908,10753,48973,6210
14,1445762936,8927,48973,6210
0,1445841695,3843,48974,6210
1,1445841711,10758,48974,6210
2,1445841754,2971,48974,6210
3,1445841787,2008,48974,6210
4,1445841811,8271,48974,6210
5,1445841828,22176,48974,6210
6,1445841874,5031,48974,6210
7,1445841932,10766,48974,6210
2,1445961687,3843,48975,6210
3,1445961708,10758,48975,6210
4,1445961765,2971,48975,6210
5,1445961797,2008,48975,6210
6,1445961826,22176,48975,6210
7,1445961870,5031,48975,6210
8,1445961895,10766,48975,6210
0,1446016132,3843,48976,6210
1,1446016160,10758,48976,6210
2,1446016886,2971,48976,6210
3,1446016930,2008,48976,6210
5,1446016960,22176,48976,6210
6,1446016964,3081,48976,6210
7,1446016977,5031,48976,6210
8,1446016994,10766,48976,6210
9,1446017020,6103,48976,6210
10,1446017156,206,48976,6210
11,1446017269,8622,48976,6210
1,1446105233,3081,48977,6210
2,1446105254,206,48977,6210
6,1446105445,13662,48977,6210
7,1446105483,17896,48977,6210
0,1446211096,10767,48978,6210
2,1446211169,3081,48978,6210
3,1446211192,206,48978,6210
7,1446211289,13662,48978,6210
11,1446211604,10754,48978,6210
12,1446211627,17889,48978,6210
13,1446211655,10753,48978,6210
0,1446275131,10767,48979,6210
1,1446275188,10758,48979,6210
2,1446275229,2971,48979,6210
3,1446275252,2008,48979,6210
4,1446275274,22176,48979,6210
5,1446275288,5031,48979,6210
7,1446275317,6103,48979,6210
9,1446275501,3081,48979,6210
10,1446275516,206,48979,6210
1,1446454417,10767,48981,6210
3,1446454464,3081,48981,6210
4,1446454480,206,48981,6210
8,1446454630,13662,48981,6210
12,1446454757,10754,48981,6210
13,1446454790,17889,48981,6210
15,1446454943,10758,48981,6210
16,1446454955,2971,48981,6210
17,1446454970,2008,48981,6210
18,1446454986,22176,48981,6210
19,1446455000,6103,48981,6210
3,1446617026,3858,48984,6210
5,1446617079,10767,48984,6210
7,1446617160,3081,48984,6210
8,1446617196,206,48984,6210
12,1446617299,13662,48984,6210
1,1446707656,10758,48985,6210
2,1446707699,2971,48985,6210
3,1446707761,2008,48985,6210
4,1446707775,6103,48985,6210
6,1446708001,3858,48985,6210
2,1446807316,3858,48986,6210
4,1446807425,10767,48986,6210
7,1446807483,3081,48986,6210
8,1446807546,206,48986,6210
11,1446807610,13662,48986,6210
1,1440248877,10775,48994,6212
4,1440249303,13589,48994,6212
5,1440249415,1144,48994,6212
2,1440436818,7317,48995,6212
3,1440436851,13589,48995,6212
4,1440437201,1144,48995,6212
1,1442050152,165,48997,6212
2,1442050189,7449,48997,6212
3,1442050232,10786,48997,6212
6,1442305457,3476,48998,6212
7,1442305542,7442,48998,6212
8,1442305625,7449,48998,6212
9,1442305675,165,48998,6212
0,1442236500,4128,49058,6218
1,1442236581,8596,49058,6218
2,1442236625,1163,49058,6218
3,1442236756,3433,49058,6218
0,1442554469,2926,49059,6218
1,1442554756,13557,49059,6218
2,1442554877,10882,49059,6218
3,1442554892,261,49059,6218
4,1442554977,7193,49059,6218
5,1442555029,1072,49059,6218
0,1442819958,7317,49060,6218
1,1442819976,14568,49060,6218
2,1442819990,1140,49060,6218
0,1441038633,3969,49133,6228
1,1441038680,3972,49133,6228
2,1441038758,1633,49133,6228
1,1443284039,24559,49134,6228
2,1443284064,8782,49134,6228
3,1443284083,5379,49134,6228
5,1443284105,7312,49134,6228
6,1443284128,14387,49134,6228
7,1443284142,7314,49134,6228
9,1443284356,2276,49134,6228
11,1443284767,939,49134,6228
12,1443284833,1646,49134,6228
15,1443284935,4162,49134,6228
18,1443285258,5689,49134,6228
1,1443345359,1494,49135,6228
2,1443345366,5689,49135,6228
3,1443345378,2276,49135,6228
0,1444216256,3162,49136,6228
1,1444216270,31383,49136,6228
3,1444216613,23698,49136,6228
1,1444508558,31383,49137,6228
3,1444508711,23019,49137,6228
4,1444508736,23021,49137,6228
5,1444508757,15365,49137,6228
6,1444508835,2971,49137,6228
10,1444509431,5689,49137,6228
11,1444509449,2276,49137,6228
14,1444509764,30869,49137,6228
16,1444509851,11888,49137,6228
18,1444509907,939,49137,6228
19,1444509932,3972,49137,6228
0,1444509946,3956,49137,6228
1,1444509957,3160,49137,6228
2,1444509963,5379,49137,6228
0,1444564817,2971,49138,6228
1,1444564881,23019,49138,6228
2,1444564925,5689,49138,6228
3,1444564959,2276,49138,6228
1,1444801910,2276,49139,6228
2,1444802352,2971,49139,6228
4,1444803137,3162,49139,6228
5,1444803164,23019,49139,6228
7,1444803256,31383,49139,6228
8,1444803276,33361,49139,6228
10,1444803318,1316,49139,6228
11,1444803359,36610,49139,6228
12,1444803406,5819,49139,6228
14,1444803527,1320,49139,6228
19,1444803891,11823,49139,6228
0,1444803919,32196,49139,6228
3,1444803976,7310,49139,6228
6,1444804268,3969,49139,6228
7,1444804436,14399,49139,6228
0,1445101482,4484,49140,6228
1,1445101528,23317,49140,6228
2,1445101728,25812,49140,6228
0,1440651447,11569,49218,6241
6,1440653040,8909,49218,6241
12,1440653158,3234,49218,6241
14,1440653366,11838,49218,6241
17,1440653390,1547,49218,6241
1,1440653415,3626,49218,6241
3,1440653537,3232,49218,6241
0,1441041213,3248,49219,6241
1,1441041217,5518,49219,6241
2,1441041225,7536,49219,6241
10,1441042209,11258,49219,6241
17,1441042980,10741,49219,6241
6,1441043287,25525,49219,6241
14,1441043438,16856,49219,6241
2,1443074654,5882,49221,6241
4,1443074744,5539,49221,6241
5,1443074783,18685,49221,6241
13,1443075060,5549,49221,6241
16,1443075109,11936,49221,6241
19,1443075176,24546,49221,6241
0,1442933964,25276,49329,6258
1,1442934433,3026,49329,6258
2,1442934451,1773,49329,6258
4,1442934494,7905,49329,6258
5,1442934521,2336,49329,6258
1,1443714611,25276,49330,6258
2,1443714638,10090,49330,6258
4,1443714717,8986,49330,6258
1,1445179067,4075,49332,6258
2,1445179126,21107,49332,6258
3,1445179146,2265,49332,6258
6,1445179568,14945,49332,6258
7,1445179628,2860,49332,6258
8,1445179709,25276,49332,6258
9,1445179757,10163,49332,6258
0,1441860174,229,49365,6264
1,1441860649,228,49365,6264
2,1441860719,230,49365,6264
0,1444229813,233,49366,6264
1,1444230460,232,49366,6264
2,1444230646,231,49366,6264
0,1445095502,234,49367,6264
1,1445095641,235,49367,6264
2,1445095655,239,49367,6264
3,1445095850,236,49367,6264
4,1445096811,238,49367,6264
5,1445096852,240,49367,6264
0,1445360638,240,49368,6264
1,1445360863,24323,49368,6264
2,1445361098,242,49368,6264
3,1445361614,237,49368,6264
4,1445361826,241,49368,6264
0,1443214200,3227,49403,6268
1,1443214598,992,49403,6268
2,1443214822,10749,49403,6268
3,1443214850,17256,49403,6268
4,1443214882,5539,49403,6268
5,1443214917,989,49403,6268
0,1444425262,5881,49404,6268
1,1444425600,3243,49404,6268
2,1444425690,13086,49404,6268
0,1445451007,3254,49405,6268
1,1445451204,5875,49405,6268
2,1445451545,5864,49405,6268
3,1445451893,17256,49405,6268
10,1444055882,1302,49674,6307
12,1444055905,23290,49674,6307
14,1444055940,4262,49674,6307
0,1444056204,1791,49674,6307
1,1444056343,23101,49674,6307
0,1444118892,2213,49675,6307
2,1444118941,9004,49675,6307
5,1444119046,4259,49675,6307
7,1444119121,6770,49675,6307
8,1444119132,10155,49675,6307
9,1444119139,9406,49675,6307
11,1444119460,5782,49675,6307
18,1444119723,30710,49675,6307
2,1444119786,4189,49675,6307
5,1444119863,36358,49675,6307
0,1444221632,4262,49677,6307
2,1444222018,9002,49677,6307
8,1444222267,14034,49677,6307
0,1444681095,24090,49680,6307
1,1444681102,5793,49680,6307
2,1444681107,5794,49680,6307
12,1444681543,1792,49680,6307
0,1444746541,3935,49681,6307
2,1444746551,5799,49681,6307
3,1444746566,4139,49681,6307
12,1444747060,8917,49681,6307
14,1444747073,5793,49681,6307
17,1444747175,5795,49681,6307
18,1444747184,12526,49681,6307
3,1444806910,25475,49682,6307
5,1444807324,6768,49682,6307
6,1444807329,10141,49682,6307
4,1444898871,5811,49683,6307
6,1444899425,5799,49683,6307
7,1444899465,24090,49683,6307
0,1441860119,230,49776,6320
1,1441861374,229,49776,6320
2,1441861549,228,49776,6320
0,1445095550,236,49777,6320
1,1445095911,238,49777,6320
2,1445096241,235,49777,6320
3,1445096255,239,49777,6320
4,1445096552,240,49777,6320
5,1445096702,234,49777,6320
0,1445360926,241,49778,6320
1,1445361014,237,49778,6320
2,1445361463,24323,49778,6320
3,1445361838,240,49778,6320
4,1445361998,242,49778,6320
0,1440701951,5312,49829,6327
1,1440701960,2994,49829,6327
5,1440702195,5963,49829,6327
7,1440702341,24605,49829,6327
0,1441134935,2994,49830,6327
1,1441134950,34080,49830,6327
2,1441134996,3472,49830,6327
8,1441135377,1074,49830,6327
9,1441135514,779,49830,6327
1,1443210538,8446,49834,6327
4,1443211022,4189,49834,6327
5,1443211124,1301,49834,6327
0,1444941428,10728,49838,6327
1,1444941502,11962,49838,6327
2,1444941683,315,49838,6327
5,1444942398,22125,49838,6327
0,1445203415,1405,49839,6327
1,1445203421,1400,49839,6327
2,1445203572,5744,49839,6327
0,1443006026,1304,49864,6330
1,1443006062,1434,49864,6330
2,1443006101,528,49864,6330
0,1444498068,5058,49865,6330
1,1444498119,24675,49865,6330
3,1444498356,44877,49865,6330
0,1444647847,5058,49866,6330
1,1444647889,5064,49866,6330
2,1444647929,5069,49866,6330
3,1444647971,24675,49866,6330
5,1444648174,528,49866,6330
0,1443696883,15811,49921,6337
1,1443696923,3028,49921,6337
2,1443696959,3058,49921,6337
0,1443703352,3058,49922,6337
1,1443703429,3986,49922,6337
2,1443703464,3178,49922,6337
3,1443703488,273,49922,6337
4,1443703523,6050,49922,6337
5,1443704199,5305,49922,6337
6,1443704219,63,49922,6337
7,1443704321,1491,49922,6337
0,1445151321,5309,49923,6337
1,1445151441,220,49923,6337
2,1445151467,3962,49923,6337
1,1445261281,3962,49924,6337
2,1445261295,220,49924,6337
3,1445261313,5309,49924,6337
4,1445261357,4843,49924,6337
3,1441798168,11903,50103,6363
4,1441798201,11884,50103,6363
5,1441798238,1163,50103,6363
10,1441798584,8780,50103,6363
1,1443500382,11884,50104,6363
2,1443500420,1163,50104,6363
5,1443500867,5757,50104,6363
6,1443501001,494,50104,6363
7,1443501034,1311,50104,6363
0,1443669970,11903,50105,6363
1,1443670057,11881,50105,6363
2,1443670088,1311,50105,6363
3,1443670280,24487,50105,6363
4,1443670377,5757,50105,6363
5,1443670591,3702,50105,6363
7,1443670645,1140,50105,6363
8,1443670669,2416,50105,6363
0,1441655497,18522,50156,6370
12,1441657536,8596,50156,6370
19,1441657854,5295,50156,6370
1,1444737109,15225,50157,6370
2,1444737170,1196,50157,6370
3,1444737259,14213,50157,6370
13,1444738326,396,50157,6370
2,1444743235,7449,50158,6370
8,1444744111,7573,50158,6370
9,1444744316,7137,50158,6370
10,1444744346,4413,50158,6370
11,1444744481,2348,50158,6370
12,1444744585,141,50158,6370
13,1444744674,3552,50158,6370
1,1446037906,7670,50159,6370
2,1446037955,141,50159,6370
4,1446038214,3552,50159,6370
3,1441388630,3968,50181,6373
7,1441388643,261,50181,6373
10,1441388704,20390,50181,6373
11,1441388715,3969,50181,6373
0,1443804849,1320,50183,6373
1,1443804870,3972,50183,6373
2,1443804889,2347,50183,6373
3,1443804963,11881,50183,6373
4,1443805004,3704,50183,6373
5,1443805037,8,50183,6373
6,1443805063,3146,50183,6373
7,1443805215,5659,50183,6373
9,1443805266,3026,50183,6373
11,1443805351,2930,50183,6373
12,1443805418,6082,50183,6373
14,1443805489,9839,50183,6373
0,1444805150,2347,50188,6373
2,1444805281,2343,50188,6373
3,1444805312,1163,50188,6373
4,1444805384,605,50188,6373
5,1444805406,30,50188,6373
6,1444805434,9134,50188,6373
0,1441612139,2957,50246,6382
2,1441612210,12450,50246,6382
7,1441612336,3518,50246,6382
1,1441616792,12450,50247,6382
5,1441616863,3518,50247,6382
6,1441616930,132,50247,6382
7,1441616940,122,50247,6382
8,1441616958,4405,50247,6382
9,1441616969,6782,50247,6382
13,1441617279,3546,50247,6382
0,1441787095,28909,50248,6382
1,1441787106,17100,50248,6382
2,1441787139,3434,50248,6382
0,1441860174,229,50254,6383
1,1441860719,230,50254,6383
2,1441861549,228,50254,6383
0,1444230113,233,50255,6383
1,1444230460,232,50255,6383
2,1444230646,231,50255,6383
0,1445095341,235,50256,6383
1,1445095611,238,50256,6383
2,1445095850,236,50256,6383
3,1445096255,239,50256,6383
4,1445096552,240,50256,6383
5,1445096771,237,50256,6383
0,1445360638,240,50257,6383
1,1445361463,24323,50257,6383
2,1445361526,241,50257,6383
3,1445361914,237,50257,6383
0,1440060821,429,50273,6386
1,1440060829,3481,50273,6386
4,1440061135,21633,50273,6386
16,1440061802,1940,50273,6386
0,1441795437,115,50274,6386
5,1441795650,4405,50274,6386
6,1441795702,3481,50274,6386
7,1441795719,3605,50274,6386
0,1442219799,4405,50275,6386
2,1442219956,1940,50275,6386
5,1442220422,7110,50275,6386
7,1442220559,3475,50275,6386
14,1442222258,10007,50275,6386
0,1441480187,172,50398,6404
2,1441480376,13718,50398,6404
3,1441480487,1745,50398,6404
4,1441480494,43,50398,6404
0,1442041663,43,50399,6404
1,1442042028,13718,50399,6404
2,1442042073,172,50399,6404
3,1442042126,3983,50399,6404
5,1442042270,11236,50399,6404
0,1442594867,13718,50400,6404
1,1442594944,172,50400,6404
2,1442595035,43,50400,6404
0,1444585252,11520,50401,6404
1,1444585301,3028,50401,6404
3,1444585326,1513,50401,6404
4,1444585578,5,50401,6404
0,1441469889,3013,50483,6414
1,1441469941,3020,50483,6414
2,1441469953,38,50483,6414
3,1441469996,3012,50483,6414
4,1441470001,5635,50483,6414
5,1441470011,2965,50483,6414
7,1441470110,2336,50483,6414
8,1441470118,36,50483,6414
10,1441470199,18267,50483,6414
12,1441470236,3003,50483,6414
0,1441638504,10929,50484,6414
1,1441638543,1969,50484,6414
2,1441638568,10916,50484,6414
3,1441638851,6074,50484,6414
4,1441638911,1973,50484,6414
5,1441638953,6124,50484,6414
7,1441639055,9967,50484,6414
8,1441639069,1966,50484,6414
9,1441639079,6127,50484,6414
12,1441639242,10934,50484,6414
13,1441639287,233,50484,6414
15,1441639331,232,50484,6414
16,1441639448,4125,50484,6414
17,1441639476,4126,50484,6414
18,1441639770,10921,50484,6414
0,1444491900,2010,50485,6414
1,1444491924,2002,50485,6414
2,1444491969,1977,50485,6414
3,1444491988,2001,50485,6414
5,1444492025,2004,50485,6414
6,1444492042,16293,50485,6414
7,1444492050,10945,50485,6414
8,1444492064,10942,50485,6414
10,1444492098,2006,50485,6414
11,1444492133,1976,50485,6414
12,1444492153,1994,50485,6414
0,1444905392,3028,50486,6414
1,1444905415,3058,50486,6414
2,1444905432,3178,50486,6414
3,1444905441,246,50486,6414
4,1444905458,28,50486,6414
5,1444905482,9,50486,6414
6,1444905513,1513,50486,6414
7,1444905572,14646,50486,6414
8,1444905639,1080,50486,6414
9,1444905714,2004,50486,6414
0,1442232820,23750,50539,6421
1,1442232829,5786,50539,6421
2,1442232842,1767,50539,6421
0,1443706068,1079,50540,6421
1,1443706069,5786,50540,6421
2,1443706698,1789,50540,6421
0,1445352153,5783,50541,6421
2,1445352319,5807,50541,6421
3,1445352351,2860,50541,6421
4,1445352378,1400,50541,6421
1,1440421415,2239,50604,6430
2,1440421458,431,50604,6430
6,1440421748,7096,50604,6430
7,1440421911,21633,50604,6430
1,1445254004,1607,50607,6430
2,1445254053,2199,50607,6430
3,1445254082,1043,50607,6430
4,1445254103,2911,50607,6430
0,1445340029,18606,50609,6430
1,1445340071,132,50609,6430
2,1445340114,725,50609,6430
3,1445340237,7123,50609,6430
4,1445340266,7137,50609,6430
10,1442162181,2901,50686,6442
11,1442162261,2214,50686,6442
13,1442162483,33646,50686,6442
3,1443091371,3949,50687,6442
4,1443091380,12393,50687,6442
5,1443091396,2103,50687,6442
0,1443522553,14568,50690,6442
1,1443522557,1095,50690,6442
2,1443522563,4199,50690,6442
3,1443522570,20628,50690,6442
4,1443522604,3642,50690,6442
5,1443522612,2103,50690,6442
6,1443522630,16528,50690,6442
2,1444937325,13554,50697,6442
0,1444937536,8368,50697,6442
1,1444937648,836,50697,6442
13,1444938550,13583,50697,6442
0,1445168462,4139,50702,6442
1,1445168467,19,50702,6442
2,1445168471,2984,50702,6442
5,1445169157,9988,50702,6442
6,1445169398,2910,50702,6442
10,1445169905,10211,50702,6442
11,1445170003,7021,50702,6442
12,1445170343,15869,50702,6442
1,1445181707,1345,50704,6442
3,1445181727,16670,50704,6442
4,1445181744,15870,50704,6442
5,1445181747,5226,50704,6442
12,1445181925,2165,50704,6442
19,1445183120,2922,50704,6442
3,1445184753,18340,50704,6442
4,1445184778,12274,50704,6442
0,1445199337,2214,50707,6442
6,1445199380,13583,50707,6442
10,1445199405,8368,50707,6442
11,1445199449,11092,50707,6442
1,1445201626,1344,50708,6442
2,1445201639,2823,50708,6442
13,1445202034,10985,50708,6442
14,1445202082,14482,50708,6442
1,1440477526,3014,50723,6443
2,1440477531,245,50723,6443
3,1440477534,5963,50723,6443
5,1440477564,523,50723,6443
6,1440479264,7424,50723,6443
7,1440479279,1494,50723,6443
10,1440479397,20390,50723,6443
3,1440588437,245,50725,6443
6,1440588474,1633,50725,6443
7,1440588477,7424,50725,6443
8,1440588490,1494,50725,6443
10,1440588504,523,50725,6443
12,1440588531,5963,50725,6443
15,1440588561,14990,50725,6443
0,1440935715,2984,50727,6443
1,1440935727,19,50727,6443
2,1440935734,13557,50727,6443
6,1440935885,7193,50727,6443
7,1440935892,1072,50727,6443
0,1442316864,13557,50731,6443
1,1442317215,523,50731,6443
2,1442317223,2984,50731,6443
3,1442317226,19,50731,6443
4,1442317245,1745,50731,6443
1,1443386407,10882,50733,6443
2,1443386419,268,50733,6443
4,1443386481,3950,50733,6443
6,1443386539,270,50733,6443
7,1443386542,344,50733,6443
8,1443386548,7210,50733,6443
9,1443386554,7208,50733,6443
13,1443386591,36243,50733,6443
15,1443386663,1077,50733,6443
16,1443386700,279,50733,6443
0,1440245503,2563,50766,6447
2,1440245723,18836,50766,6447
6,1440245924,15713,50766,6447
9,1440246079,11811,50766,6447
12,1440246258,9587,50766,6447
0,1441201310,779,50767,6447
2,1441201404,8985,50767,6447
3,1441201483,44804,50767,6447
1,1441651250,245,50768,6447
2,1441651417,15713,50768,6447
4,1441651529,16160,50768,6447
5,1441651581,11811,50768,6447
0,1443802751,2984,50855,6459
1,1443802791,7651,50855,6459
2,1443802914,6658,50855,6459
0,1444970356,34,50856,6459
1,1444970441,12274,50856,6459
2,1444970588,20944,50856,6459
2,1445113535,7337,50857,6459
5,1445113714,11124,50857,6459
8,1445114015,11122,50857,6459
9,1445114056,20327,50857,6459
12,1445114422,24659,50857,6459
14,1445114576,8614,50857,6459
0,1441291002,1072,50902,6465
1,1441291027,12483,50902,6465
2,1441291133,23128,50902,6465
0,1442684444,8752,50906,6465
1,1442684480,3605,50906,6465
2,1442684533,3617,50906,6465
1,1442760556,3632,50907,6465
2,1442760590,3634,50907,6465
4,1442760701,10882,50907,6465
0,1442922798,9275,50909,6465
3,1442923110,2321,50909,6465
4,1442923164,141,50909,6465
0,1442008870,5540,50970,6472
1,1442008876,18381,50970,6472
3,1442008903,7248,50970,6472
5,1442008916,5351,50970,6472
1,1442558443,3661,50972,6472
4,1442558505,13545,50972,6472
5,1442558508,15870,50972,6472
7,1442558547,8102,50972,6472
8,1442559566,2214,50972,6472
0,1442568963,3661,50974,6472
2,1442569304,29168,50974,6472
3,1442569375,18522,50974,6472
6,1442569542,3546,50974,6472
0,1440440185,6911,51020,6477
1,1440440284,5312,51020,6477
2,1440440521,6912,51020,6477
3,1440440605,6913,51020,6477
4,1440440752,6910,51020,6477
5,1440440830,6906,51020,6477
6,1440440949,6914,51020,6477
7,1440441241,6908,51020,6477
8,1440441433,3008,51020,6477
9,1440441513,6907,51020,6477
10,1440441581,6909,51020,6477
11,1440441591,6669,51020,6477
0,1445770447,6916,51021,6477
1,1445770752,6917,51021,6477
2,1445771203,6919,51021,6477
0,1445774081,6920,51022,6477
1,1445774137,6921,51022,6477
2,1445775231,6922,51022,6477
0,1445171524,11672,51026,6478
1,1445171552,1897,51026,6478
2,1445171612,740,51026,6478
5,1445171698,7908,51026,6478
8,1445171819,9287,51026,6478
9,1445171867,721,51026,6478
13,1445172174,6365,51026,6478
14,1445172219,7133,51026,6478
16,1445172333,7583,51026,6478
0,1445172647,8347,51026,6478
2,1445172965,14473,51026,6478
4,1445173006,10262,51026,6478
5,1445173048,7262,51026,6478
7,1445173162,30673,51026,6478
9,1445173238,9315,51026,6478
10,1445173323,9316,51026,6478
11,1445173394,7127,51026,6478
12,1445173430,4695,51026,6478
13,1445173455,20647,51026,6478
14,1445173507,10281,51026,6478
15,1445173536,9306,51026,6478
3,1445290667,14081,51028,6478
4,1445290709,7908,51028,6478
5,1445290831,10281,51028,6478
7,1445291047,32162,51028,6478
9,1445291131,27166,51028,6478
12,1445291252,7880,51028,6478
17,1445291489,18633,51028,6478
2,1445291849,5339,51028,6478
2,1445449137,31798,51030,6478
8,1445449562,7880,51030,6478
10,1445451247,9381,51030,6478
13,1445451430,9316,51030,6478
14,1445451450,9287,51030,6478
16,1445451482,18633,51030,6478
17,1445451509,7133,51030,6478
18,1445452783,7127,51030,6478
2,1445721459,21559,51033,6478
12,1445722213,2354,51033,6478
16,1445722425,27123,51033,6478
17,1445722474,22078,51033,6478
19,1445722526,7588,51033,6478
1,1445794300,2354,51034,6478
4,1445794495,19882,51034,6478
5,1445794601,9381,51034,6478
6,1445794669,31798,51034,6478
8,1445794918,2764,51034,6478
9,1445795031,10281,51034,6478
10,1445796268,10262,51034,6478
0,1445860982,602,51035,6478
1,1445861003,2953,51035,6478
2,1445861478,5129,51035,6478
5,1445861622,12006,51035,6478
6,1445861673,539,51035,6478
2,1446389324,27668,51040,6478
3,1446389362,11672,51040,6478
6,1446389520,6357,51040,6478
9,1446389817,11201,51040,6478
12,1446389948,12473,51040,6478
13,1446390018,22078,51040,6478
0,1443453834,4070,51080,6484
1,1443454011,4068,51080,6484
2,1443454496,4069,51080,6484
3,1443454852,4067,51080,6484
0,1444586658,4075,51081,6484
1,1444586751,4074,51081,6484
2,1444586821,3956,51081,6484
3,1444586986,4073,51081,6484
4,1444587117,4076,51081,6484
5,1444587308,4077,51081,6484
6,1444587433,1212,51081,6484
7,1444587476,4078,51081,6484
8,1444587523,4072,51081,6484
9,1444587672,4071,51081,6484
10,1444587791,4079,51081,6484
11,1444587924,4082,51081,6484
12,1444588140,4080,51081,6484
13,1444588219,4081,51081,6484
0,1444735364,4087,51082,6484
1,1444735499,4084,51082,6484
2,1444735514,6508,51082,6484
3,1444735612,4085,51082,6484
4,1444735876,4094,51082,6484
6,1444736232,4086,51082,6484
7,1444736308,4083,51082,6484
8,1444736354,4091,51082,6484
9,1444736426,4092,51082,6484
10,1444736606,4088,51082,6484
11,1444736680,4095,51082,6484
13,1444736715,4093,51082,6484
14,1444736716,4089,51082,6484
17,1444736849,4097,51082,6484
19,1444737043,4096,51082,6484
0,1444737123,4090,51082,6484
1,1444737804,8061,51082,6484
0,1445106968,4098,51083,6484
1,1445107870,3646,51083,6484
2,1445108151,4100,51083,6484
0,1445351757,4101,51084,6484
2,1445352578,300,51084,6484
3,1445353078,4102,51084,6484
3,1440740212,5008,51196,6497
4,1440740267,12900,51196,6497
7,1440740296,15110,51196,6497
1,1441005068,14990,51197,6497
2,1441006353,12900,51197,6497
6,1441006608,4947,51197,6497
1,1441690859,12900,51199,6497
3,1441690971,1432,51199,6497
4,1441691063,17889,51199,6497
5,1441692719,12934,51199,6497
0,1440146096,1735,51236,6500
5,1440146616,17768,51236,6500
6,1440146643,6669,51236,6500
0,1443287564,16830,51240,6500
2,1443287672,7073,51240,6500
3,1443287698,6455,51240,6500
4,1443287824,6882,51240,6500
5,1443288055,8569,51240,6500
7,1443288190,4417,51240,6500
0,1443643409,2147,51241,6500
1,1443643559,6455,51241,6500
3,1443643684,6882,51241,6500
5,1443643978,2416,51241,6500
1,1444650195,7322,51242,6500
2,1444650263,494,51242,6500
3,1444650430,926,51242,6500
0,1440668639,15110,51273,6505
1,1440668666,4996,51273,6505
3,1440669681,168,51273,6505
4,1440669713,4947,51273,6505
5,1440669788,12868,51273,6505
6,1440670008,5069,51273,6505
8,1440670152,6128,51273,6505
0,1441792006,1723,51275,6505
2,1441792261,1426,51275,6505
4,1441792481,15110,51275,6505
5,1441792557,10754,51275,6505
0,1442478224,220,51277,6505
1,1442478307,1433,51277,6505
2,1442478371,5085,51277,6505
0,1442568408,4961,51279,6505
3,1442568854,220,51279,6505
4,1442568871,93,51279,6505
0,1440852733,1690,51329,6512
1,1440852838,3001,51329,6512
3,1440852957,6075,51329,6512
0,1440861856,1690,51330,6512
1,1440862035,101,51330,6512
2,1440862171,2853,51330,6512
2,1441431547,6124,51332,6512
3,1441431597,10766,51332,6512
5,1441431687,247,51332,6512
0,1441465766,6126,51333,6512
1,1441465885,6128,51333,6512
2,1441466009,1723,51333,6512
3,1441466070,6127,51333,6512
0,1443725176,1491,51334,6512
5,1443725646,2010,51334,6512
6,1443726037,2906,51334,6512
0,1440440485,6911,51419,6522
1,1440440533,3008,51419,6522
2,1440440584,5312,51419,6522
3,1440440605,6913,51419,6522
4,1440440839,6906,51419,6522
5,1440440967,6909,51419,6522
6,1440441121,6912,51419,6522
7,1440441213,6907,51419,6522
8,1440441541,6908,51419,6522
9,1440441549,6914,51419,6522
10,1440441744,6915,51419,6522
11,1440441891,6669,51419,6522
12,1440441945,6910,51419,6522
0,1445770374,6916,51420,6522
1,1445770546,6917,51420,6522
2,1445771203,6919,51420,6522
3,1445771439,6918,51420,6522
0,1445774331,6922,51421,6522
1,1445774381,6920,51421,6522
2,1445774437,6921,51421,6522
3,1445774905,6916,51421,6522
1,1441792350,172,51429,6524
2,1441792356,2984,51429,6524
3,1441792386,2097,51429,6524
4,1441792402,2925,51429,6524
6,1441792417,19,51429,6524
7,1441792428,4855,51429,6524
8,1441792464,3011,51429,6524
9,1441792494,12,51429,6524
10,1441792514,1308,51429,6524
11,1441792529,3982,51429,6524
12,1441792538,2991,51429,6524
0,1441865397,8344,51430,6524
4,1441865645,23202,51430,6524
8,1441866079,12006,51430,6524
5,1441867288,3333,51430,6524
6,1441867457,4090,51430,6524
0,1443103602,362,51432,6524
5,1443105635,22156,51432,6524
13,1443106986,3805,51432,6524
16,1443107122,2437,51432,6524
19,1443107661,16376,51432,6524
1,1443797443,3346,51434,6524
2,1443797599,13687,51434,6524
4,1443797735,8345,51434,6524
7,1443797864,3344,51434,6524
0,1443453711,4068,51482,6530
1,1443453952,4067,51482,6530
2,1443454734,4070,51482,6530
3,1443454796,4069,51482,6530
0,1444586576,4078,51483,6530
1,1444586686,4073,51483,6530
2,1444586821,3956,51483,6530
3,1444586833,1212,51483,6530
4,1444587117,4076,51483,6530
5,1444587191,4079,51483,6530
6,1444587240,4080,51483,6530
7,1444587308,4077,51483,6530
8,1444587523,4072,51483,6530
9,1444587558,4075,51483,6530
10,1444587651,4074,51483,6530
11,1444587924,4082,51483,6530
0,1444735408,4083,51484,6530
1,1444735514,6508,51484,6530
2,1444735815,4093,51484,6530
3,1444735876,4094,51484,6530
5,1444735949,4097,51484,6530
6,1444736126,4092,51484,6530
9,1444736223,4090,51484,6530
10,1444736232,4086,51484,6530
11,1444736354,4091,51484,6530
12,1444736380,4095,51484,6530
13,1444736399,4084,51484,6530
14,1444736512,4085,51484,6530
16,1444736743,4096,51484,6530
17,1444737016,4089,51484,6530
18,1444738404,8061,51484,6530
0,1445106968,4098,51485,6530
1,1445106987,3646,51485,6530
2,1445107251,4100,51485,6530
3,1445107304,4099,51485,6530
0,1442294746,499,51501,6533
2,1442294855,7904,51501,6533
4,1442295038,3450,51501,6533
5,1442295086,6537,51501,6533
1,1442413288,7904,51502,6533
5,1442413472,9276,51502,6533
7,1442413594,17572,51502,6533
0,1442419544,8844,51503,6533
5,1442420810,2130,51503,6533
6,1442421388,7240,51503,6533
0,1445252171,5663,51533,6538
1,1445252381,3467,51533,6538
2,1445252447,2852,51533,6538
4,1445252582,2308,51533,6538
5,1445252662,34,51533,6538
6,1445252676,4130,51533,6538
7,1445252687,19,51533,6538
8,1445252885,7087,51533,6538
9,1445252891,5984,51533,6538
11,1445252929,22278,51533,6538
0,1445332079,19,51534,6538
1,1445332083,15476,51534,6538
2,1445332087,1763,51534,6538
3,1445332092,34,51534,6538
4,1445332096,4130,51534,6538
7,1445332191,1494,51534,6538
8,1445332195,8052,51534,6538
9,1445332200,1498,51534,6538
10,1445332204,14962,51534,6538
11,1445332210,5398,51534,6538
12,1445332215,7087,51534,6538
13,1445332220,5984,51534,6538
16,1445332322,22278,51534,6538
0,1445412830,5398,51535,6538
1,1445412844,6674,51535,6538
2,1445412850,12274,51535,6538
3,1445412857,523,51535,6538
4,1445412924,245,51535,6538
6,1445412940,1139,51535,6538
7,1445412952,15476,51535,6538
8,1445412958,4139,51535,6538
9,1445412963,19,51535,6538
10,1445412968,34,51535,6538
11,1445412974,4130,51535,6538
13,1445412995,30095,51535,6538
0,1445840469,19,51536,6538
1,1445840530,2852,51536,6538
2,1445840617,30095,51536,6538
0,1440485940,7544,51721,6566
6,1440486355,33788,51721,6566
7,1440486499,5559,51721,6566
0,1443015010,11697,51724,6566
1,1443015551,2606,51724,6566
3,1443015767,11466,51724,6566
0,1443091915,2606,51725,6566
1,1443092562,2605,51725,6566
2,1443093511,11697,51725,6566
0,1442925570,8061,51879,6587
2,1442925705,27296,51879,6587
3,1442925767,5040,51879,6587
4,1442925820,5064,51879,6587
5,1442925860,5049,51879,6587
6,1442925900,5036,51879,6587
0,1443511463,168,51883,6587
1,1443511504,5069,51883,6587
5,1443511815,5104,51883,6587
0,1443529831,168,51884,6587
1,1443529845,5030,51884,6587
2,1443529901,5069,51884,6587
0,1444140195,4941,51890,6587
3,1444141660,5047,51890,6587
4,1444141672,8613,51890,6587
3,1444230814,17895,51891,6587
6,1444230860,5053,51891,6587
7,1444230869,5084,51891,6587
10,1444230905,17896,51891,6587
0,1444732166,11473,51892,6587
1,1444732246,1426,51892,6587
2,1444732263,12973,51892,6587
0,1441608409,14710,51949,6594
3,1441610464,13717,51949,6594
4,1441611161,16856,51949,6594
0,1443001058,13120,51952,6594
2,1443001534,11489,51952,6594
4,1443001686,7244,51952,6594
3,1443082516,2680,51953,6594
4,1443082911,13120,51953,6594
5,1443082922,2665,51953,6594
4,1443774659,21106,51954,6594
7,1443774853,21107,51954,6594
9,1443775260,5225,51954,6594
3,1443778541,13112,51955,6594
6,1443778764,2677,51955,6594
7,1443778779,2681,51955,6594
8,1443778823,16852,51955,6594
10,1443778851,13122,51955,6594
15,1443779237,21328,51955,6594
2,1443779463,16861,51955,6594
4,1445847977,2712,51959,6594
8,1445848288,11744,51959,6594
13,1445848872,13011,51959,6594
1,1441188415,7559,52044,6605
2,1441188626,122,52044,6605
3,1441188633,528,52044,6605
4,1441188644,5759,52044,6605
5,1441188658,11815,52044,6605
6,1441188691,132,52044,6605
0,1441275374,2599,52045,6605
1,1441275390,12075,52045,6605
2,1441275402,122,52045,6605
3,1441275443,5759,52045,6605
4,1441275446,132,52045,6605
0,1441875274,3026,52046,6605
1,1441875445,12075,52046,6605
2,1441875464,122,52046,6605
3,1441984591,11793,52047,6605
4,1441984812,3026,52047,6605
5,1441984923,7559,52047,6605
7,1441985096,14942,52047,6605
8,1441985152,2597,52047,6605
0,1441212171,3691,52089,6611
4,1441213195,7314,52089,6611
8,1441214581,32196,52089,6611
11,1441215145,4839,52089,6611
12,1441215544,5659,52089,6611
0,1441389757,8800,52090,6611
1,1441389852,4676,52090,6611
2,1441390575,3691,52090,6611
3,1441391548,13590,52090,6611
0,1441903101,8800,52091,6611
1,1441903112,4676,52091,6611
2,1441903900,5379,52091,6611
6,1441904113,165,52091,6611
0,1442249834,5687,52093,6611
1,1442249895,939,52093,6611
2,1442249976,2308,52093,6611
1,1442338685,3693,52094,6611
3,1442338878,2308,52094,6611
8,1442339391,3691,52094,6611
11,1442339762,165,52094,6611
19,1442341004,5385,52094,6611
0,1442600275,4162,52096,6611
3,1442600429,939,52096,6611
7,1442600870,5686,52096,6611
0,1443029211,7317,52097,6611
1,1443029283,2926,52097,6611
2,1443029302,27400,52097,6611
4,1443029558,165,52097,6611
5,1443030567,4676,52097,6611
6,1443030586,7314,52097,6611
0,1443424816,1140,52098,6611
1,1443424833,8800,52098,6611
2,1443424833,5405,52098,6611
3,1443424843,20206,52098,6611
4,1443424846,7504,52098,6611
5,1443424848,528,52098,6611
7,1443424878,1646,52098,6611
8,1443424882,7360,52098,6611
9,1443424883,36095,52098,6611
15,1443424921,13557,52098,6611
17,1443424925,8,52098,6611
18,1443424990,3026,52098,6611
3,1443425016,1304,52098,6611
4,1443425023,2926,52098,6611
8,1443425112,13977,52098,6611
9,1443425174,14960,52098,6611
0,1444069047,7335,52101,6611
1,1444069126,7510,52101,6611
3,1444069277,1490,52101,6611
7,1444069822,5688,52101,6611
8,1444070056,14960,52101,6611
1,1441865514,11895,52121,6614
6,1441866081,344,52121,6614
16,1441867556,10140,52121,6614
0,1443006163,8128,52122,6614
1,1443006188,1301,52122,6614
4,1443006977,4189,52122,6614
8,1443008522,16082,52122,6614
0,1443100111,16433,52123,6614
3,1443100753,1336,52123,6614
4,1443100871,9273,52123,6614
1,1443422705,7908,52124,6614
2,1443423154,9233,52124,6614
3,1443423165,16082,52124,6614
5,1443423358,10282,52124,6614
6,1443423360,8145,52124,6614
10,1443424433,27166,52124,6614
3,1440393964,25714,52172,6620
6,1440393983,6273,52172,6620
13,1440394120,2458,52172,6620
14,1440394136,11811,52172,6620
0,1442903979,12246,52173,6620
6,1442904105,1333,52173,6620
7,1442904108,4729,52173,6620
8,1442904111,11027,52173,6620
9,1442904114,6072,52173,6620
0,1443609171,18306,52175,6620
1,1443609174,2822,52175,6620
2,1443609178,2823,52175,6620
0,1443782150,13696,52176,6620
1,1443782171,15869,52176,6620
3,1443782182,2860,52176,6620
4,1443782186,3642,52176,6620
0,1441547484,3252,52190,6622
1,1441547553,14883,52190,6622
2,1441547617,11569,52190,6622
4,1441547701,14884,52190,6622
0,1442165192,3252,52191,6622
2,1442165324,9196,52191,6622
3,1442165428,14883,52191,6622
6,1442165675,1917,52191,6622
2,1442539090,11569,52192,6622
4,1442539160,9209,52192,6622
6,1442539217,3252,52192,6622
7,1442539244,9192,52192,6622
8,1442539266,14884,52192,6622
9,1442539304,14115,52192,6622
0,1443456822,9209,52193,6622
1,1443456889,863,52193,6622
4,1443457941,14884,52193,6622
5,1443458021,9196,52193,6622
0,1443667028,863,52194,6622
1,1443667445,2680,52194,6622
2,1443668003,14883,52194,6622
3,1443668284,9209,52194,6622
0,1443965320,9020,52195,6622
1,1443965395,7214,52195,6622
3,1443965446,3254,52195,6622
4,1443965470,5551,52195,6622
5,1443965538,6770,52195,6622
6,1443965591,5542,52195,6622
9,1443965757,7359,52195,6622
0,1443193769,1304,52368,6647
1,1443193909,5102,52368,6647
2,1443193951,12213,52368,6647
3,1443193979,5084,52368,6647
0,1443264523,5102,52369,6647
2,1443264600,8618,52369,6647
3,1443264631,5085,52369,6647
4,1443264684,12215,52369,6647
5,1443264803,6101,52369,6647
7,1443265068,3954,52369,6647
9,1443265157,5084,52369,6647
0,1443967853,5103,52370,6647
2,1443967898,6004,52370,6647
3,1443967968,22312,52370,6647
4,1443968002,10757,52370,6647
6,1443968051,5104,52370,6647
8,1443968097,8481,52370,6647
9,1443968182,18935,52370,6647
0,1444405948,17214,52371,6647
5,1444406210,5103,52371,6647
6,1444406244,27881,52371,6647
8,1444406372,5104,52371,6647
9,1444407274,8481,52371,6647
13,1444407449,3834,52371,6647
0,1445245064,10758,52372,6647
1,1445245082,8620,52372,6647
3,1445245158,8621,52372,6647
4,1445245212,10756,52372,6647
5,1445245244,8622,52372,6647
8,1445245497,2365,52372,6647
9,1445245871,26583,52372,6647
10,1445246228,416,52372,6647
1,1445538772,3843,52373,6647
2,1445538866,6010,52373,6647
3,1445538887,6014,52373,6647
4,1445538947,6009,52373,6647
0,1445705267,6014,52374,6647
2,1445705317,6009,52374,6647
3,1445705368,8620,52374,6647
0,1440613384,5312,52435,6655
1,1440613491,6669,52435,6655
2,1440613545,6910,52435,6655
3,1440613705,6913,52435,6655
4,1440613767,6909,52435,6655
5,1440613921,6912,52435,6655
6,1440613944,6915,52435,6655
7,1440614185,6911,52435,6655
8,1440614239,6906,52435,6655
9,1440614313,6907,52435,6655
10,1440614341,6908,52435,6655
11,1440614349,6914,52435,6655
0,1445943474,6916,52436,6655
1,1445943639,6918,52436,6655
2,1445943694,6917,52436,6655
3,1445944003,6919,52436,6655
0,1445946881,6920,52437,6655
1,1445947237,6921,52437,6655
2,1445947676,6916,52437,6655
3,1445947731,6922,52437,6655
1,1440500345,2987,52618,6683
2,1440500384,10001,52618,6683
3,1440500503,40,52618,6683
4,1440500543,37,52618,6683
0,1440998542,2989,52619,6683
2,1440998629,3030,52619,6683
3,1440998701,5635,52619,6683
4,1440998742,1304,52619,6683
5,1440998880,108,52619,6683
6,1440999069,6115,52619,6683
7,1440999134,1139,52619,6683
8,1440999388,90,52619,6683
9,1440999540,3012,52619,6683
10,1440999576,100,52619,6683
11,1440999675,9,52619,6683
0,1444915643,4133,52620,6683
1,1444915678,31,52620,6683
2,1444915693,3059,52620,6683
0,1445284730,2265,52621,6683
1,1445284801,1320,52621,6683
2,1445284830,5100,52621,6683
3,1445284861,5723,52621,6683
4,1445284924,7279,52621,6683
5,1445284944,2276,52621,6683
6,1445284962,4843,52621,6683
7,1445284974,17839,52621,6683
8,1445284995,3178,52621,6683
9,1445285025,10,52621,6683
10,1445285059,3954,52621,6683
0,1445287414,8481,52622,6683
1,1445287731,17068,52622,6683
2,1445287772,4132,52622,6683
3,1445287789,220,52622,6683
0,1445695868,3061,52623,6683
3,1445695988,11797,52623,6683
4,1445696017,14185,52623,6683
7,1445696114,3062,52623,6683
8,1445696153,5756,52623,6683
0,1440747162,1767,52727,6696
1,1440747374,8840,52727,6696
2,1440747458,27381,52727,6696
3,1443602397,5789,52730,6696
4,1443602441,1789,52730,6696
5,1443602508,9089,52730,6696
1,1444152927,11050,52732,6696
2,1444153063,18513,52732,6696
4,1444153592,1789,52732,6696
0,1440780759,17905,52765,6702
2,1440781001,15110,52765,6702
4,1440781283,4996,52765,6702
6,1440782793,4962,52765,6702
8,1440783094,9,52765,6702
0,1441908338,92,52767,6702
1,1441908504,2265,52767,6702
2,1441909200,220,52767,6702
8,1441910109,15117,52767,6702
9,1441910134,5047,52767,6702
10,1441911105,1432,52767,6702
11,1441911141,5039,52767,6702
15,1441913318,5031,52767,6702
16,1441913345,15109,52767,6702
17,1441913371,14994,52767,6702
0,1442263615,6099,52768,6702
1,1442263647,5068,52768,6702
2,1442263670,1433,52768,6702
4,1442264285,6101,52768,6702
0,1442590314,15118,52769,6702
1,1442591496,5085,52769,6702
2,1442592077,6102,52769,6702
4,1442592527,6099,52769,6702
5,1442592607,5068,52769,6702
1,1443115092,18927,52770,6702
2,1443115106,14995,52770,6702
3,1443115182,5102,52770,6702
4,1443115327,18935,52770,6702
6,1443117049,12213,52770,6702
8,1443117189,8618,52770,6702
9,1443117259,5084,52770,6702
10,1443117309,18932,52770,6702
11,1443118150,15118,52770,6702
12,1443118301,14989,52770,6702
1,1443720101,22312,52771,6702
3,1443721408,18025,52771,6702
6,1443722041,5104,52771,6702
7,1443722194,5086,52771,6702
8,1443723118,8481,52771,6702
2,1444165002,3834,52772,6702
5,1444165137,5103,52772,6702
7,1444165223,6004,52772,6702
0,1444940788,26583,52773,6702
2,1444940964,8621,52773,6702
3,1444941054,10764,52773,6702
5,1444941113,10758,52773,6702
10,1444943305,416,52773,6702
1,1445802048,10763,52775,6702
3,1445802170,3843,52775,6702
4,1445802199,13445,52775,6702
5,1445802336,6014,52775,6702
6,1445802379,6009,52775,6702
7,1445803945,6010,52775,6702
0,1442034562,3956,52812,6707
1,1442034579,4405,52812,6707
2,1442034606,130,52812,6707
3,1442034616,5269,52812,6707
4,1442034650,3433,52812,6707
7,1442034807,3466,52812,6707
8,1442034867,7559,52812,6707
9,1442034933,7668,52812,6707
10,1442034978,4672,52812,6707
13,1442035096,10771,52812,6707
16,1442035435,18835,52812,6707
1,1442037283,165,52812,6707
2,1442037347,23,52812,6707
0,1442224643,130,52813,6707
1,1442224651,3956,52813,6707
3,1442224667,17606,52813,6707
0,1442345051,3956,52814,6707
2,1442345131,3466,52814,6707
8,1442345767,4853,52814,6707
0,1442506111,8207,52815,6707
1,1442506122,7486,52815,6707
3,1442506194,3956,52815,6707
5,1442506332,4482,52815,6707
0,1441353017,5651,52909,6721
1,1441353069,172,52909,6721
2,1441353189,12935,52909,6721
0,1442166491,11,52912,6721
1,1442166505,5685,52912,6721
2,1442166514,93,52912,6721
3,1442166526,3053,52912,6721
4,1442166539,11236,52912,6721
5,1442166548,2852,52912,6721
7,1442166565,940,52912,6721
13,1442166597,3640,52912,6721
15,1442166601,7062,52912,6721
16,1442166607,17429,52912,6721
0,1442553008,93,52913,6721
3,1442553261,7073,52913,6721
5,1442553639,17429,52913,6721
0,1442834515,11520,52916,6721
1,1442834625,9726,52916,6721
2,1442834939,11,52916,6721
0,1442837438,3027,52917,6721
1,1442837467,1304,52917,6721
2,1442837498,5304,52917,6721
3,1442837513,3029,52917,6721
1,1444329558,5306,52918,6721
2,1444329562,1513,52918,6721
3,1444329609,5304,52918,6721
4,1444329619,3032,52918,6721
5,1444329622,10,52918,6721
6,1444329653,19677,52918,6721
0,1444904166,10,52920,6721
1,1444904215,3178,52920,6721
2,1444904230,9489,52920,6721
3,1444904252,7279,52920,6721
4,1444904267,1513,52920,6721
5,1444904334,16955,52920,6721
6,1444904337,1314,52920,6721
9,1444904346,12837,52920,6721
13,1444904366,2850,52920,6721
14,1444904369,1498,52920,6721
17,1444904376,1360,52920,6721
18,1444904379,8052,52920,6721
19,1444904382,34,52920,6721
0,1444904384,3721,52920,6721
1,1444904387,19531,52920,6721
3,1444904393,5991,52920,6721
1,1445262068,6553,52922,6721
3,1445262146,12990,52922,6721
5,1445262343,17454,52922,6721
3,1441968647,4841,52942,6724
4,1441968765,3148,52942,6724
6,1441968880,10142,52942,6724
7,1441969352,8596,52942,6724
0,1442218181,16458,52943,6724
1,1442218198,3432,52943,6724
2,1442218228,18790,52943,6724
3,1442218279,32829,52943,6724
0,1442291684,10882,52944,6724
1,1442291731,2982,52944,6724
2,1442291901,7,52944,6724
3,1442292146,1640,52944,6724
0,1442327627,3432,52945,6724
1,1442327651,18790,52945,6724
2,1442327763,32829,52945,6724
0,1442469124,5602,52946,6724
3,1442469744,941,52946,6724
4,1442470004,14971,52946,6724
5,1442470331,16458,52946,6724
6,1442470375,3432,52946,6724
7,1442470408,32829,52946,6724
1,1442729409,6076,52948,6724
2,1442730431,8378,52948,6724
3,1442730511,16458,52948,6724
4,1442730555,3432,52948,6724
5,1442730589,18790,52948,6724
6,1442730846,32829,52948,6724
0,1442834997,16458,52949,6724
1,1442835192,3432,52949,6724
2,1442835218,18790,52949,6724
3,1442835236,32829,52949,6724
0,1442897089,48,52950,6724
2,1442897158,1491,52950,6724
4,1442898066,35313,52950,6724
5,1442898090,16458,52950,6724
6,1442898171,3432,52950,6724
7,1442898209,18790,52950,6724
8,1442898230,32829,52950,6724
0,1442935431,8596,52951,6724
1,1442935451,941,52951,6724
3,1442935743,35313,52951,6724
1,1442991942,16458,52952,6724
2,1442991976,3432,52952,6724
3,1442993574,18790,52952,6724
0,1443086143,16458,52953,6724
1,1443086182,3432,52953,6724
2,1443086206,18790,52953,6724
5,1443086802,272,52953,6724
6,1443086848,4841,52953,6724
8,1443087344,15917,52953,6724
0,1443165170,16458,52954,6724
1,1443165186,3432,52954,6724
2,1443165221,18790,52954,6724
3,1443165783,32829,52954,6724
6,1443165922,1668,52954,6724
7,1443165945,8491,52954,6724
8,1443165971,12830,52954,6724
10,1443166066,3148,52954,6724
0,1443272730,16458,52955,6724
1,1443272759,3432,52955,6724
2,1443272800,18790,52955,6724
3,1443272833,32829,52955,6724
6,1443273242,19350,52955,6724
7,1443273270,10,52955,6724
0,1443367262,16458,52956,6724
1,1443367682,3432,52956,6724
2,1443367728,18790,52956,6724
3,1443367806,32829,52956,6724
6,1443369595,1668,52956,6724
0,1443415662,16458,52957,6724
1,1443415683,3432,52957,6724
2,1443415735,2982,52957,6724
0,1443508405,25489,52959,6724
1,1443508454,16458,52959,6724
2,1443508512,1316,52959,6724
4,1443508636,5790,52959,6724
5,1443508658,10888,52959,6724
0,1443646076,25489,52960,6724
1,1443646091,16458,52960,6724
2,1443646113,3432,52960,6724
3,1443646122,18790,52960,6724
7,1443646440,5712,52960,6724
0,1443685462,657,52961,6724
2,1443685629,25489,52961,6724
3,1443685661,16458,52961,6724
4,1443685675,3432,52961,6724
5,1443685710,18790,52961,6724
1,1443769733,6076,52962,6724
2,1443769772,25489,52962,6724
3,1443769789,16458,52962,6724
4,1443769812,3432,52962,6724
5,1443769840,18790,52962,6724
0,1444246607,20897,52963,6724
1,1444246748,25489,52963,6724
2,1444246776,3162,52963,6724
5,1444247086,272,52963,6724
6,1444248410,5723,52963,6724
7,1444248448,23090,52963,6724
0,1444645643,10888,52965,6724
1,1444645744,20897,52965,6724
2,1444646181,25489,52965,6724
3,1444646337,16458,52965,6724
4,1444646349,18790,52965,6724
0,1444648284,25489,52966,6724
1,1444648326,16458,52966,6724
2,1444648829,18790,52966,6724
4,1444649895,20897,52966,6724
1,1444923802,5738,52967,6724
2,1444925119,657,52967,6724
3,1444925182,5465,52967,6724
5,1444925280,322,52967,6724
1,1445344809,25489,52970,6724
2,1445344849,16458,52970,6724
5,1445344908,3162,52970,6724
1,1445517968,25489,52971,6724
2,1445517977,16458,52971,6724
3,1445517987,18790,52971,6724
8,1445518668,19677,52971,6724
1,1445609192,25489,52972,6724
2,1445609237,16458,52972,6724
3,1445609259,18790,52972,6724
0,1440765377,170,52997,6726
1,1440765415,2989,52997,6726
3,1440765486,2999,52997,6726
6,1440765581,3041,52997,6726
1,1441108390,63,52998,6726
3,1441108426,3041,52998,6726
7,1441108541,1427,52998,6726
8,1441108853,12908,52998,6726
9,1441108869,12909,52998,6726
10,1441108875,12920,52998,6726
0,1441289993,14,52999,6726
1,1441290026,3020,52999,6726
2,1441290047,2988,52999,6726
3,1441290070,3021,52999,6726
4,1441290101,2999,52999,6726
2,1441756307,4996,53140,6746
3,1441756363,9,53140,6746
5,1441756537,5306,53140,6746
6,1441756578,91,53140,6746
7,1441756623,1139,53140,6746
0,1442562076,19,53141,6746
1,1442562088,91,53141,6746
2,1442562201,4130,53141,6746
3,1442562208,100,53141,6746
0,1442590423,19,53142,6746
3,1442590724,91,53142,6746
4,1442590733,4130,53142,6746
7,1442590920,100,53142,6746
8,1442590973,1304,53142,6746
11,1442591090,9,53142,6746
12,1442591095,50,53142,6746
13,1442591112,8,53142,6746
14,1442591121,1745,53142,6746
16,1442591265,4841,53142,6746
0,1442815679,8,53143,6746
1,1442815724,1304,53143,6746
2,1442815733,50,53143,6746
3,1442815755,93,53143,6746
0,1443971901,48,53144,6746
2,1443972259,7279,53144,6746
3,1443972339,17839,53144,6746
4,1443972373,7,53144,6746
5,1443972423,34,53144,6746
6,1443972468,1745,53144,6746
7,1443972478,1304,53144,6746
9,1443972611,5068,53144,6746
10,1443972691,107,53144,6746
3,1442170192,16830,53208,6755
4,1442170295,23869,53208,6755
5,1442170438,3635,53208,6755
6,1442170472,6881,53208,6755
7,1442170539,1737,53208,6755
2,1442263477,1205,53209,6755
4,1442263699,16830,53209,6755
5,1442263840,1353,53209,6755
8,1442264159,12138,53209,6755
9,1442264210,9519,53209,6755
0,1442937036,23869,53210,6755
1,1442937146,2130,53210,6755
2,1442937378,7724,53210,6755
0,1443612161,494,53211,6755
1,1443612572,6881,53211,6755
2,1443612598,15780,53211,6755
3,1443612620,3191,53211,6755
5,1443612724,9471,53211,6755
0,1440440185,6911,53233,6758
1,1440440313,6907,53233,6758
2,1440440341,6908,53233,6758
3,1440440353,6906,53233,6758
4,1440440521,6912,53233,6758
5,1440440605,6913,53233,6758
6,1440440752,6910,53233,6758
7,1440440967,6909,53233,6758
8,1440441133,3008,53233,6758
9,1440441144,6915,53233,6758
10,1440441484,5312,53233,6758
11,1440441549,6914,53233,6758
12,1440441591,6669,53233,6758
0,1445770452,6917,53234,6758
1,1445770603,6919,53234,6758
2,1445770747,6916,53234,6758
3,1445770839,6918,53234,6758
0,1445774031,6922,53235,6758
1,1445774381,6920,53235,6758
2,1445774905,6916,53235,6758
3,1445775037,6921,53235,6758
1,1441113573,2986,53338,6769
2,1441113833,2990,53338,6769
3,1441113858,185,53338,6769
0,1442813741,5,53340,6769
1,1442813778,10002,53340,6769
2,1442813798,1304,53340,6769
3,1442813861,941,53340,6769
0,1443723285,1304,53341,6769
1,1443723299,365,53341,6769
2,1443723399,2574,53341,6769
3,1443723484,2537,53341,6769
4,1443723520,10,53341,6769
5,1443724195,22397,53341,6769
0,1443987596,2929,53342,6769
1,1443987625,5304,53342,6769
2,1443987707,92,53342,6769
3,1443987806,7324,53342,6769
0,1442861046,6859,53376,6773
1,1442861103,3026,53376,6773
2,1442861122,6869,53376,6773
0,1444200926,15225,53378,6773
3,1444201003,11118,53378,6773
4,1444201005,657,53378,6773
5,1444201011,396,53378,6773
6,1444201018,1196,53378,6773
0,1444479409,3473,53379,6773
1,1444479416,3467,53379,6773
2,1444479418,3482,53379,6773
0,1443367252,4067,53415,6778
1,1443367434,4070,53415,6778
2,1443368096,4069,53415,6778
3,1443368511,4068,53415,6778
0,1444500008,4077,53416,6778
1,1444500133,1212,53416,6778
2,1444500351,4074,53416,6778
3,1444500372,4071,53416,6778
4,1444500476,4078,53416,6778
5,1444500540,4080,53416,6778
6,1444500624,4082,53416,6778
7,1444501123,4072,53416,6778
8,1444501321,3956,53416,6778
9,1444501391,4079,53416,6778
10,1444501458,4075,53416,6778
11,1444501519,4081,53416,6778
0,1444648932,4086,53417,6778
1,1444649008,4083,53417,6778
2,1444649054,4091,53417,6778
3,1444649099,4084,53417,6778
4,1444649176,4094,53417,6778
5,1444649306,4088,53417,6778
7,1444649512,4085,53417,6778
9,1444649549,4097,53417,6778
10,1444649980,4095,53417,6778
11,1444650014,6508,53417,6778
12,1444650026,4092,53417,6778
14,1444650315,4093,53417,6778
16,1444650316,4089,53417,6778
18,1444650626,4096,53417,6778
19,1444650656,4090,53417,6778
0,1445020568,4098,53418,6778
1,1445021451,4100,53418,6778
2,1445021504,4099,53418,6778
3,1445021787,3646,53418,6778
0,1445265578,300,53419,6778
1,1445266257,4101,53419,6778
3,1445266378,4102,53419,6778
0,1441046526,5851,53440,6782
1,1441046541,9204,53440,6782
2,1441046556,6536,53440,6782
3,1441046558,5859,53440,6782
0,1441690796,6536,53441,6782
1,1441690799,5851,53441,6782
2,1441690809,9204,53441,6782
4,1441690819,5855,53441,6782
6,1441690825,10744,53441,6782
0,1444133776,7575,53442,6782
1,1444133783,3244,53442,6782
2,1444133793,993,53442,6782
3,1444133796,5859,53442,6782
4,1444133801,7160,53442,6782
1,1440783260,874,53616,6806
6,1440783578,3526,53616,6806
7,1440783592,4405,53616,6806
8,1440783695,9640,53616,6806
2,1440934222,10007,53617,6806
8,1440935589,4405,53617,6806
9,1440936178,3605,53617,6806
13,1440936682,1940,53617,6806
0,1441271298,2458,53622,6806
1,1441271365,4408,53622,6806
3,1441271423,10007,53622,6806
0,1441389260,17606,53623,6806
1,1441389325,7635,53623,6806
4,1441389515,8098,53623,6806
0,1441792738,3026,53624,6806
2,1441792939,8121,53624,6806
3,1441793057,10798,53624,6806
0,1441868974,429,53626,6806
1,1441868980,7668,53626,6806
2,1441869385,1940,53626,6806
1,1442389678,2458,53629,6806
2,1442389715,16588,53629,6806
4,1442389832,21785,53629,6806
6,1442390001,4407,53629,6806
12,1442390235,19674,53629,6806
15,1442390526,3475,53629,6806
0,1442747977,16592,53630,6806
1,1442747995,1759,53630,6806
3,1442748019,3484,53630,6806
4,1442748082,21785,53630,6806
5,1442748127,7112,53630,6806
0,1442814429,16592,53631,6806
2,1442814490,7121,53631,6806
3,1442814544,3484,53631,6806
5,1442814598,21785,53631,6806
0,1442833379,16592,53632,6806
2,1442833472,7121,53632,6806
3,1442833618,3484,53632,6806
6,1442833740,11190,53632,6806
7,1442833941,2587,53632,6806
1,1442306861,3026,53651,6808
3,1442306922,3041,53651,6808
4,1442307041,13256,53651,6808
6,1442307118,5437,53651,6808
8,1442307223,6574,53651,6808
0,1442809817,1646,53652,6808
1,1442809892,1140,53652,6808
2,1442809908,3708,53652,6808
3,1442809937,7314,53652,6808
0,1443292151,1646,53654,6808
2,1443292222,3700,53654,6808
3,1443292257,4853,53654,6808
0,1442803321,1962,53747,6822
2,1442803369,22620,53747,6822
3,1442803390,1304,53747,6822
5,1442803491,243,53747,6822
0,1442944778,14393,53748,6822
1,1442944843,7619,53748,6822
2,1442944889,12837,53748,6822
0,1442947737,22620,53749,6822
2,1442948184,1976,53749,6822
5,1442948921,9900,53749,6822
0,1443069606,528,53751,6822
1,1443069638,1304,53751,6822
2,1443069648,6074,53751,6822
1,1443503488,9900,53752,6822
2,1443503498,8990,53752,6822
3,1443503532,20628,53752,6822
0,1443585993,15823,53754,6822
1,1443586014,4199,53754,6822
2,1443586025,12295,53754,6822
0,1444202288,20897,53755,6822
1,1444202299,15823,53755,6822
2,1444202319,37521,53755,6822
0,1444268677,2638,53756,6822
1,1444268695,9900,53756,6822
3,1444268728,18902,53756,6822
4,1444268771,4129,53756,6822
5,1444268838,243,53756,6822
6,1444268864,9067,53756,6822
8,1444268984,4732,53756,6822
9,1444269022,15916,53756,6822
10,1444269079,1491,53756,6822
11,1444269186,8990,53756,6822
12,1444269203,20628,53756,6822
13,1444269250,12583,53756,6822
14,1444269304,11728,53756,6822
15,1444269317,4199,53756,6822
16,1444269365,16955,53756,6822
17,1444269474,125,53756,6822
18,1444269516,5543,53756,6822
4,1440484396,10996,53831,6832
11,1440484575,3230,53831,6832
16,1440484739,6541,53831,6832
1,1442212266,9590,53833,6832
4,1442212332,3227,53833,6832
5,1442212350,3239,53833,6832
0,1443775995,5881,53836,6832
1,1443776002,11348,53836,6832
5,1443776115,4789,53836,6832
6,1443776129,5862,53836,6832
0,1440043485,13392,53890,6840
3,1440043517,13247,53890,6840
8,1440043646,3466,53890,6840
0,1440130622,8966,53891,6840
1,1440130623,19661,53891,6840
4,1440130844,19141,53891,6840
7,1440131065,7150,53891,6840
1,1440649733,3022,53892,6840
2,1440649738,22321,53892,6840
3,1440649739,33187,53892,6840
4,1440649747,33788,53892,6840
6,1440649798,528,53892,6840
7,1442398582,8339,53895,6840
8,1442398663,7539,53895,6840
9,1442398670,2448,53895,6840
6,1442812139,15718,53897,6840
7,1442812140,7649,53897,6840
10,1442812174,2813,53897,6840
11,1442812174,2438,53897,6840
0,1442900295,6401,54039,6857
3,1442901781,38525,54039,6857
5,1442902453,9249,54039,6857
0,1443339765,8219,54043,6857
1,1443339856,5468,54043,6857
2,1443340358,276,54043,6857
3,1443340460,7462,54043,6857
6,1443340818,1304,54043,6857
7,1443340954,2346,54043,6857
1,1444212856,3721,54045,6857
3,1444212971,5468,54045,6857
6,1444213067,2147,54045,6857
0,1443028296,33770,54148,6872
2,1443028592,1148,54148,6872
3,1443029658,22176,54148,6872
0,1443725911,2930,54150,6872
1,1443725928,2926,54150,6872
2,1443726018,1140,54150,6872
8,1443726095,5757,54150,6872
9,1443726097,3707,54150,6872
0,1443792272,165,54151,6872
1,1443792312,5757,54151,6872
2,1443792393,1144,54151,6872
3,1443792409,3709,54151,6872
4,1443792431,7308,54151,6872
5,1443792456,21351,54151,6872
8,1443792589,27044,54151,6872
12,1443793144,13484,54151,6872
0,1445376510,3702,54153,6872
1,1445376543,8203,54153,6872
2,1445376559,3706,54153,6872
3,1445376588,5695,54153,6872
0,1445437848,7442,54154,6872
1,1445437875,3706,54154,6872
2,1445437890,8203,54154,6872
4,1445437944,3708,54154,6872
7,1445437995,14185,54154,6872
8,1445438075,3721,54154,6872
9,1445438146,6859,54154,6872
10,1445438234,7,54154,6872
11,1445438283,22176,54154,6872
12,1445438379,5668,54154,6872
13,1445438392,19717,54154,6872
14,1445438489,3882,54154,6872
15,1445438552,1282,54154,6872
16,1445438563,11881,54154,6872
17,1445438590,27044,54154,6872
5,1440821508,7424,54158,6873
6,1440821525,10775,54158,6873
8,1440821607,499,54158,6873
14,1440821932,18518,54158,6873
16,1440822392,5657,54158,6873
19,1440822494,25865,54158,6873
1,1440907579,2957,54159,6873
4,1440907658,5969,54159,6873
5,1440907676,10775,54159,6873
0,1441786669,3872,54160,6873
1,1441786721,1723,54160,6873
2,1441786737,36,54160,6873
1,1440041808,5851,54181,6877
2,1440041877,10996,54181,6877
5,1440042109,3230,54181,6877
8,1440042309,6541,54181,6877
1,1441209856,3248,54183,6877
4,1441210043,10741,54183,6877
6,1441210194,3244,54183,6877
9,1441211914,5851,54183,6877
0,1441787306,10741,54185,6877
2,1441788720,4785,54185,6877
4,1441788881,3227,54185,6877
7,1441789022,3239,54185,6877
0,1442214806,3160,54324,6898
1,1442214813,939,54324,6898
2,1442214904,3701,54324,6898
0,1442322271,16322,54325,6898
1,1442322366,5668,54325,6898
3,1442322479,8219,54325,6898
4,1442322552,3691,54325,6898
0,1443522267,4479,54326,6898
2,1443522318,940,54326,6898
4,1443522463,3693,54326,6898
6,1443522540,7335,54326,6898
7,1443522550,3701,54326,6898
0,1444510541,14960,54327,6898
2,1444510708,31436,54327,6898
4,1444510807,4479,54327,6898
6,1444510865,3693,54327,6898
0,1444909635,3160,54328,6898
1,1444909645,2537,54328,6898
2,1444910122,933,54328,6898
3,1444910192,7335,54328,6898
6,1444910281,8219,54328,6898
7,1444910329,3719,54328,6898
11,1444910472,14960,54328,6898
0,1443540111,4068,54362,6902
1,1443540896,4069,54362,6902
2,1443541134,4070,54362,6902
3,1443541252,4067,54362,6902
0,1444673172,4071,54363,6902
1,1444673291,4079,54363,6902
2,1444673386,4073,54363,6902
3,1444673419,4081,54363,6902
4,1444673424,4082,54363,6902
5,1444673517,4076,54363,6902
6,1444673876,4078,54363,6902
7,1444673923,4072,54363,6902
8,1444673958,4075,54363,6902
9,1444674008,4077,54363,6902
10,1444674121,3956,54363,6902
11,1444674540,4080,54363,6902
0,1444821614,6508,54364,6902
1,1444821915,4093,54364,6902
2,1444822012,4085,54364,6902
3,1444822032,4086,54364,6902
4,1444822064,4087,54364,6902
5,1444822180,4095,54364,6902
11,1444822826,4092,54364,6902
12,1444822876,4094,54364,6902
14,1444823143,4096,54364,6902
15,1444823223,4090,54364,6902
16,1444823306,4088,54364,6902
17,1444823416,4089,54364,6902
18,1444823904,8061,54364,6902
1,1445438378,300,54365,6902
2,1445439057,4101,54365,6902
3,1445439178,4102,54365,6902
0,1440440830,6906,54423,6910
1,1440440949,6914,54423,6910
2,1440440981,6909,54423,6910
3,1440441045,6910,54423,6910
4,1440441385,6911,54423,6910
5,1440441421,6912,54423,6910
6,1440441505,6913,54423,6910
7,1440441541,6908,54423,6910
0,1445770374,6916,54424,6910
1,1445770603,6919,54424,6910
2,1445770752,6917,54424,6910
3,1445771739,6918,54424,6910
0,1445774031,6922,54425,6910
1,1445774137,6921,54425,6910
2,1445774305,6916,54425,6910
3,1445774381,6920,54425,6910
0,1440613084,5312,54445,6912
1,1440613321,6912,54445,6912
2,1440613405,6913,54445,6912
3,1440613604,6906,54445,6912
4,1440613644,6915,54445,6912
5,1440613781,6909,54445,6912
6,1440613791,6669,54445,6912
7,1440613933,3008,54445,6912
8,1440614349,6914,54445,6912
9,1440614445,6910,54445,6912
0,1445943174,6916,54446,6912
1,1445943339,6918,54446,6912
2,1445943346,6917,54446,6912
3,1445943403,6919,54446,6912
0,1445946776,6916,54447,6912
1,1445947131,6922,54447,6912
2,1445947181,6920,54447,6912
3,1445947837,6921,54447,6912
0,1440526744,7754,54606,6932
1,1440526915,7544,54606,6932
9,1440527192,13256,54606,6932
11,1440527358,5559,54606,6932
18,1440528115,1005,54606,6932
3,1442171615,6359,54609,6932
4,1442171639,1785,54609,6932
7,1442171660,3442,54609,6932
10,1442171747,28624,54609,6932
12,1442171781,14016,54609,6932
13,1442171807,2323,54609,6932
14,1442171841,10661,54609,6932
19,1442172105,2317,54609,6932
0,1442172142,7768,54609,6932
2,1442172205,20452,54609,6932
1,1443255632,1009,54613,6932
2,1443255647,10027,54613,6932
6,1443255717,1139,54613,6932
1,1443603792,26380,54616,6932
7,1443603965,6369,54616,6932
11,1443604029,1044,54616,6932
13,1443604089,4358,54616,6932
16,1443604316,2321,54616,6932
18,1443604743,12667,54616,6932
1,1443677831,596,54617,6932
2,1443679496,3433,54617,6932
4,1443679547,1698,54617,6932
6,1443679573,3930,54617,6932
1,1443681845,2321,54618,6932
3,1443681886,605,54618,6932
5,1443681936,1046,54618,6932
1,1444210840,1020,54625,6932
3,1444210851,3700,54625,6932
4,1444210862,731,54625,6932
7,1444210879,1041,54625,6932
8,1444210883,1005,54625,6932
2,1444227674,4358,54626,6932
3,1444227694,1650,54626,6932
4,1444227738,2608,54626,6932
13,1444228261,1669,54626,6932
6,1444294171,1020,54629,6932
8,1444294203,10023,54629,6932
9,1444294678,2511,54629,6932
10,1444295694,12676,54629,6932
14,1444296435,3384,54629,6932
17,1444297440,731,54629,6932
18,1444298064,1490,54629,6932
0,1444313858,3371,54631,6932
2,1444313954,1023,54631,6932
3,1444313982,6072,54631,6932
2,1440443732,2443,54656,6933
4,1440443828,2441,54656,6933
5,1440444088,10648,54656,6933
6,1440444096,2446,54656,6933
8,1440444157,1003,54656,6933
9,1440444180,21138,54656,6933
16,1440444505,7559,54656,6933
18,1440444512,22037,54656,6933
3,1440444830,2599,54656,6933
0,1441116768,1829,54659,6933
3,1441118029,2853,54659,6933
4,1441118053,2443,54659,6933
5,1441118066,8114,54659,6933
6,1441118074,7555,54659,6933
0,1441483722,14937,54660,6933
1,1441483729,12670,54660,6933
2,1441483745,7557,54660,6933
3,1441483765,1829,54660,6933
4,1441483833,7766,54660,6933
0,1441629859,3434,54661,6933
1,1441629879,3422,54661,6933
2,1441629966,7776,54661,6933
3,1441629982,3423,54661,6933
4,1441630014,7557,54661,6933
2,1441706620,10661,54662,6933
4,1441706653,2599,54662,6933
6,1441706680,36404,54662,6933
0,1441801746,2323,54663,6933
1,1441801817,14016,54663,6933
2,1441801835,5664,54663,6933
0,1441969410,5561,54664,6933
1,1441969436,2484,54664,6933
3,1441969465,8119,54664,6933
0,1442198303,1829,54665,6933
1,1442198350,6359,54665,6933
2,1442198379,3442,54665,6933
0,1442481305,6359,54666,6933
2,1442481412,5561,54666,6933
3,1442481650,9277,54666,6933
4,1442481686,3434,54666,6933
5,1442481695,22050,54666,6933
0,1442578761,1829,54667,6933
1,1442578787,9277,54667,6933
2,1442578805,2484,54667,6933
3,1442578812,11466,54667,6933
4,1442578816,5575,54667,6933
8,1442579004,1785,54667,6933
9,1442579021,12673,54667,6933
0,1442917178,2321,54668,6933
1,1442917186,7557,54668,6933
2,1442917219,3442,54668,6933
0,1443215892,1648,54670,6933
2,1443215913,2607,54670,6933
3,1443215931,3442,54670,6933
6,1443216035,2606,54670,6933
2,1443769311,6618,54671,6933
5,1443770379,6619,54671,6933
6,1443770415,2325,54671,6933
9,1443770486,1671,54671,6933
10,1443770533,5563,54671,6933
0,1444939631,1311,54730,6938
1,1444939693,2537,54730,6938
2,1444939924,4676,54730,6938
3,1444940028,5689,54730,6938
5,1444940088,7314,54730,6938
0,1445265827,4676,54731,6938
1,1445265902,2537,54731,6938
2,1445265979,12990,54731,6938
0,1445447593,2537,54732,6938
1,1445447889,5100,54732,6938
2,1445447921,20703,54732,6938
3,1445447940,5689,54732,6938
7,1445448030,3706,54732,6938
9,1445448048,16395,54732,6938
0,1445881933,307,54734,6938
2,1445881962,5100,54734,6938
3,1445881993,5689,54734,6938
0,1445275166,4729,54905,6957
1,1445275181,21587,54905,6957
2,1445275202,9134,54905,6957
4,1445275269,1095,54905,6957
1,1445277276,1095,54906,6957
2,1445277415,2124,54906,6957
3,1445277517,8569,54906,6957
4,1445277541,2416,54906,6957
0,1445365000,2416,54907,6957
2,1445365154,2226,54907,6957
3,1445365293,21587,54907,6957
4,1445365321,1095,54907,6957
5,1445365407,2124,54907,6957
6,1445365487,11527,54907,6957
7,1445365756,28194,54907,6957
9,1445365897,823,54907,6957
0,1445758729,2194,54908,6957
1,1445758802,39589,54908,6957
2,1445758876,2226,54908,6957
0,1445804722,21587,54909,6957
1,1445804757,2124,54909,6957
2,1445804769,1095,54909,6957
3,1445804808,2251,54909,6957
0,1443453596,4069,54940,6960
1,1443453834,4070,54940,6960
2,1443454852,4067,54940,6960
0,1444586751,4074,54941,6960
1,1444586817,4076,54941,6960
2,1444586876,4078,54941,6960
3,1444586891,4079,54941,6960
4,1444587024,4082,54941,6960
5,1444587240,4080,54941,6960
6,1444587308,4077,54941,6960
7,1444587433,1212,54941,6960
8,1444587523,4072,54941,6960
9,1444587558,4075,54941,6960
10,1444587672,4071,54941,6960
11,1444587721,3956,54941,6960
12,1444587886,4073,54941,6960
13,1444588219,4081,54941,6960
0,1444735480,4095,54942,6960
1,1444735515,4093,54942,6960
2,1444735664,4087,54942,6960
3,1444735708,4083,54942,6960
6,1444735923,4090,54942,6960
7,1444736054,4091,54942,6960
8,1444736114,6508,54942,6960
10,1444736426,4092,54942,6960
11,1444736532,4086,54942,6960
12,1444736549,4097,54942,6960
13,1444736684,4089,54942,6960
14,1444736699,4084,54942,6960
15,1444736743,4096,54942,6960
16,1444736812,4085,54942,6960
17,1444736906,4088,54942,6960
18,1444738704,8061,54942,6960
0,1445107251,4100,54943,6960
1,1445107268,4098,54943,6960
2,1445107287,3646,54943,6960
3,1445107904,4099,54943,6960
0,1445352178,4102,54944,6960
1,1445352578,300,54944,6960
2,1445352957,4101,54944,6960
0,1443367252,4067,54971,6965
1,1443367311,4068,54971,6965
2,1443368334,4070,54971,6965
3,1443368396,4069,54971,6965
0,1444500008,4077,54972,6965
1,1444500051,4074,54972,6965
2,1444500324,4082,54972,6965
3,1444500421,3956,54972,6965
4,1444500586,4073,54972,6965
5,1444500919,4081,54972,6965
6,1444501158,4075,54972,6965
7,1444501272,4071,54972,6965
8,1444501317,4076,54972,6965
9,1444501333,1212,54972,6965
10,1444501423,4072,54972,6965
11,1444501691,4079,54972,6965
12,1444501740,4080,54972,6965
0,1444649008,4083,54973,6965
1,1444649114,6508,54973,6965
2,1444649126,4092,54973,6965
3,1444649232,4086,54973,6965
7,1444649954,4091,54973,6965
8,1444649999,4084,54973,6965
9,1444650076,4094,54973,6965
10,1444650164,4087,54973,6965
11,1444650206,4088,54973,6965
12,1444650315,4093,54973,6965
15,1444650343,4096,54973,6965
16,1444650412,4085,54973,6965
17,1444650449,4097,54973,6965
18,1444650616,4089,54973,6965
0,1444650723,4090,54973,6965
1,1444652304,8061,54973,6965
0,1445020604,4099,54974,6965
1,1445020851,4100,54974,6965
2,1445020868,4098,54974,6965
3,1445020870,3646,54974,6965
1,1445266257,4101,54975,6965
2,1445266328,4102,54975,6965
3,1445266478,300,54975,6965
0,1441083892,1163,55011,6970
3,1441084230,2970,55011,6970
5,1441084323,3691,55011,6970
10,1441084543,360,55011,6970
1,1441788635,1163,55012,6970
8,1441788824,3688,55012,6970
10,1441788862,933,55012,6970
0,1442376752,4469,55013,6970
1,1442376774,271,55013,6970
2,1442376865,1646,55013,6970
3,1442376923,5757,55013,6970
0,1444205050,271,55015,6970
1,1444205068,1140,55015,6970
3,1444205083,1723,55015,6970
5,1444205128,3467,55015,6970
6,1444205134,3146,55015,6970
7,1444205138,2265,55015,6970
8,1444205141,5659,55015,6970
9,1444205142,939,55015,6970
0,1445853964,20971,55016,6970
1,1445854076,39855,55016,6970
2,1445854089,3884,55016,6970
3,1445854134,3181,55016,6970
5,1445854182,7335,55016,6970
6,1445854210,16894,55016,6970
9,1445854311,3706,55016,6970
1,1440852369,12676,55053,6974
4,1440852473,2443,55053,6974
5,1440852484,33788,55053,6974
6,1440852534,7539,55053,6974
1,1441453868,3423,55054,6974
3,1441454247,8114,55054,6974
4,1441454252,7547,55054,6974
0,1442854145,6156,55055,6974
1,1442854302,1648,55055,6974
2,1442854877,3924,55055,6974
4,1442855077,2607,55055,6974
7,1442855266,12673,55055,6974
8,1442855281,12304,55055,6974
9,1442855383,722,55055,6974
1,1443803256,38537,55057,6974
2,1443803256,14517,55057,6974
3,1443803256,6618,55057,6974
5,1443803544,725,55057,6974
6,1443803547,724,55057,6974
8,1443803612,2605,55057,6974
0,1444330006,2319,55059,6974
2,1444330063,1048,55059,6974
3,1444330063,18974,55059,6974
4,1444330802,2607,55059,6974
0,1446232118,4364,55060,6974
1,1446232127,8523,55060,6974
5,1446232221,684,55060,6974
7,1446232338,2319,55060,6974
1,1441599100,1746,55164,6987
4,1441599215,35265,55164,6987
6,1441599514,12761,55164,6987
0,1441797742,15387,55165,6987
2,1441797862,35265,55165,6987
5,1441798200,12761,55165,6987
0,1442195679,2994,55166,6987
2,1442195827,1746,55166,6987
3,1442195871,35265,55166,6987
2,1442149066,18280,55234,6996
3,1442149281,11902,55234,6996
5,1442149509,11892,55234,6996
6,1442149583,14034,55234,6996
8,1442242060,4189,55236,6996
10,1442242298,11094,55236,6996
13,1442242572,5797,55236,6996
1,1443184265,1301,55245,6996
2,1443184346,9622,55245,6996
6,1443184822,11936,55245,6996
11,1443185902,5340,55245,6996
13,1443185960,5524,55245,6996
0,1443253509,9092,55246,6996
1,1443253543,5600,55246,6996
2,1443253570,4237,55246,6996
3,1443253598,2860,55246,6996
1,1443255793,3236,55247,6996
7,1443255960,1536,55247,6996
8,1443255975,280,55247,6996
10,1443256047,18845,55247,6996
13,1443256155,1310,55247,6996
14,1443256194,20882,55247,6996
19,1443256404,10090,55247,6996
0,1443256602,1301,55247,6996
2,1443256800,9303,55247,6996
0,1443686153,18858,55249,6996
1,1443686214,27654,55249,6996
2,1443686258,10155,55249,6996
0,1441732384,3227,55318,7003
1,1441732390,18277,55318,7003
2,1441732393,14115,55318,7003
3,1441732396,9758,55318,7003
0,1442343047,3227,55319,7003
1,1442343051,9758,55319,7003
2,1442343054,18277,55319,7003
3,1442343072,20349,55319,7003
4,1442343081,2711,55319,7003
0,1443441363,3961,55320,7003
1,1443441387,7359,55320,7003
2,1443441421,858,55320,7003
0,1443795496,1304,55376,7010
1,1443795527,3038,55376,7010
2,1443795572,14,55376,7010
3,1443795621,1687,55376,7010
4,1443795758,11797,55376,7010
5,1443795784,19,55376,7010
0,1443802470,6658,55377,7010
2,1443803064,3053,55377,7010
3,1443803135,9489,55377,7010
4,1443803158,5304,55377,7010
5,1443803216,63,55377,7010
6,1443803340,2147,55377,7010
7,1443803438,8,55377,7010
8,1443803459,11,55377,7010
0,1444023629,3038,55378,7010
1,1444023673,1687,55378,7010
2,1444023755,9489,55378,7010
3,1444023765,6658,55378,7010
4,1444023852,6381,55378,7010
3,1440320177,245,55408,7016
4,1440320182,2999,55408,7016
5,1440320197,1494,55408,7016
7,1440320223,34,55408,7016
8,1440320226,7872,55408,7016
3,1440415148,2999,55409,7016
4,1440415185,245,55409,7016
7,1440415321,1494,55409,7016
8,1440415330,34,55409,7016
9,1440415338,11209,55409,7016
0,1440844430,245,55410,7016
2,1440844499,1494,55410,7016
3,1440844518,464,55410,7016
4,1440844528,34,55410,7016
1,1442821189,245,55411,7016
2,1442821200,14,55411,7016
3,1442821207,2984,55411,7016
4,1442821212,1139,55411,7016
5,1442821213,4855,55411,7016
6,1442821241,19,55411,7016
7,1442821250,523,55411,7016
8,1442821262,1745,55411,7016
9,1442821268,1494,55411,7016
10,1442821273,34,55411,7016
11,1442821277,7872,55411,7016
0,1443777333,2638,55413,7016
1,1443777368,245,55413,7016
2,1443777383,34,55413,7016
3,1443777386,1494,55413,7016
4,1443777389,7872,55413,7016
5,1443777395,6074,55413,7016
7,1443777413,14568,55413,7016
14,1443777837,6340,55413,7016
0,1444034256,245,55414,7016
1,1444034279,34,55414,7016
2,1444034283,1494,55414,7016
3,1444034286,7872,55414,7016
6,1444034582,2638,55414,7016
7,1444034589,6074,55414,7016
15,1444034803,6340,55414,7016
2,1441368775,9579,55431,7019
3,1441368810,19387,55431,7019
4,1441368860,5797,55431,7019
10,1441369503,4675,55431,7019
0,1441460860,9579,55432,7019
6,1441461100,5665,55432,7019
9,1441461172,14387,55432,7019
1,1441873503,34080,55435,7019
2,1441873533,5502,55435,7019
4,1441873597,7439,55435,7019
1,1442151416,23892,55438,7019
2,1442151786,22176,55438,7019
4,1442151905,13908,55438,7019
0,1442510850,4189,55442,7019
1,1442510924,8102,55442,7019
2,1442511633,9305,55442,7019
3,1442511834,23892,55442,7019
4,1442512188,3382,55442,7019
0,1442571312,5502,55443,7019
1,1442571334,7439,55443,7019
2,1442571375,14345,55443,7019
0,1443341926,4189,55446,7019
2,1443342028,10159,55446,7019
3,1443342196,10517,55446,7019
8,1443343586,15992,55446,7019
12,1443343701,9585,55446,7019
0,1443350141,10517,55447,7019
1,1443350177,8698,55447,7019
2,1443350218,9579,55447,7019
3,1443350232,23892,55447,7019
4,1443350268,15971,55447,7019
7,1443350498,10159,55447,7019
10,1443350847,14802,55447,7019
1,1444053277,20734,55449,7019
2,1444053363,9585,55449,7019
6,1444053516,939,55449,7019
1,1444127596,20961,55450,7019
4,1444128431,7439,55450,7019
6,1444128491,11050,55450,7019
7,1444128516,1144,55450,7019
8,1444128537,9585,55450,7019
9,1444128566,28007,55450,7019
0,1444745030,315,55453,7019
3,1444745259,23892,55453,7019
4,1444745343,3644,55453,7019
0,1441875057,4995,55483,7023
2,1441875170,17889,55483,7023
5,1441875287,1721,55483,7023
7,1441875390,10657,55483,7023
0,1442814696,9,55484,7023
1,1442814752,1432,55484,7023
2,1442814798,29915,55484,7023
0,1443261626,220,55485,7023
1,1443261694,1721,55485,7023
3,1443261737,5026,55485,7023
5,1443261806,3058,55485,7023
11,1443262030,17889,55485,7023
14,1443262234,18927,55485,7023
18,1443262318,8619,55485,7023
1,1443262439,17903,55485,7023
2,1443262576,15110,55485,7023
2,1443526063,5068,55486,7023
3,1443526091,8481,55486,7023
4,1443526133,1723,55486,7023
5,1443526227,2265,55486,7023
6,1443526306,18927,55486,7023
0,1444386798,17214,55487,7023
2,1444386941,5068,55487,7023
3,1444386955,8481,55487,7023
4,1444386971,18927,55487,7023
0,1444663859,5107,55488,7023
2,1444663933,17214,55488,7023
3,1444663976,220,55488,7023
0,1442489507,12667,55594,7036
4,1442489937,6620,55594,7036
5,1442489979,8121,55594,7036
7,1442490057,722,55594,7036
0,1442501738,6271,55595,7036
1,1442501739,3022,55595,7036
2,1442501745,34,55595,7036
4,1442501750,3026,55595,7036
1,1444140004,596,55598,7036
3,1444140143,3988,55598,7036
4,1444140209,6369,55598,7036
0,1444150413,6618,55599,7036
1,1444150414,10457,55599,7036
5,1444150450,4211,55599,7036
6,1444150460,3054,55599,7036
8,1444150527,724,55599,7036
2,1444160163,12667,55600,7036
7,1444162294,6618,55600,7036
8,1444162320,2319,55600,7036
0,1443453896,4069,55697,7051
1,1443454011,4068,55697,7051
2,1443454552,4067,55697,7051
3,1443454734,4070,55697,7051
0,1444586623,4072,55698,7051
1,1444586686,4073,55698,7051
2,1444586772,4071,55698,7051
3,1444586817,4076,55698,7051
4,1444586833,1212,55698,7051
5,1444586876,4078,55698,7051
6,1444586940,4080,55698,7051
7,1444586958,4075,55698,7051
8,1444587308,4077,55698,7051
9,1444587319,4081,55698,7051
10,1444587351,4074,55698,7051
11,1444587624,4082,55698,7051
12,1444587721,3956,55698,7051
13,1444587791,4079,55698,7051
0,1444735364,4087,55699,7051
1,1444735480,4095,55699,7051
2,1444735526,4092,55699,7051
3,1444735632,4086,55699,7051
4,1444735649,4097,55699,7051
6,1444735876,4094,55699,7051
8,1444736006,4088,55699,7051
9,1444736114,6508,55699,7051
10,1444736126,4096,55699,7051
12,1444736223,4090,55699,7051
13,1444736354,4091,55699,7051
14,1444736415,4093,55699,7051
15,1444736608,4083,55699,7051
17,1444736812,4085,55699,7051
19,1444737016,4089,55699,7051
0,1445107270,3646,55700,7051
1,1445107304,4099,55700,7051
2,1445107868,4098,55700,7051
3,1445108151,4100,55700,7051
1,1445352178,4102,55701,7051
2,1445352657,4101,55701,7051
3,1445352878,300,55701,7051
0,1441997948,7186,55813,7066
1,1441998008,1140,55813,7066
2,1441998073,1373,55813,7066
3,1441998147,2929,55813,7066
0,1442126581,26871,55814,7066
2,1442126648,251,55814,7066
3,1442126681,2579,55814,7066
4,1442126708,10007,55814,7066
0,1444161631,270,55815,7066
1,1444161789,8780,55815,7066
2,1444161805,220,55815,7066
3,1444161829,1646,55815,7066
5,1444161849,5551,55815,7066
6,1444161903,6658,55815,7066
7,1444161989,2929,55815,7066
8,1444162069,185,55815,7066
9,1444162120,2347,55815,7066
10,1444162176,115,55815,7066
3,1440323762,5851,55946,7087
4,1440323777,10996,55946,7087
6,1440323814,3230,55946,7087
0,1443945835,11348,55960,7087
1,1443946426,1304,55960,7087
2,1443946490,7160,55960,7087
0,1443950130,4793,55961,7087
1,1443950138,5882,55961,7087
2,1443950143,4785,55961,7087
0,1444032919,2620,55962,7087
1,1444032936,2621,55962,7087
2,1444032956,9020,55962,7087
3,1444034462,5871,55962,7087
4,1444034548,25516,55962,7087
0,1444389607,15978,55964,7087
1,1444390424,5881,55964,7087
2,1444390426,4793,55964,7087
0,1444467297,5881,55965,7087
2,1444467440,3243,55965,7087
3,1444467441,17256,55965,7087
0,1444548216,993,55966,7087
2,1444548241,5881,55966,7087
3,1444548243,17256,55966,7087
0,1444567504,7685,55967,7087
1,1444567521,3243,55967,7087
2,1444567523,5881,55967,7087
4,1444567590,11553,55967,7087
0,1440689857,24529,56134,7106
2,1440690248,2147,56134,7106
4,1440690435,20635,56134,7106
7,1440690605,36,56134,7106
0,1441207368,2147,56135,7106
1,1441207417,12761,56135,7106
2,1441207512,9804,56135,7106
4,1441207892,13718,56135,7106
5,1441207922,172,56135,7106
1,1442422929,2147,56136,7106
2,1442422968,1304,56136,7106
3,1442423004,43,56136,7106
4,1442423235,777,56136,7106
0,1442503939,1304,56137,7106
2,1442503983,3038,56137,7106
4,1442504130,2147,56137,7106
0,1443893513,5,56139,7106
1,1443893589,19022,56139,7106
3,1443893691,3038,56139,7106
4,1443893726,5306,56139,7106
5,1443893802,11,56139,7106
6,1443893930,34960,56139,7106
7,1443893950,19820,56139,7106
8,1443893967,5304,56139,7106
9,1443894008,3053,56139,7106
0,1444275038,2147,56140,7106
1,1444275070,2347,56140,7106
2,1444275139,3038,56140,7106
3,1444275218,17839,56140,7106
4,1444275251,6082,56140,7106
6,1444275448,3053,56140,7106
0,1441419586,17905,56194,7113
1,1441419608,4996,56194,7113
2,1441419644,10341,56194,7113
4,1441419700,1426,56194,7113
2,1441788522,360,56195,7113
3,1441788524,50,56195,7113
4,1441788528,108,56195,7113
6,1441788532,4130,56195,7113
7,1441788534,3017,56195,7113
9,1441788549,2850,56195,7113
14,1441788558,91,56195,7113
15,1441788567,3020,56195,7113
16,1441788575,3012,56195,7113
18,1441788578,105,56195,7113
0,1441788581,2988,56195,7113
1,1441788582,8,56195,7113
3,1441788585,3030,56195,7113
1,1442204550,1432,56197,7113
2,1442204675,1433,56197,7113
5,1442205993,220,56197,7113
0,1442317919,220,56198,7113
2,1442318317,17392,56198,7113
3,1442318497,1426,56198,7113
4,1442318639,10754,56198,7113
5,1442318648,1432,56198,7113
6,1442318652,26581,56198,7113
7,1442318665,8927,56198,7113
8,1442318678,1433,56198,7113
9,1442318683,12219,56198,7113
10,1442318727,8619,56198,7113
1,1442387130,92,56199,7113
2,1442387180,17392,56199,7113
3,1442387190,1426,56199,7113
5,1442387327,8619,56199,7113
1,1443022356,18935,56200,7113
2,1443022416,220,56200,7113
3,1443022478,6102,56200,7113
5,1443022635,15118,56200,7113
0,1443164924,92,56201,7113
1,1443165739,5039,56201,7113
3,1443165771,50,56201,7113
4,1443165778,245,56201,7113
7,1443165800,17604,56201,7113
8,1443165811,1306,56201,7113
10,1443166144,3027,56201,7113
11,1443166151,5630,56201,7113
12,1443166155,7073,56201,7113
0,1443449446,5102,56202,7113
1,1443449480,18935,56202,7113
2,1443449562,220,56202,7113
3,1443449624,2265,56202,7113
1,1444207279,3834,56203,7113
5,1444208399,8927,56203,7113
8,1444208427,6085,56203,7113
11,1444208460,17896,56203,7113
1,1444733241,3834,56204,7113
2,1444733247,220,56204,7113
3,1444733250,28,56204,7113
7,1444733371,15118,56204,7113
10,1444734660,5100,56204,7113
0,1443539996,4069,56221,7116
1,1443540234,4070,56221,7116
2,1443540411,4068,56221,7116
3,1443540952,4067,56221,7116
0,1444672851,4074,56222,7116
1,1444672933,1212,56222,7116
2,1444673086,4073,56222,7116
3,1444673108,4077,56222,7116
4,1444673172,4071,56222,7116
5,1444673221,3956,56222,7116
6,1444673323,4072,56222,7116
7,1444673419,4081,56222,7116
8,1444673424,4082,56222,7116
9,1444673517,4076,56222,7116
10,1444673640,4080,56222,7116
11,1444673958,4075,56222,7116
12,1444674176,4078,56222,7116
13,1444674191,4079,56222,7116
0,1444821926,4092,56223,7116
1,1444821976,4094,56223,7116
2,1444822064,4087,56223,7116
4,1444822215,4093,56223,7116
6,1444822216,4089,56223,7116
8,1444822312,4085,56223,7116
9,1444822349,4097,56223,7116
10,1444822406,4088,56223,7116
12,1444822543,4096,56223,7116
13,1444822632,4086,56223,7116
14,1444822754,4091,56223,7116
15,1444822780,4095,56223,7116
16,1444822814,6508,56223,7116
17,1444823008,4083,56223,7116
18,1444823099,4084,56223,7116
19,1444823156,4090,56223,7116
0,1445193668,4098,56224,7116
1,1445193687,3646,56224,7116
2,1445194304,4099,56224,7116
3,1445194551,4100,56224,7116
0,1445438978,300,56225,7116
1,1445439057,4101,56225,7116
3,1445439178,4102,56225,7116
0,1440526885,6911,56229,7117
1,1440526933,3008,56229,7117
2,1440526984,5312,56229,7117
3,1440527049,6914,56229,7117
4,1440527239,6906,56229,7117
5,1440527367,6909,56229,7117
6,1440527544,6915,56229,7117
7,1440527613,6907,56229,7117
8,1440527941,6908,56229,7117
9,1440528045,6910,56229,7117
10,1440528205,6913,56229,7117
11,1440528291,6669,56229,7117
0,1445857147,6916,56230,7117
1,1445857152,6917,56230,7117
2,1445857839,6918,56230,7117
3,1445857903,6919,56230,7117
0,1445860781,6920,56231,7117
1,1445860837,6921,56231,7117
2,1445861305,6916,56231,7117
3,1445861331,6922,56231,7117
3,1440104297,22658,56434,7145
4,1440104307,464,56434,7145
5,1440104316,18203,56434,7145
7,1440104369,45076,56434,7145
2,1442350609,16458,56435,7145
4,1442350736,23242,56435,7145
5,1442350750,22059,56435,7145
6,1442350782,7194,56435,7145
9,1442350910,6263,56435,7145
16,1442351530,18925,56435,7145
1,1442351931,3260,56435,7145
3,1442351961,374,56435,7145
0,1444688517,24402,56437,7145
2,1444689096,13554,56437,7145
3,1444689193,1043,56437,7145
0,1445197858,13554,56438,7145
1,1445197914,3306,56438,7145
2,1445197972,3313,56438,7145
0,1441951838,5511,56483,7152
1,1441951942,2680,56483,7152
2,1441951984,2670,56483,7152
3,1441952081,3247,56483,7152
5,1441952303,2681,56483,7152
0,1444292737,5551,56484,7152
3,1444293032,6002,56484,7152
4,1444293080,2710,56484,7152
10,1444293504,2665,56484,7152
11,1444293555,8809,56484,7152
14,1444293828,2681,56484,7152
0,1444721763,8809,56485,7152
2,1444722273,6002,56485,7152
3,1444722357,2665,56485,7152
4,1444722382,2711,56485,7152
0,1442245150,1304,56521,7157
1,1442245188,429,56521,7157
2,1442245234,3467,56521,7157
3,1442245247,8790,56521,7157
4,1442245299,1140,56521,7157
6,1442245326,21535,56521,7157
7,1442245867,91,56521,7157
0,1443974344,3467,56522,7157
1,1443974367,20944,56522,7157
2,1443974476,1304,56522,7157
3,1443974495,165,56522,7157
4,1443974540,122,56522,7157
0,1443977051,2147,56523,7157
1,1443977160,11333,56523,7157
7,1443977522,20676,56523,7157
11,1443978093,20668,56523,7157
13,1443978247,2926,56523,7157
14,1443978268,2276,56523,7157
15,1443978460,122,56523,7157
16,1443978475,6455,56523,7157
17,1443978566,165,56523,7157
18,1443978681,20944,56523,7157
0,1444712559,11360,56525,7157
1,1444712582,1723,56525,7157
3,1444712634,17492,56525,7157
4,1444712683,15216,56525,7157
5,1444712761,21550,56525,7157
6,1444712796,1001,56525,7157
8,1444712826,2276,56525,7157
0,1444767024,1723,56526,7157
1,1444767035,11343,56526,7157
2,1444767164,1320,56526,7157
3,1444767220,2276,56526,7157
4,1444767273,3160,56526,7157
6,1444767384,164,56526,7157
8,1444767414,20668,56526,7157
9,1444767441,2561,56526,7157
12,1444768128,7442,56526,7157
0,1444973845,2276,56527,7157
2,1444973965,17492,56527,7157
4,1444974054,21550,56527,7157
0,1445368671,271,56528,7157
1,1445368775,19,56528,7157
2,1445368792,2276,56528,7157
3,1445369262,11343,56528,7157
4,1445369280,18634,56528,7157
5,1445369330,17492,56528,7157
6,1445369929,15216,56528,7157
8,1445370643,21550,56528,7157
10,1445370682,20668,56528,7157
11,1445371337,3467,56528,7157
12,1445371384,3178,56528,7157
14,1445371968,7577,56528,7157
15,1445371984,136,56528,7157
0,1445373753,2561,56528,7157
0,1445962597,163,56532,7157
1,1445962607,23579,56532,7157
2,1445962654,18634,56532,7157
4,1445962690,15216,56532,7157
5,1445962744,20668,56532,7157
6,1445962754,2276,56532,7157
0,1446026379,164,56533,7157
4,1446028819,165,56533,7157
5,1446028833,20944,56533,7157
6,1446029057,163,56533,7157
7,1446029093,17492,56533,7157
8,1446029120,15216,56533,7157
9,1446029179,21550,56533,7157
11,1446029248,20668,56533,7157
0,1446322839,18634,56534,7157
1,1446322980,136,56534,7157
2,1446323187,3834,56534,7157
0,1442909807,6116,56625,7171
1,1442909876,1310,56625,7171
3,1442910026,12837,56625,7171
4,1442910040,23751,56625,7171
0,1446197884,2165,56627,7171
1,1446197947,2859,56627,7171
2,1446197998,12843,56627,7171
3,1446198076,4285,56627,7171
4,1446198110,3178,56627,7171
5,1446198165,9414,56627,7171
0,1446649209,2165,56628,7171
2,1446649324,7217,56628,7171
5,1446649440,3648,56628,7171
0,1442500240,16699,56682,7178
1,1442500241,42999,56682,7178
2,1442500244,39319,56682,7178
3,1442500246,17842,56682,7178
0,1442502793,16699,56683,7178
1,1442502817,42999,56683,7178
6,1442503369,17842,56683,7178
7,1442503377,39319,56683,7178
9,1442503903,19730,56683,7178
0,1442522858,16699,56684,7178
1,1442522861,42999,56684,7178
5,1442522883,39319,56684,7178
6,1442522887,17842,56684,7178
4,1442556812,39319,56685,7178
6,1442556820,16699,56685,7178
7,1442556821,42999,56685,7178
1,1442576250,16699,56686,7178
2,1442576253,42999,56686,7178
6,1442576256,39319,56686,7178
6,1442589603,16699,56688,7178
8,1442589609,42999,56688,7178
10,1442589659,19730,56688,7178
0,1442816072,16699,56689,7178
2,1442816075,42999,56689,7178
4,1442817290,39319,56689,7178
6,1442817291,17842,56689,7178
2,1444399334,16699,56693,7178
4,1444399340,39319,56693,7178
5,1444399342,22659,56693,7178
6,1444399346,3655,56693,7178
7,1444399453,42999,56693,7178
0,1444747214,16699,56695,7178
2,1444747223,39319,56695,7178
3,1444747225,42999,56695,7178
6,1444747305,19731,56695,7178
0,1444919780,16699,56696,7178
1,1444919813,39319,56696,7178
2,1444919868,22659,56696,7178
0,1446561650,22659,56699,7178
1,1446561651,3655,56699,7178
2,1446562707,4750,56699,7178
0,1446626264,22659,56701,7178
1,1446626506,3655,56701,7178
2,1446627212,4750,56701,7178
0,1443979377,2147,56727,7183
1,1443979449,2124,56727,7183
2,1443979525,4732,56727,7183
3,1443979601,1304,56727,7183
4,1443979637,528,56727,7183
3,1444059530,17011,56728,7183
4,1444059640,56,56728,7183
8,1444059940,3038,56728,7183
3,1444923536,494,56730,7183
4,1444923698,1095,56730,7183
5,1444923749,2124,56730,7183
6,1444923808,17011,56730,7183
1,1445180353,19673,56731,7183
2,1445180499,1765,56731,7183
4,1445180676,8714,56731,7183
6,1445181240,3205,56731,7183
7,1445181278,2994,56731,7183
9,1445181392,56,56731,7183
0,1440506615,4405,56744,7185
1,1440506622,3467,56744,7185
2,1440506636,2854,56744,7185
0,1440648650,122,56745,7185
1,1440648652,132,56745,7185
2,1440648664,11793,56745,7185
3,1440648669,40,56745,7185
0,1442934571,122,56751,7185
1,1442934573,132,56751,7185
2,1442935450,17618,56751,7185
3,1442935456,48,56751,7185
0,1442505858,997,56761,7186
4,1442506051,9590,56761,7186
6,1442506486,19206,56761,7186
7,1442506555,4785,56761,7186
8,1442506587,993,56761,7186
9,1442506615,11541,56761,7186
10,1442506661,3227,56761,7186
11,1442506700,3239,56761,7186
0,1443114852,5539,56763,7186
1,1443114956,992,56763,7186
2,1443114987,10749,56763,7186
3,1443115039,989,56763,7186
4,1443115088,996,56763,7186
0,1443431315,4789,56764,7186
2,1443431450,5862,56764,7186
3,1443431495,17256,56764,7186
0,1444041006,5872,56765,7186
1,1444041296,11348,56765,7186
2,1444041392,5539,56765,7186
3,1444041432,988,56765,7186
4,1444042169,4793,56765,7186
6,1444042408,5881,56765,7186
7,1444042747,3243,56765,7186
3,1441108111,11903,56957,7214
4,1441108163,1163,56957,7214
8,1441108319,1143,56957,7214
12,1441108475,1786,56957,7214
13,1441108595,11854,56957,7214
2,1441179005,1163,56960,7214
4,1441179175,23746,56960,7214
7,1441179263,13596,56960,7214
19,1441179640,1143,56960,7214
0,1441904186,13596,56962,7214
6,1441904995,1143,56962,7214
8,1441905078,11882,56962,7214
0,1443453952,4067,57134,7235
1,1443454611,4068,57134,7235
2,1443454796,4069,57134,7235
3,1443455034,4070,57134,7235
0,1444586686,4073,57135,7235
1,1444586817,4076,57135,7235
2,1444586891,4079,57135,7235
3,1444586958,4075,57135,7235
4,1444587019,4081,57135,7235
5,1444587024,4082,57135,7235
6,1444587240,4080,57135,7235
7,1444587351,4074,57135,7235
8,1444587372,4071,57135,7235
9,1444587523,4072,57135,7235
10,1444587776,4078,57135,7235
0,1444735664,4087,57136,7235
1,1444735780,4095,57136,7235
2,1444735815,4093,57136,7235
4,1444735949,4097,57136,7235
5,1444736054,4091,57136,7235
6,1444736114,6508,57136,7235
8,1444736308,4083,57136,7235
9,1444736426,4092,57136,7235
10,1444736512,4085,57136,7235
11,1444736606,4088,57136,7235
14,1444736743,4096,57136,7235
15,1444736776,4094,57136,7235
16,1444737016,4089,57136,7235
17,1444737123,4090,57136,7235
18,1444737804,8061,57136,7235
0,1445106951,4100,57137,7235
1,1445106970,3646,57137,7235
2,1445107304,4099,57137,7235
3,1445108168,4098,57137,7235
0,1445351757,4101,57138,7235
2,1445352878,300,57138,7235
3,1445353028,4102,57138,7235
1,1444888982,1320,57241,7250
3,1444889076,2276,57241,7250
4,1444889095,10,57241,7250
0,1444927420,3059,57242,7250
3,1444927629,5630,57242,7250
4,1444927666,5670,57242,7250
0,1444935551,5630,57243,7250
1,1444935584,1320,57243,7250
2,1444935632,2276,57243,7250
0,1440383002,10771,57294,7257
3,1440383292,7439,57294,7257
4,1440383539,21539,57294,7257
5,1440383588,7640,57294,7257
0,1443894412,11343,57295,7257
1,1443894747,9635,57295,7257
3,1443895023,11327,57295,7257
0,1444329913,4416,57296,7257
1,1444329961,25033,57296,7257
2,1444329983,1001,57296,7257
3,1444330011,1000,57296,7257
4,1444330262,15216,57296,7257
5,1444330315,20668,57296,7257
6,1444330326,122,57296,7257
1,1443436997,1789,57379,7271
3,1443437098,10888,57379,7271
4,1443437161,268,57379,7271
5,1443437297,14387,57379,7271
1,1443462560,272,57380,7271
2,1443462632,3146,57380,7271
3,1443462716,3708,57380,7271
5,1443462750,3956,57380,7271
6,1443462759,7312,57380,7271
8,1443462889,10888,57380,7271
1,1443542644,4866,57381,7271
3,1443542876,933,57381,7271
6,1443543010,3709,57381,7271
7,1443543036,3147,57381,7271
8,1443543056,3146,57381,7271
12,1443543602,270,57381,7271
13,1443543626,11,57381,7271
1,1443604679,4866,57382,7271
3,1443604764,268,57382,7271
5,1443604838,272,57382,7271
7,1443605797,2951,57382,7271
9,1443605856,9092,57382,7271
0,1442209709,7948,57484,7288
1,1442209735,4189,57484,7288
3,1442209763,3540,57484,7288
4,1442209774,7104,57484,7288
5,1442210000,7488,57484,7288
6,1442210002,2778,57484,7288
9,1442210527,16586,57484,7288
10,1442211073,14358,57484,7288
11,1442211099,20676,57484,7288
14,1442211427,7486,57484,7288
1,1442432700,18633,57486,7288
3,1442432718,3540,57486,7288
4,1442432738,7110,57486,7288
5,1442432934,19998,57486,7288
9,1442434647,7240,57486,7288
0,1442562448,3541,57487,7288
3,1442562583,19998,57487,7288
5,1442562589,18633,57487,7288
6,1442562594,8103,57487,7288
7,1442562617,7110,57487,7288
8,1442562624,3540,57487,7288
9,1442562678,2778,57487,7288
11,1442562696,14358,57487,7288
12,1442562726,8102,57487,7288
17,1442562828,6795,57487,7288
1,1442674444,14345,57488,7288
2,1442674477,3540,57488,7288
3,1442674566,3541,57488,7288
0,1443550016,14358,57489,7288
2,1443552822,14345,57489,7288
3,1443552833,3541,57489,7288
5,1443552963,27166,57489,7288
8,1443553019,19998,57489,7288
10,1443553035,8103,57489,7288
12,1443553072,7104,57489,7288
14,1443553096,28291,57489,7288
15,1443553103,3540,57489,7288
0,1440854198,67,57653,7312
1,1440854394,23242,57653,7312
3,1440854410,12230,57653,7312
4,1440854450,11826,57653,7312
9,1440854606,24484,57653,7312
0,1442210946,12078,57655,7312
1,1442211019,72,57655,7312
3,1442211033,12082,57655,7312
4,1442211049,8970,57655,7312
8,1442211111,73,57655,7312
1,1442294488,12082,57656,7312
2,1442295066,72,57656,7312
4,1442296735,12078,57656,7312
0,1443685321,132,57659,7313
1,1443685534,4415,57659,7313
2,1443685566,528,57659,7313
3,1443685623,9519,57659,7313
4,1443685674,16022,57659,7313
0,1444372790,132,57660,7313
1,1444372849,16022,57660,7313
3,1444372923,273,57660,7313
7,1444373105,11343,57660,7313
0,1444408712,1212,57661,7313
1,1444408765,528,57661,7313
2,1444408773,13069,57661,7313
4,1444408903,185,57661,7313
7,1444409030,245,57661,7313
9,1444409087,273,57661,7313
0,1440526684,5312,57747,7324
1,1440526741,6908,57747,7324
2,1440526753,6906,57747,7324
3,1440527091,6669,57747,7324
4,1440527305,6913,57747,7324
5,1440527349,6914,57747,7324
6,1440527381,6909,57747,7324
7,1440527521,6912,57747,7324
8,1440527913,6907,57747,7324
0,1445857003,6919,57748,7324
1,1445857152,6917,57748,7324
2,1445858139,6918,57748,7324
0,1445860376,6916,57749,7324
1,1445860537,6921,57749,7324
2,1445860731,6922,57749,7324
1,1442378708,93,57753,7325
2,1442378822,13545,57753,7325
3,1442378882,2680,57753,7325
4,1442378893,8102,57753,7325
0,1442828541,7322,57755,7325
3,1442828729,3924,57755,7325
4,1442828733,11065,57755,7325
0,1442985026,1304,57756,7325
2,1442985772,11065,57756,7325
4,1442985910,3924,57756,7325
5,1442985955,16061,57756,7325
0,1440492907,12230,57793,7330
1,1440492952,33187,57793,7330
3,1440493024,23242,57793,7330
1,1440594050,19710,57796,7330
2,1440594069,13987,57796,7330
3,1440594081,20831,57796,7330
0,1440751339,24596,57799,7330
2,1440751379,25812,57799,7330
3,1440753148,4587,57799,7330
6,1440753349,1490,57799,7330
0,1444222861,1586,57825,7333
1,1444223303,997,57825,7333
2,1444223322,25183,57825,7333
3,1444223343,15021,57825,7333
0,1444317670,998,57826,7333
1,1444317697,12102,57826,7333
3,1444317730,988,57826,7333
4,1444317755,3241,57826,7333
0,1444376007,3240,57827,7333
1,1444376046,5871,57827,7333
2,1444376063,2707,57827,7333
1,1444987088,6039,57830,7333
3,1444987259,2691,57830,7333
4,1444987265,10749,57830,7333
5,1444987280,15018,57830,7333
0,1445499776,8418,57835,7333
1,1445500806,2684,57835,7333
2,1445501496,13086,57835,7333
0,1445505235,871,57836,7333
1,1445505327,11744,57836,7333
2,1445505658,8408,57836,7333
0,1445518820,8418,57837,7333
2,1445518845,2702,57837,7333
3,1445518860,2684,57837,7333
4,1445518871,30636,57837,7333
5,1445518892,8711,57837,7333
6,1445518929,3257,57837,7333
1,1442572925,1433,57896,7340
5,1442573056,6102,57896,7340
7,1442573778,15118,57896,7340
9,1442573832,6099,57896,7340
13,1442573967,92,57896,7340
15,1442573991,5085,57896,7340
18,1442574091,6101,57896,7340
2,1442574274,5039,57896,7340
6,1442574369,5047,57896,7340
8,1442574446,10766,57896,7340
11,1442574864,10753,57896,7340
13,1442574893,6104,57896,7340
15,1442574993,14994,57896,7340
1,1442730408,100,57897,7340
2,1442730462,1304,57897,7340
3,1442730523,2346,57897,7340
1,1444027315,5103,57899,7340
5,1444027449,6004,57899,7340
12,1444027568,22312,57899,7340
15,1444027623,10757,57899,7340
18,1444027966,18929,57899,7340
0,1444028031,18025,57899,7340
2,1444028080,17446,57899,7340
4,1444028842,12971,57899,7340
6,1444028909,8618,57899,7340
8,1444029127,12973,57899,7340
1,1444048966,8481,57900,7340
3,1444049013,18935,57900,7340
5,1444049138,3834,57900,7340
0,1441888914,32829,58002,7353
1,1441889366,230,58002,7353
4,1441889844,12521,58002,7353
5,1441889902,3983,58002,7353
6,1441889923,10657,58002,7353
0,1442393523,4213,58003,7353
2,1442393908,25812,58003,7353
3,1442393927,230,58003,7353
4,1442393959,3000,58003,7353
6,1442394020,14962,58003,7353
8,1442394074,20628,58003,7353
10,1442394176,4199,58003,7353
0,1442398449,4213,58004,7353
1,1442398728,3035,58004,7353
2,1442398756,230,58004,7353
5,1442399475,4130,58004,7353
6,1442399521,12230,58004,7353
7,1442399582,2850,58004,7353
8,1442399746,3017,58004,7353
9,1442399899,2991,58004,7353
10,1442399982,1498,58004,7353
11,1442400098,1139,58004,7353
13,1442400427,20628,58004,7353
0,1442472653,4213,58005,7353
1,1442472706,1360,58005,7353
2,1442472708,13,58005,7353
5,1442473130,25812,58005,7353
6,1442473153,230,58005,7353
7,1442473169,3000,58005,7353
8,1442473651,14962,58005,7353
11,1442474003,20628,58005,7353
13,1442474193,4199,58005,7353
17,1442474641,2308,58005,7353
19,1442475035,10140,58005,7353
0,1442475053,1307,58005,7353
1,1442475138,13962,58005,7353
1,1442477522,12078,58006,7353
7,1442478782,1360,58006,7353
12,1442479391,1333,58006,7353
13,1442479669,10002,58006,7353
19,1442480541,431,58006,7353
0,1442483116,1360,58007,7353
1,1442484323,4213,58007,7353
2,1442484373,3035,58007,7353
2,1446800839,10708,58009,7353
7,1446802912,20734,58009,7353
8,1446802936,5391,58009,7353
9,1446802955,1360,58009,7353
10,1446802969,4130,58009,7353
11,1446803071,2850,58009,7353
12,1446803160,1498,58009,7353
13,1446803781,1139,58009,7353
15,1446805114,4136,58009,7353
18,1446805194,833,58009,7353
0,1443590619,1759,58042,7358
3,1443592146,7896,58042,7358
4,1443592189,3481,58042,7358
1,1443847760,7177,58043,7358
3,1443848306,20640,58043,7358
4,1443848318,5269,58043,7358
6,1443848363,23061,58043,7358
11,1443848432,13036,58043,7358
15,1443848485,10181,58043,7358
16,1443848523,282,58043,7358
17,1443848534,23806,58043,7358
18,1443848561,5717,58043,7358
1,1443848599,3913,58043,7358
2,1443848602,6185,58043,7358
5,1443848685,3395,58043,7358
6,1443848687,13776,58043,7358
6,1444039739,7177,58044,7358
7,1444039841,7574,58044,7358
9,1444040194,4413,58044,7358
10,1444040217,29398,58044,7358
13,1444040338,10181,58044,7358
0,1442432582,8986,58058,7359
1,1442432714,23249,58058,7359
2,1442432804,3975,58058,7359
3,1442432910,23248,58058,7359
4,1442432995,5763,58058,7359
5,1442433020,6116,58058,7359
0,1443416609,7322,58059,7359
1,1443416640,5763,58059,7359
2,1443416697,5765,58059,7359
0,1443553920,5765,58060,7359
1,1443553962,15718,58060,7359
2,1443554028,8986,58060,7359
4,1443554134,5763,58060,7359
5,1443554214,5764,58060,7359
6,1443554277,14,58060,7359
7,1443554292,8128,58060,7359
1,1444062364,4460,58201,7380
2,1444062448,3038,58201,7380
3,1444062506,2405,58201,7380
4,1444062674,8219,58201,7380
5,1444062692,12190,58201,7380
6,1444062719,8780,58201,7380
7,1444062729,3473,58201,7380
8,1444062740,34,58201,7380
9,1444062755,13733,58201,7380
10,1444062798,165,58201,7380
11,1444063029,17523,58201,7380
0,1444122939,3146,58202,7380
1,1444122967,2405,58202,7380
2,1444123065,3972,58202,7380
3,1444123163,1140,58202,7380
0,1444291048,3972,58203,7380
1,1444291165,1311,58203,7380
2,1444291256,4729,58203,7380
3,1444291290,25039,58203,7380
4,1444291295,17525,58203,7380
5,1444291394,1135,58203,7380
6,1444291421,5391,58203,7380
7,1444291422,1163,58203,7380
9,1444291464,30,58203,7380
10,1444291485,4460,58203,7380
11,1444291495,8780,58203,7380
0,1444465202,1163,58204,7380
1,1444465233,3146,58204,7380
2,1444465244,1212,58204,7380
3,1444465256,1140,58204,7380
4,1444465278,3972,58204,7380
5,1444465321,1311,58204,7380
6,1444465328,34,58204,7380
7,1444465337,5391,58204,7380
8,1444465349,1135,58204,7380
9,1444465388,5790,58204,7380
10,1444465417,17525,58204,7380
11,1444466072,25039,58204,7380
12,1444466082,8622,58204,7380
13,1444466100,30,58204,7380
14,1444466106,4460,58204,7380
16,1444466238,8780,58204,7380
0,1444669208,3972,58205,7380
1,1444669258,17525,58205,7380
2,1444669694,5,58205,7380
3,1444669764,5795,58205,7380
1,1443245685,2069,58219,7381
4,1443245743,26007,58219,7381
5,1443245830,9622,58219,7381
6,1443245843,1345,58219,7381
8,1443245999,17341,58219,7381
10,1443246099,3918,58219,7381
0,1443376852,273,58220,7381
2,1443376890,15870,58220,7381
3,1443376966,7463,58220,7381
4,1443377035,16670,58220,7381
0,1443965504,15811,58223,7381
1,1443965537,7463,58223,7381
2,1443965575,1795,58223,7381
3,1443965592,1304,58223,7381
0,1444244282,22623,58299,7391
5,1444244478,2004,58299,7391
6,1444244500,16293,58299,7391
8,1444244535,2008,58299,7391
11,1444244568,10942,58299,7391
13,1444244579,12583,58299,7391
2,1444321935,2010,58300,7391
4,1444321941,1976,58300,7391
8,1444322041,16293,58300,7391
9,1444322045,22624,58300,7391
10,1444322050,22623,58300,7391
12,1444322061,2004,58300,7391
5,1444322599,12583,58300,7391
5,1444658794,2000,58301,7391
10,1444658861,2007,58301,7391
16,1444658981,2001,58301,7391
0,1443540296,4069,58329,7395
1,1443540411,4068,58329,7395
2,1443541252,4067,58329,7395
3,1443541434,4070,58329,7395
0,1444672808,4077,58330,7395
1,1444672933,1212,58330,7395
2,1444673124,4082,58330,7395
3,1444673151,4074,58330,7395
4,1444673221,3956,58330,7395
5,1444673358,4075,58330,7395
6,1444673419,4081,58330,7395
7,1444673517,4076,58330,7395
8,1444673923,4072,58330,7395
9,1444673986,4073,58330,7395
10,1444674072,4071,58330,7395
11,1444674491,4079,58330,7395
12,1444674540,4080,58330,7395
0,1444821554,4091,58331,7395
1,1444821915,4093,58331,7395
2,1444822064,4087,58331,7395
3,1444822180,4095,58331,7395
6,1444822276,4094,58331,7395
8,1444822514,6508,58331,7395
10,1444822526,4092,58331,7395
12,1444822799,4084,58331,7395
13,1444822932,4086,58331,7395
14,1444822949,4097,58331,7395
15,1444823212,4085,58331,7395
17,1444823306,4088,58331,7395
18,1444823416,4089,58331,7395
19,1444823443,4096,58331,7395
0,1444823456,4090,58331,7395
1,1444824204,8061,58331,7395
0,1445193651,4100,58332,7395
1,1445193670,3646,58332,7395
2,1445193704,4099,58332,7395
3,1445194268,4098,58332,7395
0,1445438457,4101,58333,7395
2,1445439128,4102,58333,7395
3,1445439278,300,58333,7395
0,1441722224,1140,58376,7401
2,1441722416,2563,58376,7401
4,1441722493,18843,58376,7401
5,1441722567,19933,58376,7401
0,1441865610,1140,58377,7401
3,1441866317,8746,58377,7401
9,1441867675,7316,58377,7401
0,1444721367,3059,58378,7401
5,1444722155,12090,58378,7401
8,1444722464,31377,58378,7401
9,1444723823,823,58378,7401
10,1444723835,12844,58378,7401
11,1444723953,6386,58378,7401
0,1444732019,3059,58380,7401
1,1444732102,315,58380,7401
3,1444732926,12844,58380,7401
0,1445246715,3059,58381,7401
1,1445246767,4866,58381,7401
7,1445248101,15447,58381,7401
8,1445248928,6386,58381,7401
0,1441676318,3463,58420,7407
1,1441676361,122,58420,7407
2,1441676447,132,58420,7407
0,1442198938,1304,58423,7407
1,1442198987,8,58423,7407
2,1442198999,1491,58423,7407
3,1442199105,7,58423,7407
4,1442199155,6271,58423,7407
5,1442199287,3000,58423,7407
0,1442414740,136,58424,7407
1,1442414923,122,58424,7407
10,1442415916,35313,58424,7407
3,1442496869,1304,58425,7407
5,1442497045,7,58425,7407
6,1442497308,7309,58425,7407
7,1442497393,136,58425,7407
8,1442497467,4415,58425,7407
10,1442497549,122,58425,7407
12,1442497886,3034,58425,7407
14,1442498567,2336,58425,7407
18,1442499143,17429,58425,7407
0,1442499187,2,58425,7407
1,1440078486,170,58654,7442
4,1440078606,30927,58654,7442
7,1440078701,10001,58654,7442
9,1440078862,17884,58654,7442
11,1440079086,1100,58654,7442
12,1440079088,17897,58654,7442
2,1441720629,168,58656,7442
5,1441720902,172,58656,7442
6,1441720953,13430,58656,7442
0,1444110187,12971,58659,7442
1,1444110196,34016,58659,7442
2,1444110354,12220,58659,7442
3,1444110388,5103,58659,7442
0,1442227086,9090,58873,7473
1,1442227333,8970,58873,7473
3,1442227423,9098,58873,7473
0,1442294636,8970,58874,7473
2,1442294644,9098,58874,7473
3,1442294649,9090,58874,7473
0,1442378437,8970,58875,7473
2,1442378442,9098,58875,7473
3,1442378443,9090,58875,7473
0,1442464180,8970,58876,7473
2,1442464182,9098,58876,7473
3,1442464186,9090,58876,7473
0,1442549879,8970,58877,7473
2,1442549881,9098,58877,7473
3,1442549883,9090,58877,7473
3,1441957618,31262,59111,7500
4,1441957625,5225,59111,7500
11,1441957735,3457,59111,7500
13,1441957911,1931,59111,7500
14,1441958255,15125,59111,7500
16,1441958674,8840,59111,7500
19,1441959408,6806,59111,7500
1,1443022040,14034,59114,7500
2,1443022137,1934,59114,7500
3,1443022186,9276,59114,7500
5,1443022280,9900,59114,7500
6,1443022303,5226,59114,7500
1,1443222456,1943,59115,7500
5,1443222575,3147,59115,7500
6,1443222613,34894,59115,7500
8,1443222637,5225,59115,7500
0,1440440313,6907,59120,7501
1,1440440533,3008,59120,7501
2,1440440585,6906,59120,7501
3,1440440605,6913,59120,7501
4,1440440681,6909,59120,7501
5,1440440745,6910,59120,7501
6,1440440991,6669,59120,7501
7,1440441121,6912,59120,7501
8,1440441144,6915,59120,7501
9,1440441385,6911,59120,7501
10,1440441484,5312,59120,7501
11,1440441541,6908,59120,7501
12,1440441549,6914,59120,7501
0,1445770303,6919,59121,7501
1,1445770674,6916,59121,7501
2,1445770752,6917,59121,7501
3,1445771439,6918,59121,7501
0,1445774381,6920,59122,7501
1,1445774437,6921,59122,7501
2,1445774876,6916,59122,7501
3,1445775231,6922,59122,7501
0,1441348619,19,59191,7511
1,1441348826,105,59191,7511
2,1441348891,14,59191,7511
3,1441349027,2405,59191,7511
4,1441349058,2929,59191,7511
0,1441961667,10002,59192,7511
7,1441962401,96,59192,7511
8,1441962408,17418,59192,7511
1,1442603536,43,59193,7511
2,1442603537,172,59193,7511
3,1442603571,2147,59193,7511
4,1442603578,91,59193,7511
5,1442603583,3053,59193,7511
6,1442603690,182,59193,7511
7,1442603694,5678,59193,7511
8,1442603739,3017,59193,7511
0,1442904899,3026,59194,7511
1,1442904901,1304,59194,7511
2,1442905147,11520,59194,7511
3,1442905177,8,59194,7511
4,1442905188,19206,59194,7511
0,1442574477,344,59229,7515
1,1442574531,721,59229,7515
4,1442574690,10276,59229,7515
6,1442577370,26007,59230,7515
8,1442577649,20028,59230,7515
9,1442577665,5242,59230,7515
10,1442579334,9287,59230,7515
16,1442579650,10521,59230,7515
18,1442579698,7601,59230,7515
1,1443177956,26007,59234,7515
3,1443178124,17572,59234,7515
4,1443178270,21282,59234,7515
0,1440469186,2568,59300,7525
1,1440469242,3688,59300,7525
2,1440469376,3969,59300,7525
0,1444013877,2926,59301,7525
1,1444013980,1646,59301,7525
2,1444014001,2930,59301,7525
3,1444014072,1490,59301,7525
4,1444014079,3160,59301,7525
5,1444014166,1320,59301,7525
6,1444014181,2276,59301,7525
7,1444014212,3972,59301,7525
0,1444703393,1723,59302,7525
1,1444703438,1311,59302,7525
2,1444703480,12274,59302,7525
3,1444703594,2276,59302,7525
4,1444703748,3160,59302,7525
5,1444703770,3956,59302,7525
6,1444703824,3972,59302,7525
7,1444703846,4729,59302,7525
8,1444703907,3706,59302,7525
9,1444704072,3704,59302,7525
10,1444704123,2537,59302,7525
11,1444704175,5663,59302,7525
12,1444704203,1310,59302,7525
1,1440437566,35540,59307,7526
2,1440437616,3015,59307,7526
3,1440437660,11209,59307,7526
4,1440437692,41,59307,7526
0,1442133839,2994,59309,7526
2,1442134018,3046,59309,7526
4,1442134160,13960,59309,7526
1,1443894073,58,59312,7526
3,1443894139,1920,59312,7526
5,1443894293,9482,59312,7526
3,1442487494,11902,59429,7545
4,1442488355,8925,59429,7545
6,1442488417,11842,59429,7545
0,1443416358,12517,59430,7545
4,1443416931,12051,59430,7545
5,1443417081,16343,59430,7545
3,1443615307,12051,59432,7545
11,1443615684,16343,59432,7545
16,1443615877,12517,59432,7545
0,1443367196,4069,59454,7547
1,1443368152,4067,59454,7547
2,1443368334,4070,59454,7547
3,1443368511,4068,59454,7547
0,1444500286,4073,59455,7547
1,1444500372,4071,59455,7547
2,1444500523,4072,59455,7547
3,1444500558,4075,59455,7547
4,1444500908,4077,59455,7547
5,1444500951,4074,59455,7547
6,1444501033,1212,59455,7547
7,1444501076,4078,59455,7547
8,1444501317,4076,59455,7547
9,1444501321,3956,59455,7547
10,1444501391,4079,59455,7547
11,1444501440,4080,59455,7547
12,1444501519,4081,59455,7547
13,1444501524,4082,59455,7547
0,1444648814,6508,59456,7547
1,1444649232,4086,59456,7547
2,1444649306,4088,59456,7547
3,1444649380,4095,59456,7547
4,1444649399,4084,59456,7547
5,1444649415,4093,59456,7547
8,1444649549,4097,59456,7547
12,1444649823,4090,59456,7547
13,1444649864,4087,59456,7547
14,1444650076,4094,59456,7547
15,1444650208,4083,59456,7547
16,1444650343,4096,59456,7547
17,1444650412,4085,59456,7547
18,1444650616,4089,59456,7547
19,1444652004,8061,59456,7547
0,1445020904,4099,59457,7547
1,1445021451,4100,59457,7547
2,1445021468,4098,59457,7547
3,1445021470,3646,59457,7547
0,1445265578,300,59458,7547
2,1445266378,4102,59458,7547
3,1445266557,4101,59458,7547
0,1441094762,14652,59491,7552
1,1441094785,14593,59491,7552
2,1441094820,10766,59491,7552
6,1441094871,1353,59491,7552
7,1441094883,14603,59491,7552
8,1441094892,4057,59491,7552
10,1441095510,20833,59491,7552
11,1441095595,5507,59491,7552
13,1441095663,1521,59491,7552
1,1441099225,14652,59492,7552
3,1441099234,14593,59492,7552
4,1441099239,4057,59492,7552
6,1441100252,7194,59492,7552
7,1441100296,44804,59492,7552
8,1441100363,18835,59492,7552
12,1441100761,2563,59492,7552
13,1441100828,29899,59492,7552
14,1441101527,8782,59492,7552
0,1441193100,2143,59495,7552
3,1441193112,2300,59495,7552
5,1441193216,14652,59495,7552
6,1441193247,1353,59495,7552
7,1441193262,14603,59495,7552
8,1441193404,4057,59495,7552
9,1441193469,14593,59495,7552
10,1441193592,10766,59495,7552
0,1441196687,2639,59496,7552
4,1441196725,5524,59496,7552
5,1441196744,2300,59496,7552
8,1441197081,14652,59496,7552
9,1441197174,4057,59496,7552
10,1441197212,14593,59496,7552
12,1441197783,7194,59496,7552
13,1441197798,44804,59496,7552
14,1441197811,18835,59496,7552
18,1441197916,2563,59496,7552
19,1441197948,29899,59496,7552
1,1441202124,2639,59497,7552
5,1441202713,5524,59497,7552
6,1441202760,2300,59497,7552
9,1441202878,14652,59497,7552
10,1441203000,4057,59497,7552
11,1441203068,14593,59497,7552
13,1441203158,7194,59497,7552
14,1441203195,44804,59497,7552
15,1441203221,18835,59497,7552
0,1440440284,5312,59571,7564
1,1440440613,6907,59571,7564
2,1440440653,6906,59571,7564
3,1440440745,6910,59571,7564
4,1440440949,6914,59571,7564
5,1440440991,6669,59571,7564
6,1440441085,6911,59571,7564
7,1440441121,6912,59571,7564
8,1440441241,6908,59571,7564
9,1440441433,3008,59571,7564
10,1440441567,6909,59571,7564
11,1440441744,6915,59571,7564
0,1445771203,6919,59572,7564
1,1445771446,6917,59572,7564
2,1445771739,6918,59572,7564
0,1445774276,6916,59573,7564
1,1445774931,6922,59573,7564
2,1445775337,6921,59573,7564
0,1444144313,233,59585,7566
1,1444144360,232,59585,7566
2,1444144546,231,59585,7566
0,1445009241,235,59586,7566
1,1445009471,237,59586,7566
2,1445009855,239,59586,7566
3,1445010002,234,59586,7566
4,1445010111,238,59586,7566
5,1445010152,240,59586,7566
0,1445274163,24323,59587,7566
1,1445274398,242,59587,7566
2,1445274526,241,59587,7566
3,1445275138,240,59587,7566
4,1445275214,237,59587,7566
0,1440612985,6911,59631,7573
1,1440613021,6912,59631,7573
2,1440613084,5312,59631,7573
3,1440613330,6906,59631,7573
4,1440613413,6907,59631,7573
5,1440613705,6913,59631,7573
6,1440613749,6914,59631,7573
7,1440613767,6909,59631,7573
8,1440613791,6669,59631,7573
9,1440613933,3008,59631,7573
10,1440614341,6908,59631,7573
11,1440614445,6910,59631,7573
12,1440614544,6915,59631,7573
0,1445943339,6918,59632,7573
1,1445943403,6919,59632,7573
2,1445943547,6916,59632,7573
3,1445944246,6917,59632,7573
0,1445947076,6916,59633,7573
1,1445947237,6921,59633,7573
2,1445947781,6920,59633,7573
3,1445948031,6922,59633,7573
1,1441045512,3688,59687,7583
3,1441045543,2930,59687,7583
4,1441045650,2567,59687,7583
4,1442339860,8794,59689,7583
5,1442339939,5686,59689,7583
13,1442341047,4460,59689,7583
16,1442341306,8781,59689,7583
0,1443364607,19,59690,7583
1,1443364663,5757,59690,7583
2,1443364724,2930,59690,7583
3,1443364803,3700,59690,7583
4,1443364836,939,59690,7583
7,1443365005,7314,59690,7583
0,1442389632,6050,59732,7589
3,1442389775,3482,59732,7589
4,1442389783,134,59732,7589
5,1442389789,271,59732,7589
9,1442390094,3119,59732,7589
10,1442390174,2782,59732,7589
11,1442390194,5854,59732,7589
12,1442390255,9278,59732,7589
14,1442390568,5091,59732,7589
17,1442390860,5059,59732,7589
5,1442391249,22144,59732,7589
10,1442391627,13664,59732,7589
1,1442470386,1759,59733,7589
6,1442470410,11323,59733,7589
7,1442470644,6050,59733,7589
10,1442470716,271,59733,7589
11,1442470748,3482,59733,7589
12,1442470765,134,59733,7589
15,1442470839,3119,59733,7589
16,1442470919,2782,59733,7589
17,1442470954,5854,59733,7589
18,1442471024,9278,59733,7589
0,1442471067,5091,59733,7589
1,1442483867,1759,59734,7589
4,1442484357,385,59734,7589
8,1442485665,11323,59734,7589
9,1442485760,6050,59734,7589
12,1442485836,271,59734,7589
0,1440429175,3588,59833,7603
1,1440429313,3526,59833,7603
8,1440430352,8082,59833,7603
0,1442847507,7121,59834,7603
1,1442847545,1948,59834,7603
3,1442847703,3484,59834,7603
4,1442847847,4410,59834,7603
12,1442849232,15336,59834,7603
14,1442849381,5770,59834,7603
0,1444040652,3493,59835,7603
1,1444040679,1791,59835,7603
8,1444041162,7130,59835,7603
9,1444041267,11205,59835,7603
12,1444041878,1946,59835,7603
18,1444042060,7121,59835,7603
1,1442418423,546,59960,7620
4,1442419001,19885,59960,7620
6,1442419236,9219,59960,7620
0,1442512574,19885,59961,7620
1,1442512581,546,59961,7620
2,1442512779,9219,59961,7620
0,1442948256,546,59963,7620
1,1442948296,9219,59963,7620
2,1442948731,14803,59963,7620
4,1442949274,20877,59963,7620
0,1440429755,3963,59969,7621
1,1440429797,3980,59969,7621
2,1440429844,2989,59969,7621
3,1440429979,6115,59969,7621
0,1441179048,23607,59970,7621
3,1441179622,2994,59970,7621
5,1441179759,6908,59970,7621
0,1441878754,41,59971,7621
1,1441879051,13247,59971,7621
5,1441879309,32829,59971,7621
0,1441958999,1304,59972,7621
1,1441959095,19022,59972,7621
2,1441959161,3022,59972,7621
3,1441959187,3966,59972,7621
5,1441959490,6658,59972,7621
8,1441959999,1640,59972,7621
1,1441388859,1632,60004,7626
3,1441388927,1815,60004,7626
7,1441389275,20650,60004,7626
12,1441389910,2424,60004,7626
14,1441390127,3026,60004,7626
0,1441881658,1813,60005,7626
2,1441881776,3026,60005,7626
3,1441881809,2424,60005,7626
4,1441881856,8343,60005,7626
7,1441882003,632,60005,7626
8,1441882109,5664,60005,7626
9,1441882212,3584,60005,7626
1,1443024334,8343,60006,7626
2,1443024421,652,60006,7626
4,1443024638,3026,60006,7626
6,1443024728,632,60006,7626
7,1443024835,5664,60006,7626
0,1443540052,4067,60015,7628
1,1443540296,4069,60015,7628
2,1443540534,4070,60015,7628
3,1443541311,4068,60015,7628
0,1444672976,4078,60016,7628
1,1444673086,4073,60016,7628
2,1444673151,4074,60016,7628
3,1444673233,1212,60016,7628
4,1444673772,4071,60016,7628
5,1444673821,3956,60016,7628
6,1444674191,4079,60016,7628
7,1444674223,4072,60016,7628
8,1444674240,4080,60016,7628
9,1444674319,4081,60016,7628
10,1444674324,4082,60016,7628
0,1444821926,4092,60017,7628
1,1444822108,4083,60017,7628
2,1444822180,4095,60017,7628
7,1444822632,4086,60017,7628
8,1444822664,4087,60017,7628
9,1444822754,4091,60017,7628
10,1444822814,6508,60017,7628
11,1444822815,4093,60017,7628
12,1444823006,4088,60017,7628
14,1444823099,4084,60017,7628
15,1444823116,4089,60017,7628
16,1444823249,4097,60017,7628
17,1444823443,4096,60017,7628
18,1444823523,4090,60017,7628
19,1444824804,8061,60017,7628
0,1445193351,4100,60018,7628
1,1445193687,3646,60018,7628
2,1445194268,4098,60018,7628
0,1443768052,220,60084,7635
1,1443768069,5056,60084,7635
2,1443768100,9,60084,7635
0,1444034787,12963,60085,7635
1,1444034819,2265,60085,7635
2,1444034831,5068,60085,7635
3,1444034869,8481,60085,7635
4,1444034920,15290,60085,7635
5,1444034958,8613,60085,7635
0,1444983349,2265,60086,7635
1,1444983357,9,60086,7635
2,1444983376,8481,60086,7635
3,1444983405,26583,60086,7635
5,1444983453,220,60086,7635
0,1445946431,2265,60087,7635
1,1445946514,3843,60087,7635
2,1445946564,6014,60087,7635
4,1445946659,6010,60087,7635
5,1445946685,10763,60087,7635
7,1445946769,13445,60087,7635
9,1445946853,10758,60087,7635
0,1443453952,4067,60091,7636
1,1443454011,4068,60091,7636
2,1443454496,4069,60091,7636
3,1443454734,4070,60091,7636
0,1444586772,4071,60092,7636
1,1444587240,4080,60092,7636
2,1444587433,1212,60092,7636
3,1444587523,4072,60092,7636
4,1444587586,4073,60092,7636
5,1444587651,4074,60092,7636
6,1444587717,4076,60092,7636
7,1444587721,3956,60092,7636
8,1444587858,4075,60092,7636
9,1444587924,4082,60092,7636
10,1444588091,4079,60092,7636
0,1444735214,6508,60093,7636
1,1444735364,4087,60093,7636
2,1444735454,4091,60093,7636
3,1444735526,4092,60093,7636
4,1444735649,4097,60093,7636
10,1444736223,4090,60093,7636
11,1444736232,4086,60093,7636
12,1444736380,4095,60093,7636
13,1444736399,4084,60093,7636
14,1444736415,4093,60093,7636
15,1444736476,4094,60093,7636
16,1444736608,4083,60093,7636
18,1444736743,4096,60093,7636
19,1444736812,4085,60093,7636
0,1444736906,4088,60093,7636
1,1444737016,4089,60093,7636
2,1444738404,8061,60093,7636
0,1445107304,4099,60094,7636
1,1445107887,3646,60094,7636
2,1445108168,4098,60094,7636
0,1445351678,300,60095,7636
1,1445352657,4101,60095,7636
3,1445352778,4102,60095,7636
0,1442168501,2994,60138,7642
1,1442168536,170,60138,7642
2,1442168915,7190,60138,7642
3,1442168944,8780,60138,7642
0,1443485752,3147,60143,7642
4,1443485993,1723,60143,7642
5,1443486081,8714,60143,7642
7,1443486212,3146,60143,7642
9,1443486374,8780,60143,7642
0,1444790418,4732,60146,7642
1,1444790436,23248,60146,7642
2,1444790528,3047,60146,7642
3,1444790581,4254,60146,7642
0,1445144087,3162,60147,7642
1,1445144150,23317,60147,7642
2,1445144202,3716,60147,7642
1,1441647300,5851,60174,7646
2,1441647541,3239,60174,7646
4,1441647685,5859,60174,7646
0,1443233041,3239,60175,7646
1,1443233172,4785,60175,7646
2,1443233233,998,60175,7646
3,1443233316,989,60175,7646
4,1443233489,5539,60175,7646
9,1443233943,15992,60175,7646
0,1443326781,3239,60176,7646
1,1443326919,988,60176,7646
3,1443327053,3230,60176,7646
4,1443327086,10741,60176,7646
10,1443327775,5539,60176,7646
0,1443856201,11981,60177,7646
1,1443856283,4793,60177,7646
2,1443856455,5865,60177,7646
3,1443856503,5864,60177,7646
5,1443856932,5882,60177,7646
6,1443856956,988,60177,7646
8,1443857084,3239,60177,7646
1,1444160977,25516,60178,7646
2,1444161626,7575,60178,7646
3,1444161679,5864,60178,7646
4,1444161836,5878,60178,7646
5,1444161925,5539,60178,7646
0,1441648527,5648,60198,7650
1,1441648549,8751,60198,7650
2,1441648677,10002,60198,7650
0,1441651125,8219,60199,7650
1,1441651231,165,60199,7650
3,1441651384,10703,60199,7650
7,1441652617,13590,60199,7650
8,1441652728,17467,60199,7650
9,1441652831,5668,60199,7650
10,1441653138,8798,60199,7650
13,1441654302,933,60199,7650
14,1441654365,3160,60199,7650
0,1443508141,34,60200,7650
1,1443508169,14650,60200,7650
2,1443508193,5668,60200,7650
3,1443508228,2930,60200,7650
4,1443508250,3160,60200,7650
7,1443508355,2147,60200,7650
8,1443508387,1140,60200,7650
9,1443508458,2276,60200,7650
10,1443508570,3146,60200,7650
11,1443508619,2926,60200,7650
0,1443601483,2930,60201,7650
1,1443601538,4469,60201,7650
2,1443601691,3160,60201,7650
3,1443601705,2147,60201,7650
5,1443601783,16322,60201,7650
1,1443627732,5394,60202,7650
3,1443627797,16395,60202,7650
9,1443628283,272,60202,7650
0,1444034764,2930,60203,7650
1,1444034792,4479,60203,7650
2,1444034820,5668,60203,7650
0,1444251701,4479,60205,7650
1,1444251728,23090,60205,7650
5,1444251885,1601,60205,7650
10,1444252791,28302,60205,7650
11,1444253741,7510,60205,7650
12,1444253773,31436,60205,7650
14,1444253879,14960,60205,7650
0,1441774249,228,60379,7674
1,1441774319,230,60379,7674
2,1441774974,229,60379,7674
0,1444143713,233,60380,7674
1,1444144060,232,60380,7674
2,1444144246,231,60380,7674
0,1445009102,234,60381,7674
1,1445009211,238,60381,7674
2,1445009255,239,60381,7674
3,1445009471,237,60381,7674
4,1445009841,235,60381,7674
5,1445010050,236,60381,7674
6,1445010152,240,60381,7674
0,1445274163,24323,60382,7674
1,1445275138,240,60382,7674
2,1445275214,237,60382,7674
3,1445275298,242,60382,7674
4,1445275426,241,60382,7674
0,1443539996,4069,60483,7688
1,1443540052,4067,60483,7688
2,1443541011,4068,60483,7688
3,1443541434,4070,60483,7688
0,1444673151,4074,60484,7688
1,1444673386,4073,60484,7688
2,1444673640,4080,60484,7688
3,1444673821,3956,60484,7688
4,1444673833,1212,60484,7688
5,1444673923,4072,60484,7688
6,1444674024,4082,60484,7688
7,1444674117,4076,60484,7688
8,1444674176,4078,60484,7688
9,1444674191,4079,60484,7688
10,1444674258,4075,60484,7688
11,1444674319,4081,60484,7688
0,1444821554,4091,60485,7688
1,1444821914,6508,60485,7688
2,1444822032,4086,60485,7688
3,1444822215,4093,60485,7688
5,1444822516,4089,60485,7688
6,1444822526,4092,60485,7688
8,1444822543,4096,60485,7688
9,1444822708,4083,60485,7688
10,1444822780,4095,60485,7688
11,1444822799,4084,60485,7688
12,1444822876,4094,60485,7688
13,1444822949,4097,60485,7688
14,1444822964,4087,60485,7688
15,1444823006,4088,60485,7688
17,1444823212,4085,60485,7688
19,1444823223,4090,60485,7688
0,1445193368,4098,60486,7688
1,1445193387,3646,60486,7688
2,1445193651,4100,60486,7688
3,1445194304,4099,60486,7688
1,1445438528,4102,60487,7688
2,1445439057,4101,60487,7688
3,1445439278,300,60487,7688
0,1442170319,19,60545,7697
1,1442170343,7190,60545,7697
2,1442170394,3026,60545,7697
0,1442781374,1491,60546,7697
1,1442781400,13,60546,7697
2,1442781411,3026,60546,7697
4,1442781522,941,60546,7697
5,1442781572,5657,60546,7697
6,1442781696,3980,60546,7697
7,1442781719,185,60546,7697
0,1443670267,1304,60548,7697
2,1443670370,3178,60548,7697
3,1443670389,25188,60548,7697
4,1443670455,6574,60548,7697
5,1443670472,2574,60548,7697
6,1443670504,3054,60548,7697
7,1443670591,10,60548,7697
9,1443670683,29,60548,7697
0,1444107812,13,60549,7697
1,1444107882,1005,60549,7697
2,1444107955,10,60549,7697
3,1444108011,3054,60549,7697
5,1444108147,2537,60549,7697
6,1444108179,29,60549,7697
7,1444108189,3980,60549,7697
8,1444108202,3988,60549,7697
9,1444108288,1313,60549,7697
10,1444108393,5723,60549,7697
0,1444640585,1320,60550,7697
1,1444640592,3146,60550,7697
2,1444640631,3178,60550,7697
3,1444640646,10683,60550,7697
4,1444640663,2276,60550,7697
6,1444640717,10690,60550,7697
7,1444640778,21,60550,7697
8,1444640931,5713,60550,7697
9,1444640949,3054,60550,7697
0,1443013534,20206,60593,7703
1,1443013606,42204,60593,7703
4,1443013832,2930,60593,7703
5,1443013848,1140,60593,7703
6,1443013916,3146,60593,7703
7,1443014186,939,60593,7703
8,1443014189,7308,60593,7703
9,1443014220,3703,60593,7703
11,1443014373,2336,60593,7703
3,1443432004,9092,60595,7703
9,1443433210,5772,60595,7703
16,1443433897,13484,60595,7703
1,1443434619,8241,60595,7703
0,1443503590,5405,60596,7703
3,1443503842,2925,60596,7703
5,1443503925,939,60596,7703
7,1443504039,15357,60596,7703
8,1443504072,27600,60596,7703
9,1443504110,1144,60596,7703
0,1444118527,33361,60598,7703
1,1444118661,2951,60598,7703
5,1444119381,4460,60598,7703
8,1444119858,11823,60598,7703
9,1444120158,8270,60598,7703
0,1445456894,2276,60604,7703
1,1445456955,1320,60604,7703
2,1445456989,3160,60604,7703
0,1440070925,5851,60609,7704
4,1440071308,9204,60609,7704
7,1440071493,3230,60609,7704
1,1442308247,9590,60611,7704
2,1442308270,995,60611,7704
3,1442308332,25516,60611,7704
1,1443591543,3243,60613,7704
2,1443591579,5861,60613,7704
3,1443591595,13061,60613,7704
0,1440613141,6908,60702,7714
1,1440613153,6906,60702,7714
2,1440613285,6911,60702,7714
3,1440613321,6912,60702,7714
4,1440613384,5312,60702,7714
5,1440613491,6669,60702,7714
6,1440613933,3008,60702,7714
7,1440614013,6907,60702,7714
8,1440614367,6909,60702,7714
9,1440614452,6910,60702,7714
10,1440614544,6915,60702,7714
11,1440614605,6913,60702,7714
0,1445943103,6919,60703,7714
1,1445943646,6917,60703,7714
2,1445944147,6916,60703,7714
3,1445944239,6918,60703,7714
0,1445946881,6920,60704,7714
1,1445946937,6921,60704,7714
2,1445947676,6916,60704,7714
3,1445947731,6922,60704,7714
0,1441864215,3913,60722,7717
1,1441864273,653,60722,7717
2,1441864360,13987,60722,7717
3,1441864694,19520,60722,7717
4,1441864883,5663,60722,7717
5,1441864926,20650,60722,7717
7,1441865034,3584,60722,7717
9,1441865194,3333,60722,7717
10,1441865232,23061,60722,7717
11,1441865311,1813,60722,7717
0,1443505221,20650,60724,7717
1,1443505231,3913,60724,7717
2,1443505248,6285,60724,7717
1,1445504346,9926,60727,7717
4,1445504572,3647,60727,7717
5,1445504838,2349,60727,7717
6,1445505247,9092,60727,7717
7,1445505279,1648,60727,7717
0,1445535429,9926,60728,7717
1,1445535436,1648,60728,7717
3,1445535439,6303,60728,7717
4,1445535439,2349,60728,7717
5,1445535439,3647,60728,7717
8,1443161502,8031,60832,7728
15,1443162207,7120,60832,7728
17,1443162291,7689,60832,7728
2,1443163810,22144,60832,7728
0,1444656957,7133,60839,7728
1,1444657006,10262,60839,7728
2,1444657028,12469,60839,7728
0,1444661315,3132,60840,7728
1,1444661341,17627,60840,7728
2,1444661348,10281,60840,7728
0,1443454496,4069,60887,7736
1,1443454552,4067,60887,7736
2,1443454611,4068,60887,7736
3,1443454734,4070,60887,7736
0,1444586521,3956,60888,7736
1,1444586751,4074,60888,7736
2,1444586876,4078,60888,7736
3,1444586891,4079,60888,7736
4,1444586958,4075,60888,7736
5,1444587240,4080,60888,7736
6,1444587372,4071,60888,7736
7,1444587586,4073,60888,7736
8,1444587717,4076,60888,7736
9,1444587733,1212,60888,7736
10,1444587823,4072,60888,7736
11,1444587919,4081,60888,7736
12,1444587924,4082,60888,7736
0,1444735364,4087,60889,7736
1,1444735408,4083,60889,7736
2,1444735454,4091,60889,7736
3,1444735514,6508,60889,7736
4,1444735799,4084,60889,7736
5,1444735815,4093,60889,7736
6,1444735912,4085,60889,7736
7,1444735949,4097,60889,7736
10,1444736126,4092,60889,7736
11,1444736232,4086,60889,7736
12,1444736476,4094,60889,7736
13,1444736606,4088,60889,7736
14,1444736680,4095,60889,7736
17,1444736743,4096,60889,7736
19,1444737016,4089,60889,7736
1,1444737123,4090,60889,7736
2,1444737804,8061,60889,7736
0,1445107251,4100,60890,7736
1,1445107268,4098,60890,7736
2,1445107270,3646,60890,7736
3,1445107904,4099,60890,7736
0,1440580738,50049,60936,7743
2,1440581157,21579,60936,7743
4,1440581790,6869,60936,7743
5,1440581829,44804,60936,7743
6,1440581910,7754,60936,7743
7,1440581964,7486,60936,7743
1,1440685530,21114,60939,7743
4,1440685679,44598,60939,7743
6,1440685802,9122,60939,7743
9,1440686003,12750,60939,7743
3,1441095175,3378,60943,7743
9,1441095854,3427,60943,7743
12,1441096040,8799,60943,7743
13,1441096453,10170,60943,7743
15,1441097348,12689,60943,7743
16,1441097487,11844,60943,7743
17,1441097627,1144,60943,7743
0,1441603839,6186,60947,7743
1,1441603987,11881,60947,7743
5,1441604343,10027,60947,7743
7,1441604597,13908,60947,7743
0,1441834843,431,60993,7745
1,1441834877,1944,60993,7745
2,1441834986,122,60993,7745
0,1442037077,1815,60994,7745
1,1442037094,386,60994,7745
2,1442037135,1944,60994,7745
0,1443643237,6074,60995,7745
1,1443643241,3638,60995,7745
2,1443643251,12670,60995,7745
3,1443643275,7893,60995,7745
1,1444678182,9926,60997,7745
2,1444678357,3475,60997,7745
3,1444678380,730,60997,7745
0,1440270541,1443,61214,7775
2,1440270659,2770,61214,7775
3,1440270754,382,61214,7775
4,1440271064,5859,61214,7775
5,1440271134,29398,61214,7775
1,1442692199,21115,61215,7775
2,1442692208,2778,61215,7775
3,1442692280,29398,61215,7775
4,1442692507,2787,61215,7775
5,1442692555,3481,61215,7775
6,1442692728,1304,61215,7775
4,1443121735,1948,61216,7775
5,1443121752,7112,61216,7775
6,1443121903,29168,61216,7775
1,1444687971,2787,61217,7775
2,1444687998,7574,61217,7775
4,1444689613,9926,61217,7775
2,1444766649,9926,61218,7775
5,1444767083,1698,61218,7775
7,1444767355,3930,61218,7775
8,1444767420,20937,61218,7775
4,1441650652,4217,61281,7785
5,1441650670,29862,61281,7785
6,1441650692,18486,61281,7785
0,1442124009,18486,61282,7785
2,1442124216,1353,61282,7785
3,1442124269,1074,61282,7785
6,1442124567,7904,61282,7785
0,1442521800,1074,61284,7785
1,1442521834,9900,61284,7785
7,1442522346,19532,61284,7785
0,1444320851,9303,61285,7785
1,1444320862,18858,61285,7785
2,1444320953,4191,61285,7785
3,1444320980,721,61285,7785
6,1444321121,546,61285,7785
8,1444321284,15070,61285,7785
0,1445982609,18858,61286,7785
1,1445982652,3648,61286,7785
4,1445982957,11672,61286,7785
0,1443267414,55767,61333,7793
1,1443267493,55768,61333,7793
2,1443267565,55769,61333,7793
1,1443281061,55767,61334,7793
2,1443281061,55768,61334,7793
3,1443281064,55769,61334,7793
1,1443291405,55767,61335,7793
2,1443291405,55768,61335,7793
3,1443291407,55769,61335,7793
4,1443292119,55771,61335,7793
6,1443293330,52798,61335,7793
7,1443293519,28699,61335,7793
8,1443294057,55772,61335,7793
9,1443294225,55773,61335,7793
0,1443332180,55772,61336,7793
1,1443332182,55773,61336,7793
2,1443332184,28699,61336,7793
3,1443332185,52798,61336,7793
4,1443332187,55771,61336,7793
6,1443332190,55767,61336,7793
7,1443332192,55768,61336,7793
8,1443332193,55769,61336,7793
0,1443335698,55772,61337,7793
1,1443335701,55773,61337,7793
2,1443335703,52798,61337,7793
3,1443335703,28699,61337,7793
4,1443335705,55771,61337,7793
6,1443335708,55767,61337,7793
7,1443335709,55768,61337,7793
8,1443335710,55769,61337,7793
0,1443416935,55772,61338,7793
1,1443416937,55773,61338,7793
2,1443416939,28699,61338,7793
3,1443416940,52798,61338,7793
4,1443416943,55771,61338,7793
6,1443416950,55767,61338,7793
7,1443416951,55768,61338,7793
8,1443416953,55769,61338,7793
0,1443465536,55772,61339,7793
1,1443465539,55773,61339,7793
2,1443465540,28699,61339,7793
3,1443465541,52798,61339,7793
4,1443465542,55771,61339,7793
6,1443465545,55767,61339,7793
7,1443465545,55768,61339,7793
8,1443465547,55769,61339,7793
0,1443537304,55772,61340,7793
1,1443537307,55773,61340,7793
2,1443537309,28699,61340,7793
3,1443537310,52798,61340,7793
4,1443537311,55771,61340,7793
6,1443537316,55767,61340,7793
7,1443537316,55768,61340,7793
8,1443537318,55769,61340,7793
0,1443623452,55772,61341,7793
1,1443623454,55773,61341,7793
2,1443623455,28699,61341,7793
3,1443623458,52798,61341,7793
5,1443623461,55771,61341,7793
6,1443623464,55767,61341,7793
7,1443623464,55768,61341,7793
8,1443623465,55769,61341,7793
0,1443707906,55772,61342,7793
1,1443707907,55773,61342,7793
2,1443707909,55771,61342,7793
3,1443707909,52798,61342,7793
4,1443707909,28699,61342,7793
5,1443707912,55767,61342,7793
7,1443707917,55768,61342,7793
8,1443707919,55769,61342,7793
0,1443725325,55772,61343,7793
1,1443725326,55773,61343,7793
2,1443725328,28699,61343,7793
3,1443725329,52798,61343,7793
4,1443725329,55771,61343,7793
0,1443899845,55773,61344,7793
1,1443899845,55772,61344,7793
2,1443899847,52798,61344,7793
3,1443899847,55771,61344,7793
4,1443899847,28699,61344,7793
6,1443899852,55767,61344,7793
7,1443899857,55768,61344,7793
8,1443899858,55769,61344,7793
0,1443950389,55772,61345,7793
1,1443950391,55773,61345,7793
2,1443950392,52798,61345,7793
3,1443950392,28699,61345,7793
4,1443950394,55771,61345,7793
6,1443950396,55767,61345,7793
7,1443950396,55768,61345,7793
8,1443950397,55769,61345,7793
0,1443972945,55772,61346,7793
1,1443972947,55773,61346,7793
2,1443972950,52798,61346,7793
3,1443972950,28699,61346,7793
4,1443972951,55771,61346,7793
6,1443972954,55767,61346,7793
7,1443972954,55768,61346,7793
8,1443972955,55769,61346,7793
0,1443985288,55772,61347,7793
1,1443985289,55773,61347,7793
2,1443985291,52798,61347,7793
3,1443985291,28699,61347,7793
4,1443985292,55771,61347,7793
6,1443985295,55767,61347,7793
7,1443985296,55769,61347,7793
8,1443985296,55768,61347,7793
0,1444146699,55772,61348,7793
1,1444146700,55773,61348,7793
2,1444146703,52798,61348,7793
3,1444146703,28699,61348,7793
4,1444146704,55771,61348,7793
5,1444146707,55767,61348,7793
6,1444146708,55768,61348,7793
7,1444146708,55769,61348,7793
0,1444156092,55772,61349,7793
1,1444156093,55773,61349,7793
2,1444156094,28699,61349,7793
3,1444156095,55771,61349,7793
4,1444156095,52798,61349,7793
5,1444156098,55767,61349,7793
6,1444156098,55768,61349,7793
7,1444156100,55769,61349,7793
0,1444223172,55772,61350,7793
1,1444223175,55773,61350,7793
2,1444223176,28699,61350,7793
3,1444223177,52798,61350,7793
4,1444223178,55771,61350,7793
5,1444223181,55767,61350,7793
6,1444223182,55769,61350,7793
7,1444223183,55768,61350,7793
0,1444309737,55772,61351,7793
1,1444309739,55773,61351,7793
2,1444309741,28699,61351,7793
3,1444309742,52798,61351,7793
4,1444309743,55771,61351,7793
5,1444309746,55767,61351,7793
6,1444309746,55768,61351,7793
7,1444309747,55769,61351,7793
0,1444326829,55773,61352,7793
1,1444326830,28699,61352,7793
2,1444326831,52798,61352,7793
3,1444326832,55771,61352,7793
4,1444326835,55767,61352,7793
5,1444326837,55768,61352,7793
6,1444326840,55769,61352,7793
0,1444397200,55772,61353,7793
1,1444397202,55773,61353,7793
2,1444397203,28699,61353,7793
3,1444397204,52798,61353,7793
4,1444397204,55771,61353,7793
5,1444397207,55767,61353,7793
6,1444397211,55769,61353,7793
7,1444397212,55768,61353,7793
0,1444460908,55772,61354,7793
1,1444460909,55773,61354,7793
2,1444460909,28699,61354,7793
3,1444460911,52798,61354,7793
4,1444460911,55771,61354,7793
5,1444460913,55767,61354,7793
6,1444460914,55768,61354,7793
7,1444460915,55769,61354,7793
0,1444505439,55773,61355,7793
1,1444505439,55772,61355,7793
2,1444505441,52798,61355,7793
3,1444505441,28699,61355,7793
4,1444505442,55771,61355,7793
5,1444505445,55767,61355,7793
6,1444505445,55768,61355,7793
7,1444505445,55769,61355,7793
0,1444569234,55772,61356,7793
1,1444569236,55773,61356,7793
2,1444569237,28699,61356,7793
3,1444569239,52798,61356,7793
4,1444569242,55771,61356,7793
5,1444569246,55767,61356,7793
6,1444569247,55768,61356,7793
7,1444569249,55769,61356,7793
0,1444665340,55772,61357,7793
1,1444665340,55773,61357,7793
2,1444665342,28699,61357,7793
3,1444665344,55771,61357,7793
4,1444665344,52798,61357,7793
5,1444665347,55767,61357,7793
6,1444665349,55769,61357,7793
7,1444665349,55768,61357,7793
0,1444828003,55772,61358,7793
1,1444828003,55773,61358,7793
2,1444828005,52798,61358,7793
3,1444828006,28699,61358,7793
4,1444828007,55771,61358,7793
5,1444828011,55767,61358,7793
6,1444828012,55768,61358,7793
7,1444828016,55769,61358,7793
0,1444925816,55772,61359,7793
1,1444925816,55773,61359,7793
2,1444925818,52798,61359,7793
3,1444925818,28699,61359,7793
4,1444925819,55771,61359,7793
5,1444925821,55767,61359,7793
6,1444925823,55769,61359,7793
7,1444925823,55768,61359,7793
0,1445002132,55772,61360,7793
1,1445002136,55773,61360,7793
2,1445002136,28699,61360,7793
3,1445002139,52798,61360,7793
4,1445002141,55771,61360,7793
5,1445002145,55767,61360,7793
6,1445002147,55768,61360,7793
7,1445002147,55769,61360,7793
0,1445085377,55772,61361,7793
1,1445085378,55773,61361,7793
2,1445085380,28699,61361,7793
0,1445091062,55772,61362,7793
1,1445091064,55773,61362,7793
2,1445091065,28699,61362,7793
3,1445091066,52798,61362,7793
4,1445091067,55771,61362,7793
5,1445091069,55767,61362,7793
6,1445091072,55769,61362,7793
0,1445158923,55772,61363,7793
1,1445158925,55773,61363,7793
2,1445158927,28699,61363,7793
3,1445158928,52798,61363,7793
4,1445158929,55771,61363,7793
5,1445158931,55767,61363,7793
6,1445158934,55769,61363,7793
0,1445178805,55772,61364,7793
1,1445178806,55773,61364,7793
2,1445178808,28699,61364,7793
3,1445178809,52798,61364,7793
4,1445178811,55771,61364,7793
5,1445178812,55767,61364,7793
6,1445178814,55769,61364,7793
0,1445240450,55772,61365,7793
1,1445240452,55773,61365,7793
2,1445240458,52798,61365,7793
3,1445240458,28699,61365,7793
4,1445240459,55771,61365,7793
5,1445240461,55767,61365,7793
6,1445240462,55769,61365,7793
0,1445255197,55772,61366,7793
1,1445255199,55773,61366,7793
2,1445255200,28699,61366,7793
3,1445255201,52798,61366,7793
4,1445255202,55771,61366,7793
5,1445255204,55767,61366,7793
6,1445255206,55769,61366,7793
0,1445258028,55772,61367,7793
1,1445258030,55773,61367,7793
2,1445258033,28699,61367,7793
3,1445258034,52798,61367,7793
4,1445258035,55771,61367,7793
5,1445258037,55767,61367,7793
6,1445258039,55769,61367,7793
0,1445355753,55773,61368,7793
1,1445355753,55772,61368,7793
2,1445355756,52798,61368,7793
3,1445355757,55771,61368,7793
4,1445355757,28699,61368,7793
5,1445355760,55767,61368,7793
6,1445355762,55769,61368,7793
0,1445435733,55772,61369,7793
1,1445435735,55773,61369,7793
2,1445435737,28699,61369,7793
3,1445435738,52798,61369,7793
4,1445435743,55767,61369,7793
5,1445435744,55769,61369,7793
0,1445457150,55772,61370,7793
1,1445457152,55773,61370,7793
2,1445457154,52798,61370,7793
3,1445457154,28699,61370,7793
4,1445457159,55767,61370,7793
5,1445457161,55769,61370,7793
0,1445548323,55772,61371,7793
1,1445548323,55773,61371,7793
2,1445548326,28699,61371,7793
3,1445548331,55767,61371,7793
4,1445548332,55769,61371,7793
0,1445599409,55772,61372,7793
1,1445599413,55773,61372,7793
2,1445599416,28699,61372,7793
3,1445599420,55767,61372,7793
4,1445599421,55769,61372,7793
0,1445622759,55772,61373,7793
1,1445622759,55773,61373,7793
2,1445622761,28699,61373,7793
3,1445622763,55767,61373,7793
4,1445622766,55769,61373,7793
1,1443712704,2437,61376,7794
2,1443712748,4413,61376,7794
6,1443712841,10353,61376,7794
7,1443712860,7649,61376,7794
8,1443712899,15153,61376,7794
10,1443712907,1601,61376,7794
11,1443712911,1344,61376,7794
13,1443712998,7571,61376,7794
15,1443713068,10886,61376,7794
16,1443713115,5429,61376,7794
19,1443713185,4358,61376,7794
0,1444147854,10886,61377,7794
1,1444147874,4413,61377,7794
4,1444148000,14981,61377,7794
5,1444148040,4269,61377,7794
6,1444148058,132,61377,7794
7,1444148062,3102,61377,7794
9,1444148145,730,61377,7794
11,1444148187,25398,61377,7794
17,1444148298,16959,61377,7794
0,1444148356,2860,61377,7794
2,1444148499,5659,61377,7794
0,1444544876,662,61379,7794
5,1444545040,665,61379,7794
6,1444545064,7509,61379,7794
7,1444545110,5429,61379,7794
11,1444545513,38537,61379,7794
18,1444545850,6252,61379,7794
3,1444546029,4261,61379,7794
0,1444580333,6252,61380,7794
1,1444580346,662,61380,7794
3,1444580382,3647,61380,7794
7,1444580476,16959,61380,7794
9,1444580503,730,61380,7794
10,1444580504,4269,61380,7794
11,1444580564,14981,61380,7794
12,1444580566,7571,61380,7794
0,1445012131,14210,61381,7794
2,1445012297,3071,61381,7794
3,1445012322,149,61381,7794
4,1445012404,7275,61381,7794
5,1445012410,7130,61381,7794
6,1445012429,313,61381,7794
8,1445012558,7277,61381,7794
11,1445012664,11199,61381,7794
12,1445012725,3494,61381,7794
13,1445012790,10353,61381,7794
1,1445759012,15258,61383,7794
3,1445759184,15254,61383,7794
6,1445759300,3071,61383,7794
7,1445759309,149,61383,7794
8,1445759332,4413,61383,7794
10,1445759485,1408,61383,7794
14,1445759602,3647,61383,7794
15,1445759607,1344,61383,7794
0,1445872332,1196,61384,7794
1,1445872338,15258,61384,7794
6,1445872543,21,61384,7794
8,1445872677,6166,61384,7794
9,1445872738,2328,61384,7794
11,1445872758,21615,61384,7794
13,1445872873,2325,61384,7794
14,1445872951,1669,61384,7794
15,1445872963,724,61384,7794
17,1445873062,1648,61384,7794
3,1446231563,3071,61385,7794
4,1446231632,21701,61385,7794
5,1446231684,4419,61385,7794
6,1446231687,4418,61385,7794
7,1446231732,3067,61385,7794
0,1441665084,2336,61494,7808
5,1441665641,9457,61494,7808
8,1441665772,1373,61494,7808
9,1441665784,7190,61494,7808
11,1441666066,2297,61494,7808
14,1441666434,2984,61494,7808
17,1441666768,9890,61494,7808
18,1441666785,3047,61494,7808
19,1441666886,528,61494,7808
2,1441666976,2639,61494,7808
0,1441714461,165,61495,7808
1,1441715580,5269,61495,7808
7,1441717723,9890,61495,7808
8,1441717818,7190,61495,7808
0,1442205350,4130,61496,7808
1,1442205386,34,61496,7808
2,1442205568,19,61496,7808
2,1442382711,28302,61500,7808
5,1442382988,15951,61500,7808
6,1442384319,4199,61500,7808
0,1442460097,17021,61502,7808
2,1442460312,2416,61502,7808
3,1442460361,3472,61502,7808
3,1442828337,3463,61503,7808
6,1442828893,165,61503,7808
10,1442829546,1914,61503,7808
18,1442831554,1144,61503,7808
3,1442994094,3463,61504,7808
8,1442994821,2879,61504,7808
10,1442995058,5269,61504,7808
1,1443426611,1144,61507,7808
4,1443426785,2926,61507,7808
5,1443426812,8207,61507,7808
6,1443426845,3473,61507,7808
8,1443426993,13908,61507,7808
10,1443427079,27291,61507,7808
11,1443427150,7309,61507,7808
1,1441976216,7205,61525,7810
3,1441976453,16447,61525,7810
4,1441976860,3695,61525,7810
1,1442025335,8640,61526,7810
5,1442026633,7205,61526,7810
6,1442026651,20860,61526,7810
10,1442027403,8219,61526,7810
14,1442028233,8471,61526,7810
15,1442028420,20516,61526,7810
16,1442028630,15422,61526,7810
0,1442496425,20860,61528,7810
1,1442496609,33850,61528,7810
3,1442496731,2300,61528,7810
6,1442496911,34,61528,7810
7,1442497748,20516,61528,7810
10,1442498397,13892,61528,7810
0,1443453711,4068,61566,7816
1,1443454496,4069,61566,7816
2,1443455034,4070,61566,7816
0,1444586451,4074,61567,7816
1,1444586521,3956,61567,7816
2,1444586724,4082,61567,7816
3,1444586958,4075,61567,7816
4,1444587117,4076,61567,7816
5,1444587191,4079,61567,7816
6,1444587240,4080,61567,7816
7,1444587308,4077,61567,7816
8,1444587319,4081,61567,7816
9,1444587372,4071,61567,7816
10,1444587523,4072,61567,7816
11,1444587586,4073,61567,7816
12,1444587733,1212,61567,7816
0,1444735154,4091,61568,7816
1,1444735214,6508,61568,7816
2,1444735499,4084,61568,7816
3,1444735632,4086,61568,7816
4,1444735706,4088,61568,7816
5,1444735780,4095,61568,7816
8,1444735876,4094,61568,7816
9,1444735912,4085,61568,7816
10,1444735949,4097,61568,7816
12,1444736116,4089,61568,7816
13,1444736126,4092,61568,7816
14,1444736415,4093,61568,7816
15,1444736608,4083,61568,7816
19,1444736823,4090,61568,7816
0,1444737043,4096,61568,7816
1,1444738404,8061,61568,7816
0,1445107304,4099,61569,7816
1,1445107851,4100,61569,7816
2,1445107870,3646,61569,7816
3,1445108168,4098,61569,7816
0,1440526621,6912,61626,7824
1,1440526684,5312,61626,7824
2,1440526713,6907,61626,7824
3,1440527041,6908,61626,7824
4,1440527049,6914,61626,7824
5,1440527053,6906,61626,7824
6,1440527081,6909,61626,7824
7,1440527091,6669,61626,7824
8,1440527145,6910,61626,7824
9,1440527833,3008,61626,7824
10,1440527905,6913,61626,7824
11,1440528144,6915,61626,7824
0,1445856703,6919,61627,7824
1,1445857074,6916,61627,7824
2,1445857246,6917,61627,7824
0,1445860537,6921,61628,7824
1,1445860705,6916,61628,7824
2,1445860781,6920,61628,7824
1,1441908395,1304,61632,7825
5,1441908542,9,61632,7825
8,1441908600,10657,61632,7825
10,1441908658,10341,61632,7825
12,1441908702,4996,61632,7825
13,1441908709,90,61632,7825
14,1441908736,1434,61632,7825
16,1441908836,92,61632,7825
0,1442563394,9,61633,7825
2,1442563459,220,61633,7825
3,1442563484,92,61633,7825
4,1442563561,5056,61633,7825
0,1442825433,220,61634,7825
1,1442825449,5056,61634,7825
3,1442825567,92,61634,7825
0,1444162129,9,61635,7825
1,1444162444,25039,61635,7825
2,1444162498,220,61635,7825
3,1444162506,8481,61635,7825
4,1444162528,5031,61635,7825
5,1444162535,5068,61635,7825
6,1444162538,2265,61635,7825
7,1444162546,3954,61635,7825
9,1444162762,5056,61635,7825
10,1444162849,48,61635,7825
0,1445184709,9,61636,7825
1,1445184736,220,61636,7825
2,1445184748,5058,61636,7825
3,1445184780,4133,61636,7825
0,1445775017,9,61637,7825
1,1445775195,27120,61637,7825
2,1445775257,3954,61637,7825
0,1440613084,5312,61786,7847
1,1440613330,6906,61786,7847
2,1440613333,3008,61786,7847
3,1440613441,6908,61786,7847
4,1440613705,6913,61786,7847
5,1440613749,6914,61786,7847
6,1440613885,6911,61786,7847
7,1440613921,6912,61786,7847
8,1440614367,6909,61786,7847
9,1440614452,6910,61786,7847
0,1445943403,6919,61787,7847
1,1445943639,6918,61787,7847
2,1445944074,6916,61787,7847
3,1445944594,6917,61787,7847
0,1445946831,6922,61788,7847
1,1445946937,6921,61788,7847
2,1445947105,6916,61788,7847
3,1445948081,6920,61788,7847
0,1440440341,6908,61811,7850
1,1440440485,6911,61811,7850
2,1440440530,6906,61811,7850
3,1440440584,5312,61811,7850
4,1440440605,6913,61811,7850
5,1440440681,6909,61811,7850
6,1440441052,6910,61811,7850
7,1440441213,6907,61811,7850
8,1440441421,6912,61811,7850
9,1440441744,6915,61811,7850
10,1440441849,6914,61811,7850
11,1440441891,6669,61811,7850
0,1445770539,6918,61812,7850
1,1445770594,6917,61812,7850
2,1445770603,6919,61812,7850
3,1445771347,6916,61812,7850
0,1445773976,6916,61813,7850
1,1445774031,6922,61813,7850
2,1445774981,6920,61813,7850
3,1445775037,6921,61813,7850
1,1441127375,251,61857,7857
9,1441127538,276,61857,7857
1,1441128617,5648,61857,7857
1,1444077274,271,61864,7857
2,1444077343,268,61864,7857
3,1444077476,1005,61864,7857
4,1444077511,352,61864,7857
5,1444077549,11343,61864,7857
9,1444078071,5269,61864,7857
10,1444078463,3395,61864,7857
5,1444244779,24487,61865,7857
6,1444244785,18213,61865,7857
8,1444244793,2416,61865,7857
9,1444244797,21539,61865,7857
11,1444244804,13805,61865,7857
1,1446558485,20703,61869,7857
3,1446558497,7337,61869,7857
5,1446558505,11124,61869,7857
7,1446558512,7214,61869,7857
0,1446633742,2952,61870,7857
3,1446633833,16431,61870,7857
5,1446633843,5741,61870,7857
6,1446633847,3719,61870,7857
7,1446633851,28302,61870,7857
8,1446633854,3077,61870,7857
9,1446633857,14404,61870,7857
12,1446633871,324,61870,7857
15,1446633888,8992,61870,7857
0,1443540052,4067,61974,7872
1,1443540234,4070,61974,7872
2,1443540296,4069,61974,7872
3,1443541011,4068,61974,7872
0,1444672808,4077,61975,7872
1,1444672851,4074,61975,7872
2,1444673217,4076,61975,7872
3,1444673221,3956,61975,7872
4,1444673276,4078,61975,7872
5,1444673291,4079,61975,7872
6,1444673719,4081,61975,7872
7,1444673772,4071,61975,7872
8,1444673833,1212,61975,7872
9,1444673923,4072,61975,7872
10,1444673958,4075,61975,7872
11,1444674024,4082,61975,7872
12,1444674540,4080,61975,7872
0,1444821808,4083,61976,7872
1,1444821880,4095,61976,7872
2,1444821914,6508,61976,7872
3,1444821926,4092,61976,7872
4,1444822049,4097,61976,7872
8,1444822754,4091,61976,7872
9,1444822799,4084,61976,7872
10,1444822932,4086,61976,7872
11,1444822964,4087,61976,7872
13,1444823115,4093,61976,7872
16,1444823176,4094,61976,7872
17,1444823212,4085,61976,7872
18,1444823223,4090,61976,7872
19,1444823306,4088,61976,7872
0,1444823416,4089,61976,7872
1,1444823443,4096,61976,7872
2,1444823904,8061,61976,7872
0,1445193651,4100,61977,7872
1,1445193687,3646,61977,7872
2,1445194268,4098,61977,7872
3,1445194604,4099,61977,7872
0,1442576222,10514,62087,7887
4,1442576239,10301,62087,7887
11,1442576335,15989,62087,7887
5,1443037461,10301,62090,7887
7,1443037704,3919,62090,7887
13,1443038015,10289,62090,7887
14,1443038035,10290,62090,7887
1,1443195622,4189,62094,7887
3,1443195697,10303,62094,7887
4,1443195709,669,62094,7887
7,1443195742,10301,62094,7887
14,1443196088,11094,62094,7887
15,1443196110,7525,62094,7887
17,1443196151,9275,62094,7887
1,1444342401,9002,62099,7887
2,1444342424,23290,62099,7887
5,1444342563,12002,62099,7887
6,1444342577,1279,62099,7887
0,1444774896,11672,62101,7887
2,1444775017,11964,62101,7887
3,1444775074,1279,62101,7887
0,1445544177,2265,62398,7926
1,1445544245,3954,62398,7926
2,1445544353,2008,62398,7926
3,1445544425,96,62398,7926
4,1445544528,2561,62398,7926
6,1445544611,5106,62398,7926
0,1445708832,2929,62399,7926
1,1445708855,3954,62399,7926
2,1445708904,3834,62399,7926
3,1445708906,3727,62399,7926
4,1445708933,2265,62399,7926
5,1445708995,10756,62399,7926
6,1445709054,1725,62399,7926
7,1445709072,8606,62399,7926
8,1445709119,12935,62399,7926
11,1445709290,96,62399,7926
0,1445886697,3954,62400,7926
2,1445886909,1725,62400,7926
3,1445886927,18932,62400,7926
4,1445887012,5031,62400,7926
0,1440660081,15110,62494,7939
1,1440660160,17767,62494,7939
2,1440660194,1723,62494,7939
3,1440660248,17905,62494,7939
5,1440660385,12589,62494,7939
6,1440660456,4996,62494,7939
8,1440660591,14242,62494,7939
10,1440660784,18023,62494,7939
15,1440661292,4962,62494,7939
16,1440661353,1729,62494,7939
18,1440661638,14989,62494,7939
0,1442381267,15110,62496,7939
1,1442381283,17905,62496,7939
3,1442381549,14994,62496,7939
4,1442381874,220,62496,7939
1,1442825310,17905,62497,7939
2,1442825494,8618,62497,7939
3,1442825549,2265,62497,7939
1,1442827641,2265,62498,7939
2,1442827783,220,62498,7939
3,1442827943,14990,62498,7939
0,1443689603,22312,62499,7939
1,1443689683,18935,62499,7939
2,1443689833,100,62499,7939
3,1443690017,220,62499,7939
4,1443690240,10757,62499,7939
5,1443690317,8618,62499,7939
6,1443690455,18023,62499,7939
0,1440440233,3008,62519,7943
1,1440440284,5312,62519,7943
2,1440440485,6911,62519,7943
3,1440440613,6907,62519,7943
4,1440440641,6908,62519,7943
5,1440440691,6669,62519,7943
6,1440440839,6906,62519,7943
7,1440440905,6913,62519,7943
8,1440441121,6912,62519,7943
9,1440441549,6914,62519,7943
10,1440441567,6909,62519,7943
11,1440441652,6910,62519,7943
12,1440441744,6915,62519,7943
0,1445770539,6918,62520,7943
1,1445770594,6917,62520,7943
2,1445770603,6919,62520,7943
3,1445771274,6916,62520,7943
0,1445774005,6916,62521,7943
1,1445774331,6922,62521,7943
2,1445774981,6920,62521,7943
3,1445775037,6921,62521,7943
1,1440584801,27262,62791,7981
2,1440584839,2450,62791,7981
3,1440584857,21740,62791,7981
5,1440584906,3750,62791,7981
1,1440667387,21744,62792,7981
3,1440667494,27262,62792,7981
5,1440667537,2450,62792,7981
0,1441173024,14776,62796,7981
3,1441173080,21744,62796,7981
5,1441173115,27262,62796,7981
0,1441349787,14788,62797,7981
1,1441349813,14776,62797,7981
4,1441349952,21744,62797,7981
6,1441349990,27262,62797,7981
8,1441350024,2450,62797,7981
9,1441350041,21740,62797,7981
0,1441433055,14780,62798,7981
1,1441433059,10614,62798,7981
2,1441433482,14788,62798,7981
0,1441609902,14780,62799,7981
1,1441609938,10614,62799,7981
2,1441609976,14788,62799,7981
0,1441692150,14780,62800,7981
1,1441692169,10614,62800,7981
2,1441692181,14788,62800,7981
0,1441798341,14780,62801,7981
1,1441798361,10614,62801,7981
2,1441798377,14788,62801,7981
3,1441798394,14776,62801,7981
0,1441868072,14780,62802,7981
1,1441868090,10614,62802,7981
2,1441868112,14788,62802,7981
0,1441953030,14780,62803,7981
1,1441953053,14788,62803,7981
2,1441953071,14776,62803,7981
0,1442067112,14780,62804,7981
1,1442067139,10614,62804,7981
2,1442067157,14788,62804,7981
3,1442067175,14776,62804,7981
5,1442067210,21744,62804,7981
0,1442203628,14780,62805,7981
1,1442203655,10614,62805,7981
2,1442203683,14788,62805,7981
0,1442299119,1763,62806,7981
1,1442299316,14780,62806,7981
2,1442299422,10614,62806,7981
3,1442299455,14788,62806,7981
4,1442299526,14776,62806,7981
1,1442400032,1763,62807,7981
2,1442400065,14780,62807,7981
3,1442400081,10614,62807,7981
2,1442473035,1763,62808,7981
3,1442473055,14780,62808,7981
4,1442473071,10614,62808,7981
1,1442821662,1251,62811,7981
3,1442821714,1763,62811,7981
4,1442821732,10614,62811,7981
0,1443344030,6294,62815,7981
4,1443344285,1251,62815,7981
6,1443344367,1763,62815,7981
7,1443344394,10614,62815,7981
8,1443344414,14788,62815,7981
0,1443615576,6294,62817,7981
5,1443615744,1251,62817,7981
6,1443615831,1763,62817,7981
0,1443770877,1615,62818,7981
2,1443770942,10615,62818,7981
4,1443770976,6294,62818,7981
0,1443971394,1615,62819,7981
2,1443971427,10615,62819,7981
4,1443971467,6294,62819,7981
7,1443971528,1251,62819,7981
8,1443971545,1763,62819,7981
0,1444214537,20189,62821,7981
1,1444214566,1615,62821,7981
3,1444214615,10615,62821,7981
5,1444214678,6294,62821,7981
0,1444377071,20189,62823,7981
1,1444377093,1615,62823,7981
3,1444377123,10615,62823,7981
5,1444377160,6294,62823,7981
0,1444647165,20189,62824,7981
1,1444647185,1615,62824,7981
3,1444647437,10615,62824,7981
5,1444647624,6294,62824,7981
6,1444647761,1251,62824,7981
0,1445161725,15163,62826,7981
2,1445161761,8193,62826,7981
3,1445161776,20189,62826,7981
4,1445161789,10615,62826,7981
5,1445161803,6294,62826,7981
0,1445435941,8193,62827,7981
1,1445436025,15163,62827,7981
3,1445436088,20189,62827,7981
4,1445436104,10615,62827,7981
0,1445502831,4423,62828,7981
1,1445502873,15163,62828,7981
3,1445502910,8193,62828,7981
0,1445597415,4423,62829,7981
1,1445597502,15163,62829,7981
3,1445597548,8193,62829,7981
4,1445597564,20189,62829,7981
5,1445597583,1615,62829,7981
6,1445597609,10615,62829,7981
7,1445597624,6294,62829,7981
0,1446112098,4423,62830,7981
1,1446112114,15163,62830,7981
3,1446112148,8193,62830,7981
1,1446205786,4423,62831,7981
2,1446205811,15163,62831,7981
4,1446205866,8193,62831,7981
5,1446205912,20189,62831,7981
1,1446301552,4423,62832,7981
2,1446301576,15163,62832,7981
4,1446301610,8193,62832,7981
1,1446374614,4423,62833,7981
2,1446374635,15163,62833,7981
4,1446374661,8193,62833,7981
1,1441267950,13936,62861,7985
2,1441268006,6273,62861,7985
6,1441268220,11027,62861,7985
2,1442816191,528,62864,7985
3,1442816199,429,62864,7985
4,1442816283,1334,62864,7985
6,1442816333,2813,62864,7985
7,1442816373,3119,62864,7985
5,1442897571,6262,62865,7985
7,1442897650,1795,62865,7985
10,1442897806,6263,62865,7985
11,1442897821,2214,62865,7985
0,1444721666,3132,62868,7985
6,1444721926,2823,62868,7985
11,1444722228,9313,62868,7985
0,1443614131,17251,62897,7989
4,1443614485,7046,62897,7989
5,1443614512,5424,62897,7989
6,1443614535,3103,62897,7989
7,1443615215,9250,62897,7989
0,1444043938,17251,62898,7989
1,1444043973,17589,62898,7989
2,1444044225,14178,62898,7989
2,1444641942,6252,62899,7989
4,1444641952,539,62899,7989
5,1444642652,17251,62899,7989
0,1443119235,3518,62947,7995
4,1443120494,24834,62947,7995
5,1443120518,3544,62947,7995
2,1444066240,7668,62949,7995
3,1444066356,18858,62949,7995
5,1444066488,10377,62949,7995
6,1444066510,7123,62949,7995
11,1444066786,266,62949,7995
2,1444931153,10262,62952,7995
4,1444931279,313,62952,7995
5,1444931326,14210,62952,7995
7,1444931415,7137,62952,7995
1,1441891141,19141,62961,7996
2,1441891149,23751,62961,7996
3,1441891228,2563,62961,7996
4,1441891283,1773,62961,7996
0,1441906834,1773,62962,7996
1,1441906844,8985,62962,7996
3,1441907192,23751,62962,7996
4,1441907286,19141,62962,7996
6,1441907504,20831,62962,7996
8,1441907954,8984,62962,7996
1,1442155541,3450,62963,7996
3,1442155725,3648,62963,7996
6,1442155759,7868,62963,7996
14,1442156005,3468,62963,7996
16,1442156077,2317,62963,7996
18,1442156228,7883,62963,7996
10,1442156738,3605,62963,7996
0,1445373811,1320,63223,8029
1,1445373849,2276,63223,8029
2,1445374071,7340,63223,8029
3,1445374219,279,63223,8029
0,1445595854,1320,63224,8029
1,1445595918,5402,63224,8029
3,1445596188,2276,63224,8029
4,1445603528,3062,63225,8029
5,1445603622,1322,63225,8029
7,1445603720,3962,63225,8029
0,1441718595,10515,63264,8036
1,1441719899,5765,63264,8036
3,1441719952,73,63264,8036
4,1441720073,5763,63264,8036
0,1442060676,5765,63265,8036
2,1442062173,9219,63265,8036
3,1442062195,72,63265,8036
4,1442062237,4216,63265,8036
0,1443270762,5764,63266,8036
1,1443270784,11891,63266,8036
2,1443270794,12079,63266,8036
3,1443270802,2411,63266,8036
4,1443270809,5765,63266,8036
0,1443689293,1498,63438,8060
1,1443689362,8,63438,8060
2,1443689486,14962,63438,8060
3,1443689594,7190,63438,8060
4,1443689648,1405,63438,8060
5,1443689692,1050,63438,8060
0,1443860351,3707,63440,8060
2,1443860449,1400,63440,8060
4,1443860613,3178,63440,8060
5,1443860619,7190,63440,8060
6,1443860738,3146,63440,8060
7,1443860794,14981,63440,8060
8,1443860864,1050,63440,8060
9,1443861513,6271,63440,8060
10,1443862379,4257,63440,8060
16,1443862711,6002,63440,8060
0,1443866433,10,63441,8060
3,1443866612,6271,63441,8060
4,1443866624,3432,63441,8060
0,1444036239,10,63442,8060
1,1444036251,4358,63442,8060
2,1444036376,3433,63442,8060
0,1444838327,1999,63444,8060
1,1444838429,686,63444,8060
2,1444838580,5877,63444,8060
3,1444838654,18974,63444,8060
1,1444933203,1999,63445,8060
2,1444933244,7,63445,8060
4,1444933443,10,63445,8060
5,1444933471,5723,63445,8060
6,1444933542,2537,63445,8060
8,1444933614,1513,63445,8060
1,1444936718,2929,63446,8060
3,1444937030,686,63446,8060
4,1444937147,3059,63446,8060
5,1444937168,31,63446,8060
6,1444937193,5713,63446,8060
7,1444937275,8388,63446,8060
8,1444937326,1316,63446,8060
9,1444937406,665,63446,8060
10,1444937497,1311,63446,8060
11,1444937526,3056,63446,8060
12,1444937569,3060,63446,8060
0,1444982079,4132,63447,8060
1,1444982273,10664,63447,8060
2,1444982352,3060,63447,8060
3,1444982495,4139,63447,8060
4,1444982592,15,63447,8060
5,1444983660,1319,63447,8060
0,1445245590,5727,63449,8060
1,1445245618,8481,63449,8060
2,1445245661,5961,63449,8060
3,1445245751,5309,63449,8060
4,1445245774,16405,63449,8060
7,1445246105,26583,63449,8060
8,1445246143,14185,63449,8060
0,1445439073,4842,63451,8060
1,1445439228,1319,63451,8060
2,1445439364,1513,63451,8060
0,1441803703,30927,63555,8077
1,1441803775,1432,63555,8077
2,1441803823,22638,63555,8077
3,1441804247,5076,63555,8077
1,1442067513,3472,63556,8077
2,1442067543,1304,63556,8077
3,1442067577,1728,63556,8077
4,1442067690,1721,63556,8077
5,1442067737,5046,63556,8077
6,1442067809,1427,63556,8077
9,1442067927,100,63556,8077
10,1442067981,26581,63556,8077
0,1444301987,5999,63557,8077
1,1444302027,168,63557,8077
2,1444302062,1723,63557,8077
3,1444302097,3834,63557,8077
0,1442050240,13247,63621,8085
1,1442050252,3026,63621,8085
2,1442050268,6271,63621,8085
0,1442582243,3983,63622,8085
1,1442582319,3022,63622,8085
2,1442582330,6271,63622,8085
3,1442582348,11,63622,8085
4,1442582396,1304,63622,8085
0,1443034215,6271,63623,8085
1,1443034252,63,63623,8085
2,1443034378,4358,63623,8085
3,1443034419,13805,63623,8085
4,1443034469,3983,63623,8085
0,1444026087,3988,63624,8085
1,1444026105,63,63624,8085
2,1444026144,7,63624,8085
3,1444026208,3033,63624,8085
4,1444026313,24,63624,8085
5,1444026388,3641,63624,8085
1,1444136387,3034,63625,8085
2,1444136443,1513,63625,8085
3,1444136483,15,63625,8085
4,1444136497,3054,63625,8085
0,1444300405,4211,63626,8085
1,1444300420,3028,63626,8085
2,1444300455,63,63626,8085
3,1444300477,15,63626,8085
4,1444300498,1513,63626,8085
5,1444300510,24,63626,8085
2,1444400870,12986,63627,8085
3,1444400912,3962,63627,8085
6,1444400996,17454,63627,8085
11,1444401195,8614,63627,8085
1,1443616460,10,63633,8086
4,1443617297,2343,63633,8086
5,1443617328,20245,63633,8086
0,1444223441,28624,63635,8086
1,1444223503,4358,63635,8086
2,1444223675,14945,63635,8086
2,1444302657,17209,63636,8086
4,1444302711,10,63636,8086
6,1444303072,22964,63636,8086
0,1440526684,5312,63658,8089
1,1440526741,6908,63658,8089
2,1440526885,6911,63658,8089
3,1440527049,6914,63658,8089
4,1440527053,6906,63658,8089
5,1440527081,6909,63658,8089
6,1440527445,6910,63658,8089
7,1440527533,3008,63658,8089
8,1440527544,6915,63658,8089
9,1440527613,6907,63658,8089
10,1440527821,6912,63658,8089
11,1440527905,6913,63658,8089
0,1445856703,6919,63659,8089
1,1445856847,6916,63659,8089
2,1445856852,6917,63659,8089
3,1445857839,6918,63659,8089
0,1445860731,6922,63660,8089
1,1445861437,6921,63660,8089
2,1445861605,6916,63660,8089
3,1445861681,6920,63660,8089
0,1442779737,4130,63785,8106
1,1442779808,941,63785,8106
3,1442780008,1308,63785,8106
4,1442780025,1306,63785,8106
5,1442780178,3035,63785,8106
6,1442780290,39,63785,8106
7,1442780381,4855,63785,8106
9,1442780505,6271,63785,8106
10,1442780614,11,63785,8106
13,1442781214,19,63785,8106
14,1442781271,3146,63785,8106
15,1442781335,2984,63785,8106
0,1444939398,3980,63787,8106
2,1444939837,3020,63787,8106
3,1444939969,18023,63787,8106
0,1446225642,5606,63788,8106
1,1446225654,8977,63788,8106
2,1446225761,7,63788,8106
3,1446225808,6384,63788,8106
1,1446391140,5402,63789,8106
2,1446391179,5758,63789,8106
3,1446391262,6908,63789,8106
4,1446391342,4132,63789,8106
6,1446391445,3081,63789,8106
7,1446391505,3020,63789,8106
8,1446391595,8760,63789,8106
9,1446391661,6384,63789,8106
1,1446466977,5309,63790,8106
3,1446467047,20591,63790,8106
4,1446467119,5751,63790,8106
0,1446533626,23317,63791,8106
1,1446533774,25578,63791,8106
6,1446534158,5944,63791,8106
7,1446534211,5945,63791,8106
1,1440576509,126,63794,8107
2,1440576550,21542,63794,8107
3,1440576648,4672,63794,8107
8,1440577402,21539,63794,8107
9,1440577485,2336,63794,8107
0,1441796972,3467,63797,8107
2,1441797560,165,63797,8107
4,1441797644,2587,63797,8107
0,1443167185,24,63798,8107
1,1443167217,50,63798,8107
2,1443167286,165,63798,8107
3,1443167310,21539,63798,8107
5,1443681124,11343,63799,8107
6,1443681166,148,63799,8107
8,1443681642,22208,63799,8107
10,1443681878,285,63799,8107
0,1442804096,605,63830,8111
5,1442804259,7886,63830,8111
6,1442804290,2982,63830,8111
8,1442804414,282,63830,8111
12,1442804614,1148,63830,8111
13,1442804686,12008,63830,8111
16,1442804822,15216,63830,8111
0,1442805013,18634,63830,8111
1,1442805054,28291,63830,8111
2,1443070900,14981,63831,8111
3,1443070908,605,63831,8111
4,1443070928,7886,63831,8111
6,1443070961,1000,63831,8111
9,1443071135,17492,63831,8111
1,1443071730,33770,63831,8111
0,1444247303,523,63833,8111
1,1444247336,1490,63833,8111
2,1444247354,3031,63833,8111
3,1444247387,14981,63833,8111
4,1444247406,7440,63833,8111
5,1444247443,1001,63833,8111
7,1444247584,11343,63833,8111
9,1444247792,20877,63833,8111
13,1444248181,10256,63833,8111
15,1444248347,11844,63833,8111
17,1444248662,282,63833,8111
18,1444248777,1137,63833,8111
1,1444249198,7685,63833,8111
0,1441619918,18843,63907,8122
1,1441619942,14399,63907,8122
3,1441620100,5757,63907,8122
1,1441899285,5269,63908,8122
2,1441899342,7186,63908,8122
3,1441899428,165,63908,8122
4,1441899515,13908,63908,8122
5,1441899589,941,63908,8122
6,1441899605,1308,63908,8122
0,1442668060,815,63909,8122
1,1442668127,5757,63909,8122
3,1442668227,3956,63909,8122
5,1442668306,3146,63909,8122
8,1442668415,7193,63909,8122
9,1442668491,941,63909,8122
0,1443969599,3146,63910,8122
2,1443969953,7205,63910,8122
3,1443971273,5757,63910,8122
0,1444667517,933,63911,8122
1,1444667540,815,63911,8122
2,1444667621,7308,63911,8122
1,1444670398,20798,63912,8122
2,1444670431,17425,63912,8122
3,1444670466,5269,63912,8122
4,1444670495,1311,63912,8122
0,1441024920,11815,64056,8141
1,1441024942,6116,64056,8141
2,1441025039,4405,64056,8141
4,1441025133,2563,64056,8141
5,1441025164,245,64056,8141
2,1441340921,1632,64058,8141
3,1441340964,1815,64058,8141
4,1441341043,6116,64058,8141
5,1441341084,13691,64058,8141
0,1441605815,34,64059,8141
1,1441606026,28909,64059,8141
3,1441606057,8984,64059,8141
5,1441606134,5764,64059,8141
0,1441784172,5763,64060,8141
1,1441784217,23751,64060,8141
2,1441784271,8985,64060,8141
3,1441784465,3537,64060,8141
4,1441784533,11815,64060,8141
1,1444285303,7130,64062,8141
2,1444285327,4412,64062,8141
3,1444285386,2929,64062,8141
4,1444285428,23751,64062,8141
5,1444285469,1761,64062,8141
6,1444285492,3475,64062,8141
0,1444290148,12836,64063,8141
1,1444290241,23751,64063,8141
2,1444290303,8132,64063,8141
4,1444290806,10377,64063,8141
0,1440396258,36,64126,8149
1,1440396282,3963,64126,8149
2,1440396299,17884,64126,8149
0,1442840970,1304,64127,8149
1,1442840980,12934,64127,8149
2,1442841028,9,64127,8149
0,1446027730,3061,64128,8149
1,1446027803,2265,64128,8149
2,1446027919,4133,64128,8149
3,1446028006,3178,64128,8149
0,1446096116,2265,64129,8149
1,1446096176,4133,64129,8149
2,1446096211,100,64129,8149
0,1443453652,4067,64172,8156
1,1443454011,4068,64172,8156
2,1443454496,4069,64172,8156
0,1444586772,4071,64173,8156
1,1444586817,4076,64173,8156
2,1444586833,1212,64173,8156
3,1444587019,4081,64173,8156
4,1444587191,4079,64173,8156
5,1444587308,4077,64173,8156
6,1444587351,4074,64173,8156
7,1444587523,4072,64173,8156
8,1444587586,4073,64173,8156
9,1444587624,4082,64173,8156
10,1444587776,4078,64173,8156
11,1444587840,4080,64173,8156
0,1444735214,6508,64174,8156
1,1444735408,4083,64174,8156
2,1444735480,4095,64174,8156
3,1444735576,4094,64174,8156
4,1444735799,4084,64174,8156
6,1444735949,4097,64174,8156
7,1444736054,4091,64174,8156
9,1444736126,4092,64174,8156
11,1444736223,4090,64174,8156
12,1444736415,4093,64174,8156
13,1444736512,4085,64174,8156
14,1444736564,4087,64174,8156
15,1444736716,4089,64174,8156
18,1444737043,4096,64174,8156
19,1444738404,8061,64174,8156
0,1445107251,4100,64175,8156
1,1445107287,3646,64175,8156
2,1445107304,4099,64175,8156
3,1445107868,4098,64175,8156
0,1445351978,300,64176,8156
2,1445352181,4102,64176,8156
3,1445352657,4101,64176,8156
0,1440786184,6541,64218,8162
1,1440786221,9204,64218,8162
2,1440786237,1373,64218,8162
2,1444078318,6186,64220,8162
3,1444078366,2785,64220,8162
4,1444078403,7440,64220,8162
5,1444078428,1561,64220,8162
6,1444078488,1584,64220,8162
7,1444078679,7160,64220,8162
8,1444078883,8388,64220,8162
9,1444078948,996,64220,8162
10,1444078969,3243,64220,8162
0,1444393454,3243,64221,8162
1,1444393558,1561,64221,8162
2,1444393630,7160,64221,8162
3,1444393687,8388,64221,8162
4,1444393747,996,64221,8162
5,1444394031,5549,64221,8162
1,1444583446,7440,64222,8162
2,1444583468,28509,64222,8162
3,1444583492,5549,64222,8162
0,1440927430,7309,64283,8170
1,1440927482,14908,64283,8170
2,1440927661,431,64283,8170
3,1440927675,7641,64283,8170
0,1442081938,2346,64285,8170
3,1442082106,7309,64285,8170
4,1442082121,14180,64285,8170
5,1442082341,14188,64285,8170
0,1442249639,7309,64286,8170
1,1442249647,14180,64286,8170
2,1442249699,10140,64286,8170
0,1440864743,7186,64384,8181
1,1440864791,8840,64384,8181
2,1440864919,20954,64384,8181
3,1440865088,11844,64384,8181
0,1441297879,1163,64385,8181
1,1441297905,7186,64385,8181
2,1441297970,11793,64385,8181
3,1441297992,20954,64385,8181
4,1441298026,8840,64385,8181
6,1441298157,1723,64385,8181
0,1443583046,14981,64388,8181
2,1443583131,3467,64388,8181
3,1443583166,5269,64388,8181
4,1443583222,1646,64388,8181
1,1445275271,23254,64389,8181
2,1445275324,5713,64389,8181
3,1445275373,15836,64389,8181
4,1445275399,7,64389,8181
5,1445275411,8567,64389,8181
6,1445275455,8622,64389,8181
0,1440406942,4836,64407,8183
1,1440406983,6271,64407,8183
3,1440407088,1632,64407,8183
4,1440407093,3688,64407,8183
0,1444037716,3146,64410,8183
1,1444037823,268,64410,8183
2,1444037876,282,64410,8183
0,1444388375,8,64411,8183
1,1444388419,272,64411,8183
2,1444388552,282,64411,8183
1,1441013316,3404,64461,8191
2,1441013351,5541,64461,8191
4,1441013396,2458,64461,8191
8,1441013625,6273,64461,8191
9,1441013700,5348,64461,8191
10,1441013723,14433,64461,8191
0,1441189849,11670,64462,8191
1,1441189864,10267,64462,8191
9,1441190755,6537,64462,8191
0,1441616608,20650,64463,8191
6,1441617247,3395,64463,8191
11,1441617833,1815,64463,8191
13,1441618201,12075,64463,8191
14,1441618539,1632,64463,8191
18,1441618737,7872,64463,8191
0,1441789419,27218,64464,8191
1,1441790077,15450,64464,8191
3,1441790149,5540,64464,8191
6,1441790288,10004,64464,8191
7,1441790305,3012,64464,8191
9,1441790364,1304,64464,8191
10,1441790382,3026,64464,8191
11,1441790405,90,64464,8191
17,1441790699,9758,64464,8191
0,1441790751,1333,64464,8191
1,1441790763,2854,64464,8191
4,1441790836,100,64464,8191
5,1441790852,3021,64464,8191
7,1441790917,2965,64464,8191
9,1441790994,779,64464,8191
10,1441791015,2027,64464,8191
11,1441791054,3990,64464,8191
0,1442395973,2929,64465,8191
2,1442396058,941,64465,8191
3,1442396086,2097,64465,8191
5,1442396192,8232,64465,8191
6,1442396300,1823,64465,8191
7,1442396326,352,64465,8191
0,1442476392,3982,64466,8191
2,1442476441,3017,64466,8191
3,1442476479,19,64466,8191
4,1442476543,2925,64466,8191
12,1442476743,382,64466,8191
0,1442999895,43,64468,8191
2,1442999979,12588,64468,8191
3,1442999991,245,64468,8191
4,1443000021,12190,64468,8191
5,1443000099,1491,64468,8191
7,1443000150,50,64468,8191
9,1443000202,8,64468,8191
11,1443000455,652,64468,8191
12,1443000475,34764,64468,8191
13,1443000526,13718,64468,8191
14,1443000568,92,64468,8191
1,1443000791,3260,64468,8191
3,1443000968,28091,64468,8191
4,1443001015,3010,64468,8191
6,1443001084,16160,64468,8191
7,1443001128,1944,64468,8191
0,1443431135,3146,64469,8191
8,1443431777,3467,64469,8191
11,1443431830,11519,64469,8191
15,1443432408,20786,64469,8191
17,1443432441,1310,64469,8191
18,1443432460,9809,64469,8191
1,1443432565,1163,64469,8191
3,1443432626,132,64469,8191
0,1444044493,4732,64470,8191
2,1444044550,8456,64470,8191
3,1444044576,1400,64470,8191
9,1444044947,4259,64470,8191
11,1444044999,5240,64470,8191
14,1444045077,2265,64470,8191
16,1444045172,17574,64470,8191
17,1444045209,8378,64470,8191
18,1444045222,18858,64470,8191
0,1444045290,3028,64470,8191
1,1444045321,7668,64470,8191
3,1444045378,32896,64470,8191
5,1444045486,8104,64470,8191
1,1444216767,5551,64471,8191
5,1444216895,3053,64471,8191
6,1444216934,48,64471,8191
7,1444216990,1798,64471,8191
8,1444217018,5702,64471,8191
11,1444217091,7191,64471,8191
12,1444217121,6076,64471,8191
13,1444217179,80,64471,8191
15,1444217880,2711,64471,8191
19,1444217970,268,64471,8191
0,1444648949,3058,64472,8191
1,1444648967,11251,64472,8191
3,1444649029,2276,64472,8191
7,1444649324,7275,64472,8191
9,1444649484,1513,64472,8191
10,1444649543,3031,64472,8191
12,1444649575,7769,64472,8191
16,1444649935,7,64472,8191
17,1444649954,266,64472,8191
18,1444650001,4199,64472,8191
0,1444650029,17392,64472,8191
2,1444650151,13,64472,8191
4,1444650238,8390,64472,8191
5,1444650268,5542,64472,8191
0,1440096489,56306,64511,8196
1,1440096492,56307,64511,8196
2,1440096492,56308,64511,8196
3,1440096494,56309,64511,8196
0,1440192917,56306,64512,8196
1,1440192918,56307,64512,8196
2,1440192919,56308,64512,8196
3,1440192920,56309,64512,8196
0,1440251398,56306,64513,8196
1,1440251399,56307,64513,8196
2,1440251400,56308,64513,8196
3,1440251401,56309,64513,8196
0,1440276091,56306,64514,8196
1,1440276092,56307,64514,8196
2,1440276094,56308,64514,8196
3,1440276097,56309,64514,8196
0,1440318360,56306,64515,8196
1,1440318361,56307,64515,8196
2,1440318362,56308,64515,8196
3,1440318364,56309,64515,8196
0,1440325248,56306,64516,8196
1,1440325250,56307,64516,8196
2,1440325250,56308,64516,8196
3,1440325252,56309,64516,8196
0,1440339488,56306,64517,8196
1,1440339489,56307,64517,8196
2,1440339490,56308,64517,8196
3,1440339491,56309,64517,8196
0,1440346894,56306,64518,8196
1,1440346897,56307,64518,8196
2,1440346897,56308,64518,8196
3,1440346899,56309,64518,8196
0,1440353697,56307,64519,8196
1,1440353697,56306,64519,8196
2,1440353698,56308,64519,8196
3,1440353700,56309,64519,8196
0,1440430681,56306,64520,8196
1,1440430683,56307,64520,8196
2,1440430684,56308,64520,8196
3,1440430686,56309,64520,8196
0,1440622959,56306,64521,8196
1,1440622960,56307,64521,8196
2,1440622962,56309,64521,8196
3,1440622962,56308,64521,8196
0,1440677738,56306,64522,8196
1,1440677740,56308,64522,8196
2,1440677740,56307,64522,8196
3,1440677741,56309,64522,8196
0,1440716739,56307,64523,8196
1,1440716739,56306,64523,8196
2,1440716741,56308,64523,8196
3,1440716742,56309,64523,8196
0,1440751946,56306,64524,8196
1,1440751948,56307,64524,8196
2,1440751949,56308,64524,8196
3,1440751951,56309,64524,8196
0,1440791386,56306,64525,8196
1,1440791387,56307,64525,8196
2,1440791388,56308,64525,8196
3,1440791390,56309,64525,8196
0,1440794291,56306,64526,8196
1,1440794293,56308,64526,8196
2,1440794293,56307,64526,8196
3,1440794296,56309,64526,8196
0,1440893229,56306,64527,8196
1,1440893231,56308,64527,8196
2,1440893231,56307,64527,8196
3,1440893232,56309,64527,8196
0,1440965767,56306,64528,8196
1,1440965768,56307,64528,8196
2,1440965768,56308,64528,8196
3,1440965770,56309,64528,8196
0,1441035195,56306,64529,8196
1,1441035198,56307,64529,8196
2,1441035198,56308,64529,8196
3,1441035200,56309,64529,8196
0,1441119648,56306,64530,8196
1,1441119649,56307,64530,8196
2,1441119651,56308,64530,8196
3,1441119654,56309,64530,8196
0,1441186267,56306,64531,8196
1,1441186268,56307,64531,8196
2,1441186270,56309,64531,8196
3,1441186270,56308,64531,8196
0,1441205101,56306,64532,8196
1,1441205104,56307,64532,8196
2,1441205104,56308,64532,8196
3,1441205107,56309,64532,8196
0,1441230765,56306,64533,8196
1,1441230767,56307,64533,8196
2,1441230767,56308,64533,8196
3,1441230769,56309,64533,8196
0,1441300796,56306,64534,8196
1,1441300797,56308,64534,8196
2,1441300797,56307,64534,8196
3,1441300799,56309,64534,8196
0,1441304079,56306,64535,8196
1,1441304081,56308,64535,8196
2,1441304081,56307,64535,8196
3,1441304083,56309,64535,8196
0,1441383045,56306,64536,8196
1,1441383046,56308,64536,8196
2,1441383046,56307,64536,8196
3,1441383049,56309,64536,8196
0,1441440328,56306,64537,8196
1,1441440330,56307,64537,8196
2,1441440332,56308,64537,8196
3,1441440334,56309,64537,8196
0,1441645348,56306,64538,8196
1,1441645353,56307,64538,8196
2,1441645355,56308,64538,8196
3,1441645357,56309,64538,8196
0,1441794759,56306,64539,8196
1,1441794761,56307,64539,8196
2,1441794762,56308,64539,8196
3,1441794764,56309,64539,8196
0,1441860725,56307,64540,8196
1,1441860725,56306,64540,8196
2,1441860727,56308,64540,8196
3,1441860728,56309,64540,8196
0,1441878220,56306,64541,8196
1,1441878221,56307,64541,8196
2,1441878223,56308,64541,8196
3,1441878225,56309,64541,8196
0,1442505473,56306,64542,8196
1,1442505475,56307,64542,8196
2,1442505476,56308,64542,8196
3,1442505478,56309,64542,8196
0,1443454196,4069,64617,8207
1,1443454252,4067,64617,8207
2,1443454311,4068,64617,8207
3,1443454434,4070,64617,8207
0,1444735754,4091,64618,8207
1,1444735814,6508,64618,8207
2,1444735826,4092,64618,8207
3,1444735932,4086,64618,8207
4,1444735964,4087,64618,8207
5,1444736008,4083,64618,8207
6,1444736080,4095,64618,8207
7,1444736099,4084,64618,8207
8,1444736115,4093,64618,8207
9,1444736176,4094,64618,8207
10,1444736212,4085,64618,8207
11,1444736249,4097,64618,8207
12,1444736306,4088,64618,8207
15,1444736416,4089,64618,8207
18,1444736443,4096,64618,8207
1,1444736523,4090,64618,8207
2,1444738104,8061,64618,8207
0,1445352278,300,64619,8207
1,1445352357,4101,64619,8207
3,1445352478,4102,64619,8207
0,1441704951,2574,64656,8213
3,1441705247,35313,64656,8213
4,1441705257,5664,64656,8213
5,1441705305,941,64656,8213
11,1441705979,4839,64656,8213
0,1441793905,17917,64658,8213
2,1441794003,32011,64658,8213
8,1441794240,13432,64658,8213
1,1442395516,13432,64660,8213
2,1442395538,220,64660,8213
8,1442395989,41,64660,8213
14,1442396694,4839,64660,8213
15,1442396747,941,64660,8213
0,1443039626,19,64661,8213
1,1443039806,17917,64661,8213
2,1443039833,220,64661,8213
3,1443039881,7322,64661,8213
7,1443040259,528,64661,8213
9,1443040498,4841,64661,8213
10,1443040627,8780,64661,8213
12,1443040952,17196,64661,8213
15,1443041227,8378,64661,8213
17,1443041773,27400,64661,8213
18,1443041799,1041,64661,8213
19,1443041807,13,64661,8213
0,1443041916,19708,64661,8213
8,1443042419,941,64661,8213
11,1443043145,30,64661,8213
0,1441188840,8,64690,8216
1,1441188862,2991,64690,8216
3,1441188910,5670,64690,8216
0,1441814366,34,64692,8216
2,1441814598,4469,64692,8216
4,1441814758,7360,64692,8216
7,1441814932,3160,64692,8216
10,1441815096,8796,64692,8216
12,1441815169,5689,64692,8216
13,1441815177,3691,64692,8216
0,1442919744,13,64694,8216
1,1442920056,2929,64694,8216
2,1442920155,50,64694,8216
0,1443111269,50,64695,8216
1,1443112080,2929,64695,8216
2,1443112127,13,64695,8216
0,1443185868,2537,64696,8216
1,1443185926,4162,64696,8216
2,1443185985,5389,64696,8216
1,1443450511,2928,64697,8216
2,1443450522,2537,64697,8216
3,1443450663,1316,64697,8216
4,1443450689,5710,64697,8216
0,1444142622,3697,64700,8216
1,1444142648,2537,64700,8216
3,1444142715,3698,64700,8216
0,1444230067,3146,64701,8216
1,1444230864,220,64701,8216
2,1444230927,3707,64701,8216
3,1444231119,7190,64701,8216
4,1444231245,3698,64701,8216
5,1444231337,11,64701,8216
0,1440389118,5635,64747,8223
1,1440389120,4128,64747,8223
2,1440389130,12,64747,8223
3,1440389142,3000,64747,8223
4,1440389208,1139,64747,8223
0,1440742655,2999,64748,8223
1,1440742677,464,64748,8223
2,1440742685,7309,64748,8223
3,1440742690,3008,64748,8223
0,1441362827,1962,64749,8223
3,1441362874,13718,64749,8223
4,1441362880,1308,64749,8223
0,1441942797,108,64750,8223
1,1441942805,92,64750,8223
2,1441942811,3034,64750,8223
0,1441201441,13805,64912,8242
1,1441202392,41,64912,8242
2,1441202520,7,64912,8242
0,1441537196,3022,64914,8242
2,1441537403,132,64914,8242
3,1441537414,122,64914,8242
4,1441538151,3023,64914,8242
0,1441687038,15350,64915,8242
2,1441687228,3461,64915,8242
3,1441687385,6262,64915,8242
0,1441692847,3026,64916,8242
1,1441692907,13247,64916,8242
2,1441692927,6271,64916,8242
0,1441699427,5664,64917,8242
3,1441700094,13247,64917,8242
4,1441700107,3022,64917,8242
0,1441721056,165,64918,8242
1,1441721872,3022,64918,8242
2,1441721888,13247,64918,8242
0,1442379027,19,64919,8242
1,1442379038,41,64919,8242
2,1442379058,3022,64919,8242
3,1442379060,11209,64919,8242
0,1443163519,8,64922,8242
1,1443163535,941,64922,8242
2,1443163550,2342,64922,8242
0,1444466531,680,64923,8242
1,1444467888,17839,64923,8242
2,1444467891,3988,64923,8242
3,1444467937,1139,64923,8242
4,1444467944,2537,64923,8242
7,1444468817,12986,64923,8242
10,1444468837,3056,64923,8242
0,1444632630,4841,64924,8242
1,1444633047,13805,64924,8242
3,1444633692,7509,64924,8242
4,1444633695,662,64924,8242
5,1444633700,4358,64924,8242
6,1444633703,665,64924,8242
0,1441860360,4785,64960,8248
1,1441860430,5851,64960,8248
2,1441860460,9204,64960,8248
3,1441860528,3227,64960,8248
5,1441860615,5855,64960,8248
0,1442299641,25516,64962,8248
1,1442299646,3244,64962,8248
2,1442299750,998,64962,8248
6,1442299890,3239,64962,8248
7,1442299924,5859,64962,8248
3,1442898518,11549,64963,8248
14,1442898781,3227,64963,8248
19,1442898899,997,64963,8248
0,1441637777,13908,65069,8263
1,1441637889,1163,65069,8263
3,1441638076,5269,65069,8263
0,1442068554,1144,65070,8263
3,1442068890,5670,65070,8263
5,1442069068,20954,65070,8263
7,1442069406,5757,65070,8263
8,1442069434,21535,65070,8263
9,1442069481,19933,65070,8263
10,1442069689,7193,65070,8263
11,1442069765,8751,65070,8263
0,1442678138,1163,65071,8263
3,1442678497,1140,65071,8263
4,1442678577,20954,65071,8263
10,1442679235,282,65071,8263
1,1440738963,1139,65175,8278
3,1440739167,3008,65175,8278
5,1440739490,3011,65175,8278
7,1440740222,245,65175,8278
8,1440740241,6674,65175,8278
9,1440740403,19,65175,8278
10,1440740480,1690,65175,8278
11,1440740799,232,65175,8278
0,1441266655,4130,65176,8278
2,1441267441,10929,65176,8278
4,1441267610,1969,65176,8278
6,1441267729,2567,65176,8278
12,1441267979,10921,65176,8278
16,1441268247,30770,65176,8278
1,1441268605,172,65176,8278
0,1442972717,19,65177,8278
1,1442972783,3029,65177,8278
2,1442972950,1491,65177,8278
3,1442973046,1304,65177,8278
0,1440526585,6911,65245,8289
1,1440526930,6906,65245,8289
2,1440526933,3008,65245,8289
3,1440526984,5312,65245,8289
4,1440527013,6907,65245,8289
5,1440527349,6914,65245,8289
6,1440527367,6909,65245,8289
7,1440527641,6908,65245,8289
8,1440527991,6669,65245,8289
9,1440528045,6910,65245,8289
10,1440528205,6913,65245,8289
11,1440528444,6915,65245,8289
0,1445857074,6916,65246,8289
1,1445857152,6917,65246,8289
2,1445857839,6918,65246,8289
3,1445857903,6919,65246,8289
0,1445860431,6922,65247,8289
1,1445860676,6916,65247,8289
2,1445861381,6920,65247,8289
0,1440760249,251,65259,8291
1,1440760403,19520,65259,8291
2,1440760433,29899,65259,8291
3,1440760505,3969,65259,8291
4,1440760609,1633,65259,8291
1,1441709355,1307,65261,8291
2,1441709427,13962,65261,8291
3,1441709798,5668,65261,8291
1,1442647727,4162,65263,8291
2,1442647761,13962,65263,8291
4,1442648571,1763,65263,8291
5,1442648596,14,65263,8291
7,1442648742,4469,65263,8291
0,1441097476,5678,65355,8303
5,1441097653,19,65355,8303
7,1441097794,13977,65355,8303
1,1444229896,20897,65360,8303
3,1444229967,6015,65360,8303
4,1444230013,15951,65360,8303
0,1444644597,5726,65362,8303
1,1444645565,11214,65362,8303
2,1444645709,10985,65362,8303
4,1444646369,3962,65362,8303
6,1444646718,1512,65362,8303
0,1445232621,5723,65364,8303
2,1445232677,4132,65364,8303
3,1445232694,29721,65364,8303
4,1445232720,20944,65364,8303
0,1445414742,5751,65365,8303
2,1445414780,6011,65365,8303
5,1445414840,3962,65365,8303
0,1441806772,15387,65377,8304
1,1441806798,2965,65377,8304
2,1441806822,49,65377,8304
4,1441806882,6881,65377,8304
8,1441807063,6882,65377,8304
0,1443882034,4732,65378,8304
1,1443882046,9471,65378,8304
2,1443882061,93,65378,8304
3,1443882077,3204,65378,8304
4,1443882099,494,65378,8304
7,1443882188,3635,65378,8304
8,1443882200,3192,65378,8304
11,1443882327,25434,65378,8304
12,1443882341,58,65378,8304
13,1443882410,6897,65378,8304
14,1443882437,8563,65378,8304
15,1443882472,9475,65378,8304
16,1443882604,9451,65378,8304
17,1443882631,12138,65378,8304
2,1443883259,9482,65378,8304
4,1443883551,13971,65378,8304
6,1443883614,15780,65378,8304
10,1443883792,49,65378,8304
0,1444057469,93,65379,8304
2,1444057495,1217,65379,8304
3,1444057521,3204,65379,8304
5,1444057623,3635,65379,8304
6,1444057634,9475,65379,8304
10,1444057705,25434,65379,8304
12,1444057771,6897,65379,8304
1,1444133882,58,65380,8304
2,1444133904,55,65380,8304
4,1444134264,6897,65380,8304
6,1444138658,3203,65381,8304
8,1444138842,55,65381,8304
10,1444139036,6897,65381,8304
0,1446041354,1217,65383,8304
1,1446041518,3204,65383,8304
3,1446041586,5480,65383,8304
9,1446041681,9471,65383,8304
1,1440608111,4676,65396,8306
3,1440608118,44762,65396,8306
4,1440608118,27738,65396,8306
5,1440608120,30103,65396,8306
6,1440608121,56418,65396,8306
0,1440653231,30103,65397,8306
3,1440653396,4676,65397,8306
4,1440653459,56418,65397,8306
5,1440653461,44762,65397,8306
6,1440653625,27738,65397,8306
7,1440653715,29811,65397,8306
0,1440691418,44762,65398,8306
1,1440691418,4676,65398,8306
2,1440691421,29811,65398,8306
3,1440691428,30103,65398,8306
4,1440691429,56418,65398,8306
6,1440691515,27738,65398,8306
0,1440735329,29811,65399,8306
1,1440735350,44762,65399,8306
3,1440735353,30103,65399,8306
4,1440735354,27738,65399,8306
5,1440735394,4676,65399,8306
6,1440735394,56418,65399,8306
0,1440944565,4676,65400,8306
1,1440944661,29811,65400,8306
3,1440944760,56418,65400,8306
4,1440944760,30103,65400,8306
5,1440944760,44762,65400,8306
6,1440944761,27738,65400,8306
1,1440996407,4676,65401,8306
2,1440996408,30103,65401,8306
3,1440996408,29811,65401,8306
5,1440996424,56418,65401,8306
6,1440996425,44762,65401,8306
7,1440996445,27738,65401,8306
0,1441081658,4676,65402,8306
2,1441081725,29811,65402,8306
3,1441081738,30103,65402,8306
5,1441081758,56418,65402,8306
6,1441081759,44762,65402,8306
7,1441081781,27738,65402,8306
0,1441136180,8746,65403,8306
2,1441136300,29811,65403,8306
3,1441136311,30103,65403,8306
5,1441136338,56418,65403,8306
6,1441136338,44762,65403,8306
7,1441136360,27738,65403,8306
8,1441136361,4676,65403,8306
0,1441171875,8746,65404,8306
2,1441171949,29811,65404,8306
3,1441171985,30103,65404,8306
5,1441172072,56418,65404,8306
6,1441172077,44762,65404,8306
7,1441172159,4676,65404,8306
8,1441172161,27738,65404,8306
0,1441218283,8746,65405,8306
2,1441218760,29811,65405,8306
3,1441218775,30103,65405,8306
5,1441218859,56418,65405,8306
6,1441218860,44762,65405,8306
7,1441218924,27738,65405,8306
8,1441218928,4676,65405,8306
0,1441256075,8746,65406,8306
2,1441256217,29811,65406,8306
3,1441256242,30103,65406,8306
4,1441256313,56418,65406,8306
5,1441256314,44762,65406,8306
6,1441256365,27738,65406,8306
7,1441256367,4676,65406,8306
0,1441301598,8746,65407,8306
2,1441301633,29811,65407,8306
3,1441301644,30103,65407,8306
4,1441301665,56418,65407,8306
5,1441301665,44762,65407,8306
6,1441301688,27738,65407,8306
7,1441301689,4676,65407,8306
0,1441383480,8746,65408,8306
2,1441383531,29811,65408,8306
3,1441383542,30103,65408,8306
4,1441383571,56418,65408,8306
5,1441383572,44762,65408,8306
6,1441383595,27738,65408,8306
7,1441383597,4676,65408,8306
0,1441459537,4676,65409,8306
1,1441459537,27738,65409,8306
2,1441459537,44762,65409,8306
3,1441459537,30103,65409,8306
5,1441459549,29811,65409,8306
6,1441459550,8746,65409,8306
7,1441459551,56418,65409,8306
0,1441546512,8746,65410,8306
1,1441546594,29811,65410,8306
2,1441546613,30103,65410,8306
3,1441546634,44762,65410,8306
4,1441546634,56418,65410,8306
5,1441546654,4676,65410,8306
6,1441546654,27738,65410,8306
0,1441557102,8746,65411,8306
1,1441557145,29811,65411,8306
2,1441557157,30103,65411,8306
3,1441557179,44762,65411,8306
4,1441557179,56418,65411,8306
5,1441557197,4676,65411,8306
0,1441598084,8746,65412,8306
1,1441598121,29811,65412,8306
2,1441598129,30103,65412,8306
3,1441598148,44762,65412,8306
4,1441598148,56418,65412,8306
5,1441598165,4676,65412,8306
0,1441644327,5657,65413,8306
1,1441644390,8746,65413,8306
2,1441644426,29811,65413,8306
3,1441644439,30103,65413,8306
4,1441644456,56418,65413,8306
5,1441644457,44762,65413,8306
6,1441644479,4676,65413,8306
0,1441684440,5657,65414,8306
1,1441684552,8746,65414,8306
2,1441684555,4676,65414,8306
3,1441684632,29811,65414,8306
4,1441684670,56418,65414,8306
5,1441684672,44762,65414,8306
0,1441697166,44762,65415,8306
1,1441697179,29811,65415,8306
3,1441697219,5657,65415,8306
4,1441697295,16466,65415,8306
5,1441697330,19129,65415,8306
6,1441697379,8746,65415,8306
7,1441697429,10662,65415,8306
8,1441697454,56419,65415,8306
9,1441697532,42334,65415,8306
10,1441698869,4676,65415,8306
0,1441728820,16466,65416,8306
2,1441728824,19129,65416,8306
3,1441728825,8746,65416,8306
4,1441728826,10662,65416,8306
5,1441728827,56419,65416,8306
6,1441728827,29811,65416,8306
7,1441728828,42334,65416,8306
8,1441728828,5657,65416,8306
9,1441728915,56418,65416,8306
10,1441728917,44762,65416,8306
11,1441728937,4676,65416,8306
1,1441778306,16466,65417,8306
2,1441778308,19129,65417,8306
3,1441778309,10662,65417,8306
4,1441778309,8746,65417,8306
5,1441778310,56419,65417,8306
6,1441778310,29811,65417,8306
7,1441778310,42334,65417,8306
8,1441778311,5657,65417,8306
9,1441778388,56418,65417,8306
10,1441778390,44762,65417,8306
11,1441778410,4676,65417,8306
1,1441943640,16466,65418,8306
2,1441943641,19129,65418,8306
3,1441943642,10662,65418,8306
4,1441943642,8746,65418,8306
5,1441943643,56419,65418,8306
6,1441943643,42334,65418,8306
7,1441943644,5657,65418,8306
8,1441943741,56418,65418,8306
9,1441943741,44762,65418,8306
10,1441943764,4676,65418,8306
0,1441966872,5657,65420,8306
1,1441966898,8471,65420,8306
2,1441966944,16466,65420,8306
3,1441966946,19129,65420,8306
4,1441966947,8746,65420,8306
5,1441966947,10662,65420,8306
6,1441966948,56419,65420,8306
7,1441966949,42334,65420,8306
8,1441966996,4676,65420,8306
9,1441967025,44762,65420,8306
10,1441967025,56418,65420,8306
0,1442001586,8471,65421,8306
1,1442001586,5657,65421,8306
2,1442001614,16466,65421,8306
3,1442001616,19129,65421,8306
4,1442001618,10662,65421,8306
5,1442001618,8746,65421,8306
6,1442001619,56419,65421,8306
7,1442001620,42334,65421,8306
8,1442001700,56418,65421,8306
9,1442001700,44762,65421,8306
10,1442001718,4676,65421,8306
0,1442045304,5657,65422,8306
1,1442045305,8471,65422,8306
2,1442045332,16466,65422,8306
3,1442045333,19129,65422,8306
4,1442045334,10662,65422,8306
5,1442045334,8746,65422,8306
6,1442045335,56419,65422,8306
7,1442045335,42334,65422,8306
8,1442045437,56418,65422,8306
9,1442045438,44762,65422,8306
10,1442045464,4676,65422,8306
0,1442130660,5657,65423,8306
1,1442130660,8471,65423,8306
2,1442130728,16466,65423,8306
3,1442130731,19129,65423,8306
4,1442130732,8746,65423,8306
5,1442130732,10662,65423,8306
6,1442130733,42334,65423,8306
7,1442130733,56419,65423,8306
8,1442130829,56418,65423,8306
9,1442130831,44762,65423,8306
10,1442130854,4676,65423,8306
0,1442203897,5657,65424,8306
1,1442203909,8471,65424,8306
2,1442203955,16466,65424,8306
3,1442203958,8746,65424,8306
4,1442203958,19129,65424,8306
5,1442203958,10662,65424,8306
6,1442203959,56419,65424,8306
7,1442203960,42334,65424,8306
8,1442204051,56418,65424,8306
9,1442204051,44762,65424,8306
10,1442204073,4676,65424,8306
0,1442289693,8471,65426,8306
1,1442289806,5657,65426,8306
2,1442289839,16466,65426,8306
3,1442289842,8746,65426,8306
4,1442289842,19129,65426,8306
5,1442289843,10662,65426,8306
6,1442289844,56419,65426,8306
7,1442289845,42334,65426,8306
8,1442289930,56418,65426,8306
9,1442289931,44762,65426,8306
10,1442289964,4676,65426,8306
0,1442396226,8471,65427,8306
1,1442396450,5657,65427,8306
2,1442396539,16466,65427,8306
3,1442396546,19129,65427,8306
4,1442396547,8746,65427,8306
5,1442396550,10662,65427,8306
6,1442396552,56419,65427,8306
7,1442396555,42334,65427,8306
8,1442396861,56418,65427,8306
9,1442396866,44762,65427,8306
10,1442396968,4676,65427,8306
1,1442462511,8471,65428,8306
2,1442462557,5657,65428,8306
3,1442462577,16466,65428,8306
4,1442462581,19129,65428,8306
5,1442462581,8746,65428,8306
6,1442462583,10662,65428,8306
7,1442462583,56419,65428,8306
8,1442462584,42334,65428,8306
9,1442462656,44762,65428,8306
10,1442462656,56418,65428,8306
11,1442462675,4676,65428,8306
1,1442596201,8471,65429,8306
2,1442596253,5657,65429,8306
3,1442596282,16466,65429,8306
4,1442596283,8746,65429,8306
5,1442596283,19129,65429,8306
6,1442596284,10662,65429,8306
7,1442596284,56419,65429,8306
8,1442596285,42334,65429,8306
9,1442596363,44762,65429,8306
10,1442596390,4676,65429,8306
1,1442640816,8471,65430,8306
2,1442640919,5657,65430,8306
3,1442640941,16466,65430,8306
4,1442640942,19129,65430,8306
5,1442640943,8746,65430,8306
6,1442640943,10662,65430,8306
7,1442640944,56419,65430,8306
8,1442640945,42334,65430,8306
9,1442641028,44762,65430,8306
10,1442641050,4676,65430,8306
1,1442681889,8471,65431,8306
2,1442681925,5657,65431,8306
3,1442681959,16466,65431,8306
4,1442681961,19129,65431,8306
5,1442681961,8746,65431,8306
6,1442681962,10662,65431,8306
7,1442681964,56419,65431,8306
8,1442681965,42334,65431,8306
9,1442682006,4676,65431,8306
10,1442682051,44762,65431,8306
1,1442771475,8471,65432,8306
2,1442771534,5657,65432,8306
3,1442771557,16466,65432,8306
4,1442771561,8746,65432,8306
5,1442771562,10662,65432,8306
6,1442771563,56419,65432,8306
7,1442771564,42334,65432,8306
8,1442771644,44762,65432,8306
9,1442771665,4676,65432,8306
10,1442773145,27400,65432,8306
0,1442854767,27400,65433,8306
5,1442854834,8471,65433,8306
6,1442854886,5657,65433,8306
7,1442854921,16466,65433,8306
8,1442854924,8746,65433,8306
9,1442854925,10662,65433,8306
10,1442854926,42334,65433,8306
11,1442854926,56419,65433,8306
12,1442855016,44762,65433,8306
13,1442855033,4676,65433,8306
0,1442939038,27400,65434,8306
2,1442939071,8471,65434,8306
3,1442939163,5657,65434,8306
4,1442939196,16466,65434,8306
5,1442939199,8746,65434,8306
6,1442939200,10662,65434,8306
7,1442939201,56419,65434,8306
8,1442939202,42334,65434,8306
9,1442939343,44762,65434,8306
10,1442939363,4676,65434,8306
11,1442940628,10703,65434,8306
0,1443112379,10703,65435,8306
1,1443112507,27400,65435,8306
3,1443112545,8471,65435,8306
4,1443112601,5657,65435,8306
5,1443112631,16466,65435,8306
6,1443112634,8746,65435,8306
7,1443112634,10662,65435,8306
8,1443112635,56419,65435,8306
9,1443112636,42334,65435,8306
10,1443112722,44762,65435,8306
11,1443112739,4676,65435,8306
0,1443545097,11,65438,8306
3,1443545114,36095,65438,8306
4,1443545124,22503,65438,8306
0,1443596102,11,65439,8306
1,1443596116,36095,65439,8306
3,1443596137,22503,65439,8306
0,1443609803,11,65440,8306
1,1443609807,36095,65440,8306
3,1443609812,22503,65440,8306
0,1443628945,11,65441,8306
2,1443628950,36095,65441,8306
3,1443628954,22503,65441,8306
0,1443673251,11,65442,8306
1,1443673254,36095,65442,8306
3,1443673257,22503,65442,8306
1,1443715450,11,65443,8306
2,1443715454,36095,65443,8306
3,1443715462,22503,65443,8306
0,1443758936,11,65444,8306
1,1443758939,36095,65444,8306
2,1443758946,22503,65444,8306
0,1443856822,11,65445,8306
1,1443856830,36095,65445,8306
2,1443856837,22503,65445,8306
0,1444026825,22503,65446,8306
1,1444026827,36095,65446,8306
2,1444026832,11,65446,8306
0,1444110843,11,65447,8306
1,1444110848,36095,65447,8306
2,1444110853,22503,65447,8306
3,1444111913,8873,65447,8306
0,1444134595,8873,65448,8306
1,1444134702,11,65448,8306
2,1444134707,36095,65448,8306
3,1444134711,22503,65448,8306
0,1444156780,8873,65449,8306
1,1444156789,22503,65449,8306
2,1444156797,36095,65449,8306
3,1444156799,11,65449,8306
0,1444165592,8873,65450,8306
1,1444165663,11,65450,8306
2,1444165668,36095,65450,8306
3,1444165672,22503,65450,8306
0,1444207338,8873,65451,8306
1,1444207546,11,65451,8306
2,1444207562,36095,65451,8306
3,1444207574,22503,65451,8306
0,1444229546,8873,65452,8306
1,1444229613,11,65452,8306
2,1444229617,36095,65452,8306
3,1444229622,22503,65452,8306
0,1444283853,8873,65453,8306
1,1444284041,11,65453,8306
2,1444284043,22503,65453,8306
3,1444284047,36095,65453,8306
0,1444302369,8873,65454,8306
1,1444302449,36095,65454,8306
2,1444302451,11,65454,8306
3,1444302460,22503,65454,8306
0,1444370166,8873,65455,8306
1,1444370260,11,65455,8306
2,1444370270,36095,65455,8306
3,1444370277,22503,65455,8306
0,1444415296,8873,65456,8306
1,1444415369,11,65456,8306
2,1444415372,36095,65456,8306
3,1444415380,22503,65456,8306
0,1444480521,22503,65457,8306
1,1444480698,11,65457,8306
2,1444480700,8873,65457,8306
3,1444480714,36095,65457,8306
0,1444557589,8873,65458,8306
1,1444557664,36095,65458,8306
2,1444557669,22503,65458,8306
0,1444567390,8873,65459,8306
1,1444567482,36095,65459,8306
2,1444567486,22503,65459,8306
0,1444579250,8873,65460,8306
1,1444579337,36095,65460,8306
2,1444579342,22503,65460,8306
0,1444676704,8873,65461,8306
1,1444676774,36095,65461,8306
2,1444676780,22503,65461,8306
0,1444760077,8873,65462,8306
1,1444760152,36095,65462,8306
2,1444760156,22503,65462,8306
0,1444855720,8873,65463,8306
1,1444855788,36095,65463,8306
2,1444855791,22503,65463,8306
5,1441535362,386,65481,8309
6,1441535603,14326,65481,8309
9,1441536196,11098,65481,8309
10,1441537359,924,65481,8309
12,1441537445,8011,65481,8309
0,1442210651,11098,65482,8309
1,1442210756,386,65482,8309
2,1442210807,122,65482,8309
0,1442931134,1759,65483,8309
1,1442931505,127,65483,8309
2,1442931542,13987,65483,8309
3,1445858313,24214,65486,8309
4,1445858334,25752,65486,8309
5,1445858370,4613,65486,8309
8,1445860336,15254,65486,8309
9,1445860379,11202,65486,8309
0,1446066132,149,65487,8309
1,1446066138,2354,65487,8309
2,1446066169,150,65487,8309
0,1440924673,2443,65498,8311
2,1440924734,36404,65498,8311
3,1440924750,2452,65498,8311
6,1440924791,15450,65498,8311
1,1441251308,6293,65502,8311
4,1441251698,3242,65502,8311
6,1441251984,2671,65502,8311
0,1441593641,10661,65504,8311
3,1441594282,3430,65504,8311
5,1441594611,11062,65504,8311
0,1441854761,2670,65507,8311
2,1441854779,2671,65507,8311
4,1441854811,32486,65507,8311
0,1442500906,14865,65508,8311
2,1442501209,2443,65508,8311
4,1442502819,36404,65508,8311
0,1442563008,2670,65511,8311
1,1442563105,2671,65511,8311
2,1442563151,2707,65511,8311
0,1443978141,12673,65515,8311
1,1443978152,3423,65515,8311
2,1443978169,12676,65515,8311
0,1441687674,229,65595,8322
1,1441687849,228,65595,8322
2,1441688219,230,65595,8322
0,1444056946,231,65596,8322
1,1444057060,232,65596,8322
2,1444057313,233,65596,8322
0,1444922811,238,65597,8322
1,1444922855,239,65597,8322
2,1444923002,234,65597,8322
3,1444923050,236,65597,8322
4,1444923071,237,65597,8322
5,1444924052,240,65597,8322
0,1445188126,241,65598,8322
1,1445188214,237,65598,8322
2,1445188738,240,65598,8322
3,1445188898,242,65598,8322
1,1442769869,2680,65641,8327
4,1442770017,2666,65641,8327
5,1442770092,2671,65641,8327
6,1442770164,16856,65641,8327
0,1443969392,6770,65642,8327
2,1443969863,12723,65642,8327
3,1443970021,1536,65642,8327
0,1444205140,4799,65643,8327
1,1444205239,13086,65643,8327
2,1444206527,10749,65643,8327
3,1444206557,989,65643,8327
0,1444242477,2665,65644,8327
3,1444242688,988,65644,8327
4,1444242746,3254,65644,8327
5,1444242826,3241,65644,8327
6,1444243013,997,65644,8327
7,1444243052,9578,65644,8327
0,1443367552,4067,65707,8337
1,1443368096,4069,65707,8337
2,1443368211,4068,65707,8337
3,1443368634,4070,65707,8337
0,1444500072,4071,65708,8337
1,1444500133,1212,65708,8337
2,1444500286,4073,65708,8337
3,1444500324,4082,65708,8337
4,1444500351,4074,65708,8337
5,1444500421,3956,65708,8337
6,1444500476,4078,65708,8337
7,1444500908,4077,65708,8337
8,1444501317,4076,65708,8337
9,1444501423,4072,65708,8337
10,1444501458,4075,65708,8337
11,1444501740,4080,65708,8337
12,1444501819,4081,65708,8337
0,1444648814,6508,65709,8337
1,1444649126,4092,65709,8337
2,1444649212,4085,65709,8337
3,1444649232,4086,65709,8337
4,1444649380,4095,65709,8337
8,1444649908,4083,65709,8337
9,1444649999,4084,65709,8337
10,1444650076,4094,65709,8337
11,1444650315,4093,65709,8337
12,1444650316,4089,65709,8337
14,1444650343,4096,65709,8337
16,1444650723,4090,65709,8337
17,1444652304,8061,65709,8337
0,1445020604,4099,65710,8337
1,1445020851,4100,65710,8337
2,1445020868,4098,65710,8337
3,1445021470,3646,65710,8337
0,1445265357,4101,65711,8337
2,1445266328,4102,65711,8337
3,1445266478,300,65711,8337
0,1443540052,4067,65849,8353
1,1443540411,4068,65849,8353
2,1443540896,4069,65849,8353
0,1444672933,1212,65850,8353
1,1444673108,4077,65850,8353
2,1444673876,4078,65850,8353
3,1444673923,4072,65850,8353
4,1444673958,4075,65850,8353
5,1444674072,4071,65850,8353
6,1444674191,4079,65850,8353
7,1444674286,4073,65850,8353
8,1444674417,4076,65850,8353
9,1444674540,4080,65850,8353
10,1444674619,4081,65850,8353
0,1444821732,4086,65851,8353
1,1444821854,4091,65851,8353
2,1444821880,4095,65851,8353
3,1444821899,4084,65851,8353
4,1444821915,4093,65851,8353
5,1444821926,4092,65851,8353
6,1444822049,4097,65851,8353
7,1444822108,4083,65851,8353
11,1444822814,6508,65851,8353
12,1444822876,4094,65851,8353
13,1444823116,4089,65851,8353
14,1444823126,4096,65851,8353
17,1444823223,4090,65851,8353
0,1445193370,3646,65852,8353
1,1445193404,4099,65852,8353
2,1445193651,4100,65852,8353
3,1445194568,4098,65852,8353
0,1445438078,300,65853,8353
1,1445439057,4101,65853,8353
3,1445439428,4102,65853,8353
0,1444736076,7245,65871,8356
1,1444736126,24090,65871,8356
2,1444736158,5793,65871,8356
5,1445689242,8408,65874,8356
16,1445692774,8411,65874,8356
1,1445693712,15163,65874,8356
7,1445782674,14473,65875,8356
8,1445782680,18340,65875,8356
15,1445782733,9313,65875,8356
16,1445783323,1624,65875,8356
3,1445334761,7,65926,8365
4,1445334928,165,65926,8365
5,1445335111,11654,65926,8365
6,1445335184,8680,65926,8365
7,1445335297,8677,65926,8365
8,1445335352,11985,65926,8365
0,1445415879,11985,65927,8365
2,1445416724,165,65927,8365
4,1445418829,11509,65927,8365
2,1445525391,4259,65928,8365
3,1445525460,14402,65928,8365
4,1445525571,146,65928,8365
5,1445525664,165,65928,8365
0,1444057060,232,66029,8380
1,1444057846,231,66029,8380
2,1444057913,233,66029,8380
0,1444922555,239,66030,8380
1,1444922702,234,66030,8380
2,1444922841,235,66030,8380
3,1444923050,236,66030,8380
4,1444923671,237,66030,8380
5,1444923752,240,66030,8380
6,1444924011,238,66030,8380
0,1445187826,241,66031,8380
1,1445188214,237,66031,8380
2,1445188298,242,66031,8380
3,1445188663,24323,66031,8380
4,1445189038,240,66031,8380
0,1440518120,3467,66083,8389
1,1440518191,132,66083,8389
2,1440518197,122,66083,8389
3,1440518223,115,66083,8389
0,1441468995,6186,66084,8389
1,1441469009,7442,66084,8389
3,1441469035,4410,66084,8389
0,1441555602,23497,66085,8389
2,1441556227,2587,66085,8389
4,1441556385,132,66085,8389
0,1442131337,6074,66143,8395
1,1442131401,41,66143,8395
2,1442131403,14093,66143,8395
3,1442132067,6072,66143,8395
0,1442829263,14093,66144,8395
1,1442829266,13718,66144,8395
2,1442829269,6074,66144,8395
3,1442829271,6078,66144,8395
0,1442941707,14093,66145,8395
1,1442941709,13718,66145,8395
2,1442941732,6074,66145,8395
3,1442941734,6078,66145,8395
0,1442985457,14093,66146,8395
1,1442985458,13718,66146,8395
2,1442985460,6074,66146,8395
3,1442985471,6078,66146,8395
0,1443006182,14093,66147,8395
1,1443006183,6078,66147,8395
2,1443006192,13718,66147,8395
3,1443006211,6074,66147,8395
0,1440526713,6907,66179,8401
1,1440526921,6912,66179,8401
2,1440526957,6906,66179,8401
3,1440527049,6914,66179,8401
4,1440527067,6909,66179,8401
5,1440527091,6669,66179,8401
6,1440527641,6908,66179,8401
7,1440528205,6913,66179,8401
8,1440528345,6910,66179,8401
0,1445856703,6919,66180,8401
1,1445856939,6918,66180,8401
2,1445856946,6917,66180,8401
3,1445857674,6916,66180,8401
0,1445860431,6922,66181,8401
1,1445861276,6916,66181,8401
2,1445861681,6920,66181,8401
3,1445861737,6921,66181,8401
0,1442830554,1146,66225,8408
1,1442830556,1962,66225,8408
2,1442831021,1976,66225,8408
0,1442988767,14568,66226,8408
1,1442988934,1146,66226,8408
2,1442989165,25188,66226,8408
4,1442990789,11007,66226,8408
0,1444025213,6074,66228,8408
2,1444025594,243,66228,8408
5,1444026901,1989,66228,8408
0,1444248312,4129,66230,8408
1,1444248388,4729,66230,8408
2,1444248408,2147,66230,8408
3,1444248433,8,66230,8408
5,1444248609,21534,66230,8408
6,1444248734,22620,66230,8408
7,1444248810,8990,66230,8408
8,1444248837,247,66230,8408
5,1444725350,2000,66233,8408
7,1444725492,2001,66233,8408
9,1444725723,2906,66233,8408
10,1444725806,16290,66233,8408
11,1444725824,22613,66233,8408
0,1446448450,19,66244,8410
2,1446448452,19594,66244,8410
3,1446448452,523,66244,8410
4,1446448453,2984,66244,8410
5,1446448838,19589,66244,8410
6,1446448839,34,66244,8410
8,1446448840,6674,66244,8410
10,1446450254,1745,66244,8410
2,1446455320,6674,66245,8410
3,1446455320,34,66245,8410
5,1446455321,4130,66245,8410
6,1446455322,15476,66245,8410
7,1446455326,19594,66245,8410
8,1446455864,23579,66245,8410
9,1446455866,19,66245,8410
10,1446455867,523,66245,8410
1,1446563731,23579,66246,8410
2,1446563733,4130,66246,8410
3,1446563733,6674,66246,8410
4,1446563734,15476,66246,8410
5,1446563734,1139,66246,8410
6,1446564627,7651,66246,8410
7,1446564629,11374,66246,8410
0,1441786598,10884,66249,8411
3,1441787690,7210,66249,8411
4,1441788936,1078,66249,8411
0,1442384851,271,66251,8411
1,1442385235,1077,66251,8411
2,1442385284,259,66251,8411
0,1443017576,10094,66252,8411
1,1443017774,271,66252,8411
2,1443017792,26960,66252,8411
3,1443018158,270,66252,8411
4,1443018239,7209,66252,8411
0,1444158760,2325,66279,8415
1,1444158827,2319,66279,8415
2,1444158852,1647,66279,8415
3,1444158875,2454,66279,8415
7,1444158931,724,66279,8415
8,1444158983,4075,66279,8415
12,1444159067,10093,66279,8415
13,1444159087,21785,66279,8415
15,1444159111,3605,66279,8415
16,1444159140,7659,66279,8415
18,1444159188,2321,66279,8415
19,1444159238,18665,66279,8415
1,1445257543,12464,66281,8415
2,1445257589,12466,66281,8415
4,1445257845,2349,66281,8415
7,1445257960,4413,66281,8415
1,1445328185,2608,66282,8415
3,1445328244,9926,66282,8415
6,1445328368,6166,66282,8415
8,1445328441,11672,66282,8415
10,1445328545,30675,66282,8415
11,1445328556,21087,66282,8415
2,1445761256,689,66283,8415
3,1445762255,6842,66283,8415
4,1445762307,18573,66283,8415
0,1443443092,1637,66389,8431
1,1443443192,5790,66389,8431
3,1443443417,11079,66389,8431
4,1443443538,10093,66389,8431
5,1443443619,17531,66389,8431
0,1443598336,1160,66391,8431
2,1443598730,13847,66391,8431
3,1443598777,607,66391,8431
4,1443598854,4189,66391,8431
6,1443599071,540,66391,8431
1,1445340035,9622,66396,8431
2,1445340142,10152,66396,8431
4,1445340196,11092,66396,8431
0,1440044046,11811,66426,8435
1,1440044331,17768,66426,8435
2,1440044344,24605,66426,8435
0,1442916271,2860,66427,8435
1,1442916469,5768,66427,8435
4,1442916866,5766,66427,8435
5,1442917034,8840,66427,8435
0,1443005309,8446,66428,8435
1,1443005421,7880,66428,8435
3,1443005503,5768,66428,8435
6,1443005592,15336,66428,8435
0,1444995510,5807,66433,8435
2,1444995541,9002,66433,8435
5,1444995573,5816,66433,8435
7,1444996902,13583,66433,8435
8,1444996926,5795,66433,8435
9,1444996961,5806,66433,8435
6,1441025246,7193,66458,8438
9,1441025283,7191,66458,8438
11,1441025375,26871,66458,8438
2,1441348779,8746,66464,8438
4,1441349712,8219,66464,8438
6,1441349961,4657,66464,8438
0,1441789275,1077,66466,8438
1,1441789293,22176,66466,8438
2,1441789357,2876,66466,8438
6,1441789580,7635,66466,8438
17,1441790221,10801,66466,8438
3,1441901043,2956,66468,8438
4,1441901350,7635,66468,8438
7,1441901525,8640,66468,8438
8,1441901629,20516,66468,8438
2,1442210717,8746,66471,8438
3,1442210751,7784,66471,8438
5,1442210963,7205,66471,8438
1,1442315300,17469,66472,8438
5,1442315510,32025,66472,8438
7,1442315558,5709,66472,8438
1,1442824450,20703,66476,8438
9,1442825234,12008,66476,8438
14,1442825682,5709,66476,8438
0,1443080228,8491,66479,8438
2,1443080313,14981,66479,8438
4,1443080344,1000,66479,8438
6,1443080417,2969,66479,8438
1,1440403940,4962,66660,8462
2,1440403991,1723,66660,8462
13,1440404346,12908,66660,8462
0,1440756140,1721,66664,8462
5,1440756319,18399,66664,8462
8,1440756414,4947,66664,8462
0,1440920209,1725,66665,8462
1,1440920255,5046,66665,8462
2,1440920336,5053,66665,8462
1,1441003074,1426,66666,8462
3,1441003145,5046,66666,8462
4,1441003162,1725,66666,8462
5,1441191389,8606,66671,8462
9,1441191697,1426,66671,8462
11,1441191814,3472,66671,8462
2,1441256881,10753,66672,8462
4,1441256965,1725,66672,8462
5,1441257014,168,66672,8462
0,1440423740,170,66707,8465
1,1440423963,17884,66707,8465
2,1440424102,37,66707,8465
0,1441032703,12219,66709,8465
1,1441032967,1304,66709,8465
2,1441033000,9,66709,8465
3,1441033023,2988,66709,8465
0,1443517298,1304,66710,8465
1,1443517373,12219,66710,8465
2,1443517397,9,66710,8465
3,1443517416,5039,66710,8465
0,1445853614,2265,66711,8465
1,1445853655,12963,66711,8465
2,1445853679,2008,66711,8465
3,1445853691,3834,66711,8465
4,1445853763,3178,66711,8465
0,1446322755,5100,66712,8465
1,1446322764,3954,66712,8465
2,1446322772,3062,66712,8465
0,1440440221,6912,66747,8471
1,1440440485,6911,66747,8471
2,1440440533,3008,66747,8471
3,1440440605,6913,66747,8471
4,1440440653,6906,66747,8471
5,1440441045,6910,66747,8471
6,1440441184,5312,66747,8471
7,1440441213,6907,66747,8471
8,1440441541,6908,66747,8471
9,1440441549,6914,66747,8471
10,1440441581,6909,66747,8471
11,1440441744,6915,66747,8471
12,1440441891,6669,66747,8471
0,1445770747,6916,66748,8471
1,1445770752,6917,66748,8471
2,1445771503,6919,66748,8471
0,1445774276,6916,66749,8471
1,1445774381,6920,66749,8471
2,1445775037,6921,66749,8471
0,1440566098,100,67190,8520
1,1440566183,18203,67190,8520
2,1440566191,6115,67190,8520
0,1441706476,172,67192,8520
2,1441706535,2929,67192,8520
6,1441706713,4996,67192,8520
0,1441962837,1304,67193,8520
1,1441962845,4996,67193,8520
2,1441962856,10657,67193,8520
3,1441962951,11,67193,8520
4,1441963203,12217,67193,8520
1,1443080077,8102,67242,8529
8,1443081493,2508,67242,8529
9,1443081701,12008,67242,8529
0,1443114250,1045,67243,8529
4,1443114692,721,67243,8529
6,1443114762,10690,67243,8529
8,1443114961,1139,67243,8529
9,1443115044,2970,67243,8529
10,1443115210,34,67243,8529
0,1443198906,7753,67244,8529
1,1443199403,1050,67244,8529
3,1443199561,12008,67244,8529
4,1443199781,3391,67244,8529
3,1443287014,6003,67245,8529
4,1443287070,13,67245,8529
10,1443288521,8052,67245,8529
0,1440791728,3246,67314,8539
1,1440791738,3005,67314,8539
3,1440791763,3252,67314,8539
4,1440792024,6542,67314,8539
0,1441120898,3252,67315,8539
1,1441120912,3246,67315,8539
2,1441120932,2567,67315,8539
4,1443898088,3259,67317,8539
5,1443898580,1304,67317,8539
6,1443898608,8,67317,8539
0,1441268138,2925,67459,8558
2,1441268263,3011,67459,8558
3,1441268348,2999,67459,8558
4,1441268430,19,67459,8558
5,1441268464,4135,67459,8558
10,1441268581,3013,67459,8558
13,1441268887,11209,67459,8558
0,1442210734,4135,67460,8558
1,1442210773,4129,67460,8558
2,1442210823,4128,67460,8558
0,1442292250,7717,67462,8558
1,1442292350,11891,67462,8558
2,1442292356,16160,67462,8558
0,1444116169,19,67465,8558
1,1444116182,2984,67465,8558
2,1444116188,4130,67465,8558
3,1444116195,14,67465,8558
4,1444116203,2639,67465,8558
5,1444116214,3031,67465,8558
6,1444116228,4855,67465,8558
7,1444116254,4129,67465,8558
8,1444116333,1745,67465,8558
9,1444116346,1139,67465,8558
10,1444116362,474,67465,8558
13,1444117104,12583,67465,8558
0,1440228830,14242,67509,8562
1,1440228936,22638,67509,8562
2,1440229043,170,67509,8562
6,1440230222,12868,67509,8562
1,1440441643,3472,67510,8562
3,1440441842,31082,67510,8562
4,1440441963,17767,67510,8562
0,1442336332,8619,67511,8562
2,1442336428,8606,67511,8562
4,1442336648,23242,67511,8562
5,1442336692,2265,67511,8562
6,1442336706,1304,67511,8562
9,1442336800,5058,67511,8562
1,1443432664,14185,67513,8562
3,1443432751,24675,67513,8562
5,1443432876,5084,67513,8562
6,1443432958,11370,67513,8562
8,1443433123,194,67513,8562
0,1443620723,19,67514,8562
1,1443620795,8481,67514,8562
2,1443620848,11370,67514,8562
0,1444071456,220,67515,8562
1,1444071466,8481,67515,8562
3,1444071525,5104,67515,8562
4,1444071611,11370,67515,8562
6,1444071741,8618,67515,8562
7,1444071857,3822,67515,8562
0,1440407732,4839,67549,8568
1,1440407750,4676,67549,8568
6,1440409883,11823,67549,8568
7,1440409969,7312,67549,8568
1,1441004452,5693,67551,8568
2,1441004576,3160,67551,8568
3,1441004629,8796,67551,8568
0,1441006778,3160,67552,8568
3,1441008000,933,67552,8568
4,1441008041,276,67552,8568
1,1441197159,5693,67553,8568
2,1441197207,3160,67553,8568
3,1441197236,8796,67553,8568
1,1441602586,8786,67554,8568
5,1441602763,5659,67554,8568
6,1441602920,3691,67554,8568
7,1441602989,3160,67554,8568
0,1442086574,1721,67638,8579
1,1442086575,168,67638,8579
2,1442086651,1330,67638,8579
1,1442742733,8606,67640,8579
2,1442742767,92,67640,8579
4,1442744059,1721,67640,8579
0,1442825380,1721,67641,8579
1,1442825393,12396,67641,8579
2,1442825908,5046,67641,8579
0,1441889915,24919,67653,8581
1,1441889929,1944,67653,8581
5,1441890033,12450,67653,8581
10,1441891910,3238,67653,8581
1,1444306171,7575,67654,8581
2,1444306202,5881,67654,8581
3,1444306209,10261,67654,8581
4,1444306286,3243,67654,8581
6,1444306425,31902,67654,8581
9,1444308097,9290,67654,8581
10,1444308099,1144,67654,8581
3,1444378031,4413,67655,8581
4,1444378036,1607,67655,8581
5,1444378088,10256,67655,8581
7,1444378333,11343,67655,8581
9,1444378361,6859,67655,8581
10,1444378369,7439,67655,8581
11,1444378383,6185,67655,8581
0,1444723064,7575,67657,8581
3,1444723108,13084,67657,8581
4,1444723192,5877,67657,8581
6,1444723277,11348,67657,8581
0,1440578234,2987,67662,8582
1,1440578381,5083,67662,8582
2,1440578415,107,67662,8582
0,1441024889,170,67663,8582
1,1441024920,10657,67663,8582
2,1441025005,5635,67663,8582
3,1441025090,5083,67663,8582
4,1441025157,2336,67663,8582
0,1442382109,108,67664,8582
1,1442382124,92,67664,8582
2,1442382245,3983,67664,8582
3,1442382339,4988,67664,8582
4,1442382405,10766,67664,8582
5,1442382411,6103,67664,8582
6,1442382414,5039,67664,8582
8,1442382427,1432,67664,8582
9,1442382439,26581,67664,8582
10,1442382484,1433,67664,8582
0,1441889154,3459,67785,8600
2,1441889178,21074,67785,8600
3,1441889287,8836,67785,8600
6,1441889344,3527,67785,8600
1,1441901723,21074,67786,8600
4,1441902413,22144,67786,8600
7,1441903170,8836,67786,8600
0,1445703148,33918,67790,8600
2,1445704086,31798,67790,8600
3,1445704100,10288,67790,8600
4,1445704208,5129,67790,8600
0,1440481561,1815,67816,8603
2,1440482123,13805,67816,8603
10,1440482967,32567,67816,8603
2,1440669723,3537,67819,8603
5,1440669735,132,67819,8603
6,1440669886,3588,67819,8603
11,1440670155,18570,67819,8603
4,1441169574,7943,67822,8603
5,1441169669,2448,67822,8603
6,1441169672,19810,67822,8603
0,1445241772,7896,67827,8603
4,1445242435,22282,67827,8603
5,1445242444,4695,67827,8603
5,1445250604,153,67829,8603
6,1445250607,15442,67829,8603
7,1445250616,11202,67829,8603
8,1445250630,689,67829,8603
9,1445250660,12464,67829,8603
13,1445250998,7133,67829,8603
14,1445251061,10262,67829,8603
15,1445251066,12468,67829,8603
16,1445251119,12469,67829,8603
0,1441551273,7776,67857,8607
1,1441551509,3422,67857,8607
2,1441551644,7570,67857,8607
0,1442492427,9277,67858,8607
1,1442492734,1024,67858,8607
2,1442492990,7555,67858,8607
3,1442492999,8096,67858,8607
1,1444310167,1047,67860,8607
4,1444310359,9316,67860,8607
11,1444310804,6359,67860,8607
0,1444680191,1047,67861,8607
1,1444680277,11672,67861,8607
4,1444680402,30673,67861,8607
7,1444680444,9316,67861,8607
0,1444680733,14016,67861,8607
0,1444847423,9315,67862,8607
4,1444847567,15439,67862,8607
5,1444847640,740,67862,8607
7,1444847914,5349,67862,8607
8,1444847929,6349,67862,8607
9,1444848037,6359,67862,8607
10,1444848095,8096,67862,8607
0,1440434540,10489,67874,8609
2,1440434701,51750,67874,8609
3,1440434756,56754,67874,8609
4,1440435099,56053,67874,8609
1,1440481508,56754,67875,8609
2,1440481509,56053,67875,8609
3,1440481509,10489,67875,8609
5,1440481512,51750,67875,8609
0,1440570213,56754,67876,8609
1,1440570218,10489,67876,8609
2,1440570219,56053,67876,8609
3,1440570221,51750,67876,8609
0,1440601695,56754,67877,8609
1,1440601698,10489,67877,8609
2,1440601698,56053,67877,8609
3,1440601699,51750,67877,8609
0,1440657466,56754,67878,8609
1,1440657469,10489,67878,8609
2,1440657471,56053,67878,8609
4,1440657472,51750,67878,8609
0,1440743615,56754,67879,8609
1,1440743633,10489,67879,8609
2,1440743635,51750,67879,8609
3,1440743635,56053,67879,8609
0,1440823994,56754,67880,8609
1,1440823998,10489,67880,8609
2,1440824000,56053,67880,8609
3,1440824001,51750,67880,8609
0,1440908604,56754,67881,8609
1,1440908606,10489,67881,8609
2,1440908607,56053,67881,8609
3,1440908608,51750,67881,8609
0,1441004413,56754,67882,8609
1,1441004418,10489,67882,8609
2,1441004419,56053,67882,8609
4,1441004420,51750,67882,8609
0,1441030101,56754,67883,8609
1,1441030104,10489,67883,8609
2,1441030106,56053,67883,8609
4,1441030108,51750,67883,8609
0,1441089716,56754,67884,8609
1,1441089717,10489,67884,8609
2,1441089724,56053,67884,8609
4,1441089731,51750,67884,8609
0,1441177271,56754,67885,8609
1,1441177274,10489,67885,8609
2,1441177275,56053,67885,8609
3,1441177277,51750,67885,8609
0,1441263254,56754,67886,8609
1,1441263255,10489,67886,8609
2,1441263255,56053,67886,8609
4,1441263261,51750,67886,8609
0,1441347576,56754,67887,8609
1,1441347578,10489,67887,8609
2,1441347580,51750,67887,8609
3,1441347580,56053,67887,8609
0,1441428140,56754,67888,8609
1,1441428143,10489,67888,8609
2,1441428146,51750,67888,8609
3,1441428146,56053,67888,8609
0,1441519985,56754,67889,8609
1,1441519987,10489,67889,8609
2,1441519990,51750,67889,8609
3,1441519990,56053,67889,8609
0,1441605081,56754,67890,8609
1,1441605081,10489,67890,8609
2,1441605081,56053,67890,8609
3,1441605090,51750,67890,8609
0,1441694286,56754,67892,8609
1,1441694290,10489,67892,8609
2,1441694291,56053,67892,8609
3,1441694292,51750,67892,8609
0,1441776725,56754,67893,8609
1,1441776727,10489,67893,8609
2,1441776730,56053,67893,8609
3,1441776738,51750,67893,8609
0,1441782312,10489,67894,8609
1,1441782312,56754,67894,8609
2,1441782313,56053,67894,8609
3,1441782321,51750,67894,8609
0,1441867470,56754,67895,8609
1,1441867474,10489,67895,8609
2,1441867475,56053,67895,8609
3,1441867476,51750,67895,8609
0,1441952667,56754,67897,8609
1,1441952672,51750,67897,8609
2,1441952672,10489,67897,8609
3,1441952673,56053,67897,8609
0,1441822882,22176,68124,8639
1,1441822895,1074,68124,8639
2,1441822967,2956,68124,8639
0,1443857202,4259,68129,8639
1,1443857353,11654,68129,8639
3,1443858149,8491,68129,8639
6,1443858291,20877,68129,8639
7,1444936459,3162,68132,8639
10,1444936739,999,68132,8639
11,1444936764,20877,68132,8639
1,1445157590,7340,68133,8639
3,1445157634,2971,68133,8639
4,1445157672,11343,68133,8639
0,1445462788,1320,68135,8639
1,1445462824,15258,68135,8639
2,1445462850,33770,68135,8639
3,1445463344,165,68135,8639
1,1445536323,15258,68136,8639
2,1445536501,15225,68136,8639
3,1445536516,14213,68136,8639
4,1445536529,15247,68136,8639
0,1440613084,5312,68275,8658
1,1440613113,6907,68275,8658
2,1440613285,6911,68275,8658
3,1440613441,6908,68275,8658
4,1440613630,6906,68275,8658
5,1440613749,6914,68275,8658
6,1440613852,6910,68275,8658
7,1440613933,3008,68275,8658
8,1440614221,6912,68275,8658
9,1440614367,6909,68275,8658
10,1440614391,6669,68275,8658
11,1440614544,6915,68275,8658
12,1440614605,6913,68275,8658
0,1445943174,6916,68276,8658
1,1445943339,6918,68276,8658
2,1445943403,6919,68276,8658
3,1445944152,6917,68276,8658
0,1445947181,6920,68277,8658
1,1445947676,6916,68277,8658
2,1445947837,6921,68277,8658
3,1444681838,5566,68289,8659
6,1444682251,37019,68289,8659
7,1444682281,31447,68289,8659
8,1444682338,11739,68289,8659
0,1444720698,5566,68290,8659
3,1444720956,16959,68290,8659
5,1444721053,11739,68290,8659
4,1445247940,20236,68292,8659
7,1445248305,11739,68292,8659
8,1445248351,5566,68292,8659
12,1445248573,16959,68292,8659
0,1443580029,13847,68307,8662
1,1443580150,3700,68307,8662
2,1443580210,2970,68307,8662
3,1443580238,5,68307,8662
0,1443623650,1140,68308,8662
1,1443623682,3402,68308,8662
2,1443623695,1668,68308,8662
3,1443623711,3956,68308,8662
4,1443623718,3146,68308,8662
5,1443623737,3026,68308,8662
7,1443623743,1646,68308,8662
8,1443623758,13557,68308,8662
13,1443623820,21438,68308,8662
14,1443623871,1009,68308,8662
15,1443623898,1005,68308,8662
17,1443624087,11343,68308,8662
18,1443624249,10038,68308,8662
1,1443686092,1045,68309,8662
2,1443686131,13557,68309,8662
3,1443686184,605,68309,8662
4,1443686212,1999,68309,8662
10,1443699631,10038,68310,8662
11,1443699880,3700,68310,8662
13,1443700076,2530,68310,8662
0,1444029651,22964,68312,8662
3,1444029809,10023,68312,8662
4,1444030192,1999,68312,8662
0,1440526684,5312,68348,8666
1,1440526753,6906,68348,8666
2,1440526921,6912,68348,8666
3,1440527005,6913,68348,8666
4,1440527013,6907,68348,8666
5,1440527244,6915,68348,8666
6,1440527391,6669,68348,8666
7,1440527452,6910,68348,8666
8,1440527485,6911,68348,8666
9,1440527833,3008,68348,8666
10,1440527941,6908,68348,8666
11,1440527981,6909,68348,8666
12,1440528249,6914,68348,8666
0,1445857003,6919,68349,8666
1,1445857147,6916,68349,8666
2,1445857152,6917,68349,8666
3,1445858139,6918,68349,8666
0,1445860431,6922,68350,8666
1,1445860676,6916,68350,8666
2,1445860781,6920,68350,8666
3,1445861737,6921,68350,8666
0,1440611430,17884,68353,8667
1,1440611610,170,68353,8667
2,1440611733,90,68353,8667
0,1441619538,10657,68354,8667
1,1441619705,100,68354,8667
2,1441619765,13718,68354,8667
3,1441619843,90,68354,8667
0,1443116760,1304,68355,8667
1,1443116821,3986,68355,8667
2,1443116870,5083,68355,8667
3,1443116949,9,68355,8667
4,1443117113,2265,68355,8667
0,1444192836,9,68356,8667
1,1444193495,7324,68356,8667
2,1444193633,220,68356,8667
3,1444193714,5068,68356,8667
4,1444193825,92,68356,8667
0,1444765740,9,68358,8667
1,1444765754,220,68358,8667
2,1444765830,8481,68358,8667
3,1444765856,1321,68358,8667
4,1444766016,3954,68358,8667
5,1444766128,7279,68358,8667
6,1444766178,12963,68358,8667
7,1444766325,3058,68358,8667
8,1444766359,28,68358,8667
0,1444855044,220,68359,8667
1,1444855055,8481,68359,8667
2,1444855083,3834,68359,8667
3,1444855115,3954,68359,8667
0,1444934235,9,68360,8667
1,1444934320,12963,68360,8667
2,1444934362,17839,68360,8667
0,1445145766,6085,68361,8667
1,1445145921,1513,68361,8667
2,1445145974,3980,68361,8667
3,1445146086,3059,68361,8667
4,1445146141,9,68361,8667
5,1445146255,2265,68361,8667
0,1445609104,5100,68362,8667
1,1445609240,1513,68362,8667
2,1445609334,6573,68362,8667
3,1445609523,6085,68362,8667
5,1445609625,4133,68362,8667
0,1443001026,14803,68377,8670
1,1443001029,80,68377,8670
3,1443001083,4191,68377,8670
0,1445272607,7177,68379,8670
1,1445272790,3467,68379,8670
4,1445272859,8857,68379,8670
6,1445272895,7670,68379,8670
10,1445272985,7689,68379,8670
12,1445273024,7659,68379,8670
15,1445273096,7121,68379,8670
18,1445273161,7903,68379,8670
19,1445273184,10262,68379,8670
0,1445355251,2349,68380,8670
1,1445355272,3467,68380,8670
2,1445355278,25948,68380,8670
3,1445355304,7130,68380,8670
4,1445355327,19627,68380,8670
0,1445870524,7691,68381,8670
1,1445870533,25948,68381,8670
2,1445870541,12464,68381,8670
2,1443708281,1304,68441,8678
3,1443708300,2336,68441,8678
4,1443708590,21155,68441,8678
5,1443708595,48,68441,8678
9,1443708751,17839,68441,8678
11,1443708767,2265,68441,8678
0,1443980857,185,68442,8678
1,1443980866,92,68442,8678
2,1443980877,11,68442,8678
3,1443980927,3028,68442,8678
4,1443980934,474,68442,8678
0,1444473070,48,68443,8678
1,1444473084,185,68443,8678
2,1444473141,4135,68443,8678
3,1444473146,11,68443,8678
4,1444473151,24,68443,8678
5,1444473181,1513,68443,8678
6,1444473829,1683,68443,8678
7,1444473895,3834,68443,8678
1,1443374854,4793,68447,8679
2,1443374923,5862,68447,8679
7,1443375176,5882,68447,8679
9,1443375276,5539,68447,8679
11,1443375316,992,68447,8679
12,1443375398,9590,68447,8679
13,1443375445,3227,68447,8679
3,1443622322,5859,68448,8679
4,1443622438,3243,68448,8679
7,1443622457,13061,68448,8679
0,1444123556,7575,68449,8679
1,1444123677,5859,68449,8679
2,1444123846,5526,68449,8679
0,1445204149,5875,68450,8679
1,1445204208,5877,68450,8679
2,1445204264,3227,68450,8679
3,1445204264,5859,68450,8679
5,1445204343,4794,68450,8679
8,1445204416,8419,68450,8679
10,1445204519,7575,68450,8679
0,1445920082,5877,68451,8679
1,1445920112,5882,68451,8679
3,1445920287,4807,68451,8679
6,1445920320,28426,68451,8679
8,1445921235,8419,68451,8679
0,1446115687,2691,68452,8679
2,1446116552,28426,68452,8679
4,1446117453,5882,68452,8679
0,1443540111,4068,68577,8693
1,1443540352,4067,68577,8693
2,1443541196,4069,68577,8693
3,1443541434,4070,68577,8693
0,1444672872,4071,68578,8693
1,1444673086,4073,68578,8693
2,1444673340,4080,68578,8693
3,1444673358,4075,68578,8693
4,1444673517,4076,68578,8693
5,1444673708,4077,68578,8693
6,1444673719,4081,68578,8693
7,1444673923,4072,68578,8693
8,1444674324,4082,68578,8693
9,1444674491,4079,68578,8693
0,1444821732,4086,68579,8693
1,1444821899,4084,68579,8693
2,1444821914,6508,68579,8693
3,1444822064,4087,68579,8693
4,1444822108,4083,68579,8693
5,1444822180,4095,68579,8693
6,1444822215,4093,68579,8693
8,1444822276,4094,68579,8693
10,1444822406,4088,68579,8693
13,1444822623,4090,68579,8693
14,1444822754,4091,68579,8693
15,1444822912,4085,68579,8693
17,1444823249,4097,68579,8693
18,1444823384,4089,68579,8693
19,1444823443,4096,68579,8693
0,1445193351,4100,68580,8693
1,1445193670,3646,68580,8693
2,1445193704,4099,68580,8693
3,1445194568,4098,68580,8693
1,1445438457,4101,68581,8693
2,1445438528,4102,68581,8693
3,1445438978,300,68581,8693
0,1443425054,1304,68610,8698
1,1443425081,3983,68610,8698
4,1443425109,2929,68610,8698
5,1443425116,14,68610,8698
0,1443605080,5712,68611,8698
2,1443605138,3026,68611,8698
3,1443605150,8,68611,8698
4,1443605181,2405,68611,8698
5,1443605203,1304,68611,8698
9,1443605277,3146,68611,8698
10,1443605300,3030,68611,8698
11,1443605309,4130,68611,8698
12,1443605312,9,68611,8698
13,1443605325,1745,68611,8698
0,1443760722,19,68612,8698
1,1443760729,1304,68612,8698
4,1443760738,3146,68612,8698
5,1443760742,8,68612,8698
6,1443760745,3026,68612,8698
0,1445000332,665,68634,8700
1,1445001317,14,68634,8700
2,1445001610,5799,68634,8700
3,1445001739,6169,68634,8700
0,1445085894,14,68636,8700
2,1445085910,245,68636,8700
3,1445085911,34,68636,8700
5,1445085995,25039,68636,8700
6,1445086000,3031,68636,8700
9,1445086015,5391,68636,8700
10,1445086058,4139,68636,8700
11,1445086061,3028,68636,8700
12,1445086063,2925,68636,8700
15,1445086126,8203,68636,8700
17,1445086129,1745,68636,8700
18,1445086145,19,68636,8700
19,1445086150,3260,68636,8700
0,1445086156,2008,68636,8700
1,1445086172,185,68636,8700
2,1445086252,2097,68636,8700
3,1445086266,115,68636,8700
4,1445086268,9221,68636,8700
5,1445086269,12190,68636,8700
6,1445086326,27,68636,8700
7,1445086328,2984,68636,8700
8,1445086329,1360,68636,8700
9,1445086331,4135,68636,8700
10,1445086334,2929,68636,8700
12,1445086340,3962,68636,8700
0,1445946620,34,68638,8700
1,1445946649,14,68638,8700
5,1445946989,4144,68638,8700
6,1445947272,2276,68638,8700
0,1440080715,7462,68708,8710
3,1440080822,26581,68708,8710
4,1440080861,4988,68708,8710
2,1441002031,100,68711,8710
4,1441002115,9804,68711,8710
6,1441002455,23191,68711,8710
9,1441002645,17004,68711,8710
1,1441432300,4177,68712,8710
2,1441432520,777,68712,8710
5,1441432950,3038,68712,8710
7,1441433041,23192,68712,8710
9,1441433136,9809,68712,8710
2,1441451112,4177,68714,8710
4,1441452640,23192,68714,8710
5,1441452765,100,68714,8710
0,1441600869,23192,68716,8710
1,1441600882,9809,68716,8710
2,1441601027,4177,68716,8710
3,1441601046,100,68716,8710
1,1442249354,9809,68718,8710
3,1442249404,23192,68718,8710
5,1442249900,100,68718,8710
9,1442250367,4177,68718,8710
1,1442779380,9809,68719,8710
2,1442779409,100,68719,8710
3,1442779437,10168,68719,8710
7,1442779713,9804,68719,8710
13,1440928423,1767,68799,8722
14,1440928452,4075,68799,8722
16,1440929523,8971,68799,8722
1,1442298043,1079,68804,8722
3,1442298091,8998,68804,8722
4,1442298151,1778,68804,8722
1,1442475276,9091,68806,8722
2,1442475281,5602,68806,8722
5,1442475302,546,68806,8722
0,1443618142,3493,68813,8722
1,1443618144,1302,68813,8722
2,1443618147,10361,68813,8722
0,1443859649,11043,68814,8722
1,1443859660,5550,68814,8722
2,1443859685,4269,68814,8722
4,1443859826,14081,68814,8722
6,1443860365,15070,68814,8722
7,1443860455,4262,68814,8722
1,1445031327,9380,68819,8722
2,1445031334,5816,68819,8722
5,1445031351,35333,68819,8722
1,1445980479,8519,68824,8722
3,1445980545,22078,68824,8722
4,1445980591,696,68824,8722
2,1440042175,17767,68899,8732
4,1440042250,168,68899,8732
7,1440042371,4947,68899,8732
9,1440042618,14989,68899,8732
10,1440042663,12589,68899,8732
1,1440387575,4962,68900,8732
2,1440387660,1723,68900,8732
16,1440388830,1729,68900,8732
0,1442287544,12217,68903,8732
3,1442287742,6099,68903,8732
4,1442287766,5068,68903,8732
5,1442287786,1433,68903,8732
7,1442287935,92,68903,8732
12,1442288206,15117,68903,8732
13,1442288232,1432,68903,8732
14,1442288309,14994,68903,8732
0,1442806494,12213,68905,8732
1,1442806525,8618,68905,8732
2,1442806631,5084,68905,8732
5,1442806832,18932,68905,8732
0,1443067244,18927,68906,8732
1,1443067259,14995,68906,8732
2,1443067297,5102,68906,8732
3,1443067603,18935,68906,8732
0,1443152292,8607,68907,8732
1,1443152513,18929,68907,8732
3,1443152632,5606,68907,8732
0,1441729351,5046,68983,8742
3,1441729385,4957,68983,8742
9,1441730028,4988,68983,8742
10,1441730062,5925,68983,8742
2,1441730377,19,68983,8742
1,1443189066,5606,68985,8742
3,1443189074,7619,68985,8742
4,1443189077,2416,68985,8742
5,1443189091,1725,68985,8742
9,1443189806,12217,68985,8742
1,1443424188,17425,68986,8742
2,1443424236,2458,68986,8742
3,1443424248,15718,68986,8742
4,1443424259,12837,68986,8742
5,1443424302,16160,68986,8742
6,1443424311,4199,68986,8742
0,1441136319,8090,68996,8743
7,1441137540,8096,68996,8743
8,1441138056,5348,68996,8743
13,1441138817,5341,68996,8743
0,1441193682,10791,68998,8743
3,1441195515,4031,68998,8743
5,1441195606,5347,68998,8743
1,1442520187,5347,69010,8743
5,1442520419,4189,69010,8743
8,1442521362,18381,69010,8743
9,1442521376,5351,69010,8743
12,1442521627,18382,69010,8743
0,1442748029,1646,69041,8745
1,1442748059,1140,69041,8745
4,1442748996,5269,69041,8745
0,1443330399,1646,69043,8745
1,1443330438,2926,69043,8745
2,1443330528,1723,69043,8745
1,1444061486,3709,69044,8745
2,1444061593,7312,69044,8745
3,1444061637,5687,69044,8745
0,1443006085,10806,69049,8746
1,1443006126,8680,69049,8746
5,1443006223,7574,69049,8746
7,1443006519,18643,69049,8746
8,1443006524,11327,69049,8746
1,1444125474,6873,69050,8746
2,1444125977,996,69050,8746
4,1444126330,11327,69050,8746
5,1444126332,18643,69050,8746
7,1444127058,2348,69050,8746
8,1444127061,7574,69050,8746
9,1444127123,7893,69050,8746
2,1444139080,18643,69051,8746
4,1444139112,11327,69051,8746
5,1444139123,7893,69051,8746
1,1445007362,2348,69053,8746
3,1445007566,18643,69053,8746
4,1445007568,11327,69053,8746
5,1445007772,7893,69053,8746
7,1445007905,17648,69053,8746
8,1445008056,10860,69053,8746
9,1445008243,19627,69053,8746
10,1445008245,11360,69053,8746
11,1445008247,6874,69053,8746
13,1445008277,313,69053,8746
14,1445008316,10829,69053,8746
16,1445008409,7281,69053,8746
17,1445008469,4416,69053,8746
18,1445008505,4413,69053,8746
19,1445008525,11343,69053,8746
0,1445008592,7574,69053,8746
1,1445008606,273,69053,8746
3,1445008665,31509,69053,8746
4,1445008668,271,69053,8746
5,1445008703,1172,69053,8746
6,1445008742,10777,69053,8746
0,1445028440,7281,69054,8746
1,1445028454,10829,69054,8746
2,1445028455,17648,69054,8746
4,1445028599,7893,69054,8746
0,1445263260,18643,69056,8746
1,1445263423,11327,69056,8746
2,1445263471,17648,69056,8746
3,1445263611,10829,69056,8746
4,1445263681,7281,69056,8746
5,1445263845,16648,69056,8746
8,1445264250,6843,69056,8746
9,1445264275,24919,69056,8746
13,1445264352,6864,69056,8746
15,1445264379,3638,69056,8746
17,1445265956,6838,69056,8746
18,1445265962,5877,69056,8746
0,1440613285,6911,69060,8747
1,1440613330,6906,69060,8747
2,1440613384,5312,69060,8747
3,1440613405,6913,69060,8747
4,1440613449,6914,69060,8747
5,1440613767,6909,69060,8747
6,1440613933,3008,69060,8747
7,1440614221,6912,69060,8747
8,1440614313,6907,69060,8747
9,1440614341,6908,69060,8747
10,1440614391,6669,69060,8747
11,1440614445,6910,69060,8747
12,1440614544,6915,69060,8747
0,1445943174,6916,69061,8747
1,1445943403,6919,69061,8747
2,1445943646,6917,69061,8747
3,1445944539,6918,69061,8747
0,1445946831,6922,69062,8747
1,1445946881,6920,69062,8747
2,1445946937,6921,69062,8747
3,1445947076,6916,69062,8747
0,1443367496,4069,69137,8758
1,1443367734,4070,69137,8758
2,1443368511,4068,69137,8758
0,1444500372,4071,69138,8758
1,1444500476,4078,69138,8758
2,1444500619,4081,69138,8758
3,1444500908,4077,69138,8758
4,1444500951,4074,69138,8758
5,1444501033,1212,69138,8758
6,1444501158,4075,69138,8758
7,1444501224,4082,69138,8758
8,1444501317,4076,69138,8758
9,1444501423,4072,69138,8758
10,1444501486,4073,69138,8758
11,1444501740,4080,69138,8758
0,1444648932,4086,69139,8758
1,1444649008,4083,69139,8758
2,1444649080,4095,69139,8758
3,1444649099,4084,69139,8758
7,1444649654,4091,69139,8758
8,1444649714,6508,69139,8758
10,1444649726,4092,69139,8758
12,1444649823,4090,69139,8758
13,1444649864,4087,69139,8758
14,1444650015,4093,69139,8758
15,1444650206,4088,69139,8758
16,1444650284,4089,69139,8758
17,1444650343,4096,69139,8758
18,1444650376,4094,69139,8758
19,1444650412,4085,69139,8758
0,1444650449,4097,69139,8758
1,1444651104,8061,69139,8758
0,1445020868,4098,69140,8758
1,1445020870,3646,69140,8758
2,1445021451,4100,69140,8758
3,1445021504,4099,69140,8758
0,1441699375,97,69162,8761
5,1441699480,3013,69162,8761
6,1441699546,182,69162,8761
7,1441699553,13718,69162,8761
8,1441699558,40,69162,8761
9,1441699569,3980,69162,8761
10,1441699588,5653,69162,8761
11,1441699594,2999,69162,8761
12,1441699617,1308,69162,8761
16,1441699669,11236,69162,8761
17,1441699674,3003,69162,8761
18,1441699680,2991,69162,8761
19,1441699687,1498,69162,8761
0,1441699690,1139,69162,8761
2,1441699798,3011,69162,8761
0,1441701983,3000,69163,8761
1,1441702008,2850,69163,8761
2,1441702017,14962,69163,8761
3,1441702022,4130,69163,8761
4,1441702043,13247,69163,8761
5,1441702477,9894,69163,8761
6,1441702481,6641,69163,8761
7,1441702484,5984,69163,8761
2,1441705888,2925,69164,8761
4,1441705928,5678,69164,8761
6,1441705980,4135,69164,8761
7,1441705985,3982,69164,8761
8,1441705993,245,69164,8761
9,1441705997,7087,69164,8761
11,1441706012,19,69164,8761
12,1441706016,523,69164,8761
13,1441706021,6674,69164,8761
14,1441706055,2097,69164,8761
15,1441706061,7872,69164,8761
17,1441706105,2639,69164,8761
18,1441706109,1494,69164,8761
19,1441706112,2984,69164,8761
0,1444714600,11122,69188,8764
2,1444714825,18559,69188,8764
4,1444714991,3059,69188,8764
0,1444885585,3059,69189,8764
1,1444886593,2537,69189,8764
2,1444886602,1320,69189,8764
0,1444901729,2276,69190,8764
3,1444901882,1320,69190,8764
4,1444901938,19677,69190,8764
6,1444902064,5945,69190,8764
1,1444906752,16399,69191,8764
2,1444906786,17454,69191,8764
3,1444906851,3224,69191,8764
4,1444906875,10681,69191,8764
6,1444906947,17453,69191,8764
7,1444906970,14221,69191,8764
9,1444907037,4133,69191,8764
11,1444907164,17209,69191,8764
12,1444907205,4472,69191,8764
14,1444907325,8614,69191,8764
19,1444907596,31,69191,8764
2,1444907814,11509,69191,8764
3,1444908049,8745,69191,8764
4,1444908139,3719,69191,8764
1,1440575717,1498,69207,8767
4,1440576021,3687,69207,8767
5,1440576032,3016,69207,8767
6,1440576121,20390,69207,8767
7,1440576130,3688,69207,8767
8,1440576137,3968,69207,8767
10,1440576167,3969,69207,8767
16,1440577948,5963,69207,8767
0,1440999602,14942,69208,8767
2,1440999769,6674,69208,8767
3,1441000129,4839,69208,8767
0,1443414861,20961,69212,8767
1,1443414928,3031,69212,8767
2,1443414937,3956,69212,8767
0,1444113411,3956,69213,8767
2,1444113525,12663,69213,8767
3,1444113536,10214,69213,8767
4,1444113543,8,69213,8767
5,1444113667,4841,69213,8767
6,1444113713,7537,69213,8767
8,1444113747,20961,69213,8767
10,1444113774,1490,69213,8767
11,1444113997,26306,69213,8767
14,1444114305,3146,69213,8767
15,1444114316,2930,69213,8767
16,1444114322,3160,69213,8767
18,1444114340,3178,69213,8767
19,1444114352,933,69213,8767
1,1444114366,7314,69213,8767
4,1444114659,3703,69213,8767
5,1444114673,5688,69213,8767
6,1444114680,2928,69213,8767
8,1444114696,7312,69213,8767
9,1444114707,63,69213,8767
10,1444114813,3709,69213,8767
0,1444631881,5404,69214,8767
1,1444631883,9242,69214,8767
2,1444631919,3717,69214,8767
1,1445502094,34,69218,8767
4,1445502372,20961,69218,8767
5,1445502399,4610,69218,8767
6,1445502722,9242,69218,8767
1,1446026425,3702,69221,8767
2,1446026432,243,69221,8767
3,1446026437,1321,69221,8767
4,1446026446,2561,69221,8767
5,1446026448,2944,69221,8767
6,1446026454,2955,69221,8767
7,1446026457,20327,69221,8767
8,1446026464,19452,69221,8767
9,1446026469,25578,69221,8767
10,1446026477,14387,69221,8767
11,1446026485,3953,69221,8767
13,1446026507,3954,69221,8767
0,1446042038,6271,69222,8767
1,1446042068,4460,69222,8767
2,1446042136,5756,69222,8767
4,1446042185,10,69222,8767
5,1446042290,7,69222,8767
0,1446449755,2931,69223,8767
2,1446449787,5750,69223,8767
3,1446449830,272,69223,8767
4,1446449968,3706,69223,8767
5,1446449980,5379,69223,8767
6,1446449983,23019,69223,8767
7,1446449989,16281,69223,8767
9,1446450025,12844,69223,8767
10,1446450034,7337,69223,8767
11,1446450039,4479,69223,8767
12,1446450051,2951,69223,8767
4,1446536558,1318,69225,8767
5,1446536567,665,69225,8767
6,1446536571,3081,69225,8767
8,1446536584,20940,69225,8767
10,1446536607,1319,69225,8767
11,1446536614,6506,69225,8767
12,1446536825,19721,69225,8767
14,1446536940,2940,69225,8767
15,1446536979,4135,69225,8767
16,1446537001,4699,69225,8767
17,1446537182,307,69225,8767
18,1446537188,3010,69225,8767
19,1446537222,13900,69225,8767
1,1446544352,4358,69226,8767
3,1446544407,5738,69226,8767
5,1446544468,4859,69226,8767
6,1446544547,12841,69226,8767
7,1446544554,5308,69226,8767
9,1446544571,2553,69226,8767
10,1446544767,2956,69226,8767
0,1440652465,8098,69354,8786
3,1440652893,2239,69354,8786
6,1440653095,10570,69354,8786
7,1440653124,6782,69354,8786
6,1444147190,1761,69355,8786
12,1444147280,7104,69355,8786
16,1444148479,7653,69355,8786
1,1445001814,152,69356,8786
2,1445001819,153,69356,8786
4,1445001875,2199,69356,8786
5,1445002257,9019,69356,8786
0,1441611559,5668,69365,8787
2,1441611673,1307,69365,8787
6,1441612371,11889,69365,8787
0,1442332710,255,69367,8787
1,1442332815,3213,69367,8787
2,1442332904,939,69367,8787
3,1442333250,23033,69367,8787
0,1442581193,28302,69368,8787
2,1442581344,11,69368,8787
3,1442581404,4845,69368,8787
4,1442581410,251,69368,8787
0,1442912008,4451,69371,8787
1,1442912025,1212,69371,8787
2,1442912034,3146,69371,8787
3,1442912418,4130,69371,8787
0,1443520625,1687,69372,8787
1,1443522049,2925,69372,8787
2,1443522063,528,69372,8787
3,1443522066,12190,69372,8787
0,1442762820,1304,69510,8805
1,1442762866,1373,69510,8805
2,1442762920,4676,69510,8805
3,1442762937,2639,69510,8805
0,1443112746,1304,69511,8805
1,1443112754,4676,69511,8805
3,1443112772,3010,69511,8805
0,1443170132,1304,69512,8805
1,1443170150,2639,69512,8805
2,1443170158,3010,69512,8805
4,1443170305,2537,69512,8805
5,1443170416,3260,69512,8805
6,1443170677,2925,69512,8805
0,1443190597,14962,69513,8805
1,1443190733,2537,69513,8805
2,1443190917,941,69513,8805
3,1443190996,7324,69513,8805
5,1443191283,3260,69513,8805
0,1442383399,1202,69524,8807
2,1442383435,13960,69524,8807
6,1442383667,23869,69524,8807
0,1443076794,1304,69525,8807
2,1443077500,7073,69525,8807
3,1443077661,4732,69525,8807
4,1443077685,50,69525,8807
9,1443078214,6881,69525,8807
1,1443092825,15780,69526,8807
2,1443092828,17839,69526,8807
4,1443093120,3635,69526,8807
2,1444031586,3047,69528,8807
4,1444031591,6897,69528,8807
5,1444031698,15780,69528,8807
10,1444032134,9475,69528,8807
12,1444032196,470,69528,8807
1,1440393668,11559,69568,8813
5,1440393685,5851,69568,8813
8,1440393697,10744,69568,8813
10,1440393705,2692,69568,8813
13,1440393719,6912,69568,8813
15,1440393724,21564,69568,8813
0,1442134612,5511,69574,8813
1,1442134620,32486,69574,8813
2,1442134658,2670,69574,8813
3,1442134672,13129,69574,8813
10,1442134805,3242,69574,8813
11,1442134842,3247,69574,8813
13,1442134909,13117,69574,8813
14,1442134917,2692,69574,8813
0,1442291623,32486,69575,8813
2,1442291675,2670,69575,8813
4,1442291686,13129,69575,8813
1,1442382836,3247,69577,8813
3,1442382843,32486,69577,8813
5,1442382852,2670,69577,8813
8,1442382865,13129,69577,8813
9,1442382869,13117,69577,8813
11,1442382877,2692,69577,8813
0,1441358207,11568,69796,8841
2,1441358393,15506,69796,8841
3,1441358598,5547,69796,8841
0,1442900016,3247,69798,8841
1,1442900023,5547,69798,8841
2,1442900243,1373,69798,8841
3,1442900282,13117,69798,8841
0,1443004671,50,69799,8841
1,1443004690,9020,69799,8841
2,1443004770,2692,69799,8841
3,1443004847,5549,69799,8841
5,1443004953,5855,69799,8841
0,1443532577,5551,69800,8841
1,1443532661,5671,69800,8841
2,1443532726,5547,69800,8841
3,1443532843,8,69800,8841
4,1443532864,1635,69800,8841
0,1444042084,9020,69801,8841
1,1444042108,5551,69801,8841
2,1444042145,2665,69801,8841
0,1440090445,38,69832,8845
1,1440090642,172,69832,8845
2,1440090683,3013,69832,8845
0,1440268038,172,69834,8845
1,1440268070,11235,69834,8845
2,1440268102,38,69834,8845
3,1440268125,3963,69834,8845
4,1440268175,528,69834,8845
0,1440595260,1632,69835,8845
1,1440595272,13247,69835,8845
2,1440595288,528,69835,8845
3,1440595310,3022,69835,8845
4,1440595362,10657,69835,8845
0,1441593081,3021,69837,8845
1,1441593167,2965,69837,8845
2,1441593227,3003,69837,8845
0,1443203218,11,69838,8845
1,1443203373,92,69838,8845
2,1443203452,63,69838,8845
3,1443203552,3028,69838,8845
4,1443203635,50,69838,8845
5,1443203681,24,69838,8845
1,1442250412,5058,69855,8848
2,1442250491,18018,69855,8848
3,1442250533,14404,69855,8848
0,1442454628,108,69856,8848
1,1442454631,220,69856,8848
2,1442454668,92,69856,8848
0,1442506276,220,69857,8848
1,1442506278,9,69857,8848
2,1442506309,92,69857,8848
0,1442979312,9,69858,8848
1,1442979315,220,69858,8848
2,1442979318,5083,69858,8848
0,1443582682,36292,69859,8848
1,1443582709,11327,69859,8848
2,1443582782,1917,69859,8848
0,1442917715,3481,69904,8854
1,1442917733,2778,69904,8854
2,1442917748,2770,69904,8854
0,1442919599,122,69905,8854
1,1442919602,132,69905,8854
2,1442919698,115,69905,8854
0,1443081647,132,69906,8854
1,1443081692,115,69906,8854
2,1443081714,2770,69906,8854
3,1443083348,3459,69906,8854
4,1443083356,8091,69906,8854
5,1443083436,2787,69906,8854
6,1443083440,3481,69906,8854
0,1441948561,9219,69910,8855
1,1441949668,3026,69910,8855
4,1441949998,8840,69910,8855
5,1441950215,4410,69910,8855
7,1441950439,4405,69910,8855
0,1444207389,662,69911,8855
2,1444207498,3988,69911,8855
3,1444207655,6313,69911,8855
4,1444207658,8977,69911,8855
7,1444207677,23248,69911,8855
0,1444209739,8986,69912,8855
1,1444209889,8977,69912,8855
10,1444210580,3609,69912,8855
0,1441087194,2988,69929,8858
1,1441087220,3012,69929,8858
4,1441087406,2992,69929,8858
7,1441087447,2579,69929,8858
11,1441087707,2984,69929,8858
12,1441087734,18203,69929,8858
13,1441087746,3013,69929,8858
14,1441087767,5653,69929,8858
15,1441087810,40,69929,8858
0,1442050093,5653,69930,8858
1,1442050102,3030,69930,8858
2,1442050120,43,69930,8858
3,1442050132,172,69930,8858
4,1442050142,3029,69930,8858
5,1442050177,3013,69930,8858
6,1442050202,2991,69930,8858
7,1442050229,3011,69930,8858
9,1442050309,3003,69930,8858
13,1442050369,101,69930,8858
14,1442050385,12558,69930,8858
15,1442050427,3033,69930,8858
0,1444124518,4732,69931,8858
1,1444124558,1513,69931,8858
2,1444124589,474,69931,8858
3,1444124637,3028,69931,8858
4,1444124663,8,69931,8858
0,1440526885,6911,69971,8865
1,1440526921,6912,69971,8865
2,1440526933,3008,69971,8865
3,1440527005,6913,69971,8865
4,1440527013,6907,69971,8865
5,1440527049,6914,69971,8865
6,1440527067,6909,69971,8865
7,1440527091,6669,69971,8865
8,1440527544,6915,69971,8865
9,1440527641,6908,69971,8865
10,1440527830,6906,69971,8865
11,1440527884,5312,69971,8865
12,1440528052,6910,69971,8865
0,1445856774,6916,69972,8865
1,1445856994,6917,69972,8865
2,1445857239,6918,69972,8865
3,1445857603,6919,69972,8865
0,1445860676,6916,69973,8865
1,1445860731,6922,69973,8865
2,1445860837,6921,69973,8865
3,1445861681,6920,69973,8865
0,1441646261,1432,70021,8873
1,1441646418,5039,70021,8873
2,1441646640,5047,70021,8873
5,1441647839,1426,70021,8873
1,1441689212,14990,70022,8873
2,1441689279,2585,70022,8873
3,1441689308,9,70022,8873
0,1441775585,1432,70023,8873
1,1441775751,1426,70023,8873
2,1441775866,4988,70023,8873
3,1441775963,3472,70023,8873
0,1443106724,15118,70024,8873
2,1443107101,18935,70024,8873
4,1443107534,5102,70024,8873
5,1443107759,18932,70024,8873
0,1440560434,41,70170,8893
1,1440560529,1139,70170,8893
2,1440560537,20234,70170,8893
2,1442547885,7073,70171,8893
3,1442547900,6075,70171,8893
4,1442547906,41,70171,8893
0,1442663987,172,70172,8893
1,1442664030,6075,70172,8893
3,1442664098,7073,70172,8893
2,1442913911,17839,70173,8893
3,1442913935,11,70173,8893
5,1442913974,3053,70173,8893
7,1442914007,19022,70173,8893
9,1442914194,2574,70173,8893
11,1442914271,246,70173,8893
13,1442914297,9489,70173,8893
15,1442914529,5304,70173,8893
16,1442914693,43,70173,8893
2,1441171013,13960,70188,8895
3,1441171040,12139,70188,8895
4,1441171068,8714,70188,8895
7,1441171132,4732,70188,8895
12,1441171259,23038,70188,8895
0,1441991450,4732,70190,8895
2,1441991556,23869,70190,8895
3,1441991564,12139,70190,8895
4,1441991596,1746,70190,8895
0,1443464718,19675,70194,8895
1,1443464792,9492,70194,8895
2,1443464815,25434,70194,8895
3,1443464840,11399,70194,8895
4,1443464922,15780,70194,8895
6,1443464984,11414,70194,8895
1,1440611572,11811,70273,8906
3,1440611678,7150,70273,8906
4,1440611744,18902,70273,8906
5,1440611828,779,70273,8906
0,1442302187,9075,70274,8906
1,1442302242,2458,70274,8906
3,1442303787,6126,70274,8906
0,1442947853,12837,70276,8906
1,1442947902,9900,70276,8906
2,1442947918,9075,70276,8906
3,1442947972,1353,70276,8906
4,1442948007,21534,70276,8906
0,1440613153,6906,70407,8922
1,1440613321,6912,70407,8922
2,1440613333,3008,70407,8922
3,1440613384,5312,70407,8922
4,1440613481,6909,70407,8922
5,1440613705,6913,70407,8922
6,1440613749,6914,70407,8922
7,1440613885,6911,70407,8922
8,1440614013,6907,70407,8922
9,1440614041,6908,70407,8922
10,1440614391,6669,70407,8922
11,1440614445,6910,70407,8922
12,1440614544,6915,70407,8922
0,1445943339,6918,70408,8922
1,1445943474,6916,70408,8922
2,1445943552,6917,70408,8922
3,1445944003,6919,70408,8922
0,1445946776,6916,70409,8922
1,1445947181,6920,70409,8922
2,1445947237,6921,70409,8922
3,1445947731,6922,70409,8922
0,1443540052,4067,70516,8941
1,1443540534,4070,70516,8941
2,1443541196,4069,70516,8941
0,1444673151,4074,70517,8941
1,1444673221,3956,70517,8941
2,1444673233,1212,70517,8941
3,1444673772,4071,70517,8941
4,1444673923,4072,70517,8941
5,1444673986,4073,70517,8941
6,1444674008,4077,70517,8941
7,1444674024,4082,70517,8941
8,1444674117,4076,70517,8941
9,1444674176,4078,70517,8941
10,1444674191,4079,70517,8941
11,1444674240,4080,70517,8941
12,1444674258,4075,70517,8941
13,1444674319,4081,70517,8941
0,1444822032,4086,70518,8941
1,1444822215,4093,70518,8941
3,1444822276,4094,70518,8941
4,1444822312,4085,70518,8941
5,1444822406,4088,70518,8941
7,1444822526,4092,70518,8941
8,1444822543,4096,70518,8941
11,1444822708,4083,70518,8941
12,1444822799,4084,70518,8941
13,1444822814,6508,70518,8941
14,1444822949,4097,70518,8941
15,1444822964,4087,70518,8941
16,1444823080,4095,70518,8941
17,1444823384,4089,70518,8941
18,1444823523,4090,70518,8941
19,1444824804,8061,70518,8941
0,1445193704,4099,70519,8941
1,1445194268,4098,70519,8941
2,1445194270,3646,70519,8941
1,1445438578,4102,70520,8941
2,1445438978,300,70520,8941
3,1445439357,4101,70520,8941
0,1441464248,5031,70554,8945
1,1441464286,632,70554,8945
2,1441464341,6148,70554,8945
0,1441879736,5031,70555,8945
1,1441879757,632,70555,8945
2,1441879786,6148,70555,8945
0,1441994298,25398,70556,8945
1,1441994507,5031,70556,8945
2,1441994524,632,70556,8945
3,1441994579,6148,70556,8945
0,1442546939,813,70557,8945
1,1442546969,25398,70557,8945
2,1442547276,5031,70557,8945
3,1442547301,632,70557,8945
0,1443026587,813,70558,8945
1,1443026626,25398,70558,8945
2,1443026676,5031,70558,8945
3,1443026703,632,70558,8945
0,1443118640,813,70559,8945
1,1443118664,25398,70559,8945
2,1443118709,5031,70559,8945
0,1443671597,813,70560,8945
1,1443671711,25398,70560,8945
2,1443671772,5031,70560,8945
0,1443870470,813,70561,8945
1,1443870555,25398,70561,8945
2,1443870626,5031,70561,8945
0,1440438674,182,70590,8950
1,1440439315,5653,70590,8950
2,1440439328,2992,70590,8950
3,1440439369,91,70590,8950
4,1440439390,3016,70590,8950
5,1440439436,105,70590,8950
0,1442126194,5685,70592,8950
1,1442126210,108,70592,8950
2,1442126227,50,70592,8950
3,1442126274,1304,70592,8950
4,1442126312,90,70592,8950
5,1442126345,92,70592,8950
6,1442126420,2984,70592,8950
0,1443116371,5685,70593,8950
1,1443116425,1304,70593,8950
2,1443116453,3030,70593,8950
3,1443116476,3966,70593,8950
0,1444595650,26749,70750,8969
1,1444595686,528,70750,8969
9,1444596095,33788,70750,8969
2,1445012190,7696,70751,8969
3,1445012222,6699,70751,8969
5,1445012532,1620,70751,8969
6,1445012676,9926,70751,8969
8,1445012797,1631,70751,8969
0,1445539042,38537,70753,8969
1,1445539083,11062,70753,8969
2,1445539108,5572,70753,8969
4,1445540383,1616,70753,8969
5,1445540457,33788,70753,8969
7,1445542012,3948,70753,8969
8,1445542209,4418,70753,8969
0,1440526684,5312,70771,8971
1,1440526741,6908,70771,8971
2,1440526921,6912,70771,8971
3,1440526933,3008,70771,8971
4,1440527013,6907,70771,8971
5,1440527367,6909,70771,8971
6,1440527391,6669,70771,8971
7,1440527445,6910,70771,8971
8,1440527785,6911,70771,8971
9,1440527839,6906,70771,8971
10,1440527905,6913,70771,8971
11,1440527949,6914,70771,8971
12,1440528144,6915,70771,8971
0,1445856703,6919,70772,8971
1,1445856774,6916,70772,8971
2,1445856852,6917,70772,8971
3,1445858139,6918,70772,8971
0,1445860837,6921,70773,8971
1,1445861276,6916,70773,8971
2,1445861331,6922,70773,8971
3,1445861381,6920,70773,8971
0,1443453652,4067,70872,8985
1,1443453896,4069,70872,8985
2,1443454011,4068,70872,8985
3,1443455034,4070,70872,8985
0,1444586658,4075,70873,8985
1,1444586772,4071,70873,8985
2,1444586817,4076,70873,8985
3,1444587240,4080,70873,8985
4,1444587308,4077,70873,8985
5,1444587421,3956,70873,8985
6,1444587476,4078,70873,8985
7,1444587523,4072,70873,8985
8,1444587624,4082,70873,8985
9,1444587651,4074,70873,8985
10,1444587791,4079,70873,8985
11,1444587886,4073,70873,8985
12,1444587919,4081,70873,8985
0,1444735154,4091,70874,8985
1,1444735214,6508,70874,8985
2,1444735364,4087,70874,8985
3,1444735706,4088,70874,8985
6,1444736126,4092,70874,8985
9,1444736399,4084,70874,8985
10,1444736532,4086,70874,8985
11,1444736549,4097,70874,8985
12,1444736608,4083,70874,8985
13,1444736680,4095,70874,8985
15,1444736776,4094,70874,8985
16,1444736812,4085,70874,8985
17,1444736984,4089,70874,8985
18,1444737043,4096,70874,8985
19,1444737123,4090,70874,8985
0,1445107004,4099,70875,8985
1,1445107268,4098,70875,8985
2,1445107270,3646,70875,8985
0,1445351757,4101,70876,8985
2,1445352178,4102,70876,8985
3,1445352878,300,70876,8985
0,1440333689,3963,70954,8995
1,1440333759,4836,70954,8995
2,1440333801,11235,70954,8995
3,1440333814,3018,70954,8995
0,1441254863,4836,70955,8995
1,1441254877,3018,70955,8995
2,1441254918,3020,70955,8995
4,1441255050,9,70955,8995
0,1441978180,9,70956,8995
1,1441978228,2574,70956,8995
2,1441978259,1304,70956,8995
3,1441978326,3022,70956,8995
4,1441978414,8,70956,8995
5,1441978459,13247,70956,8995
6,1441978561,3017,70956,8995
0,1442354176,108,70957,8995
1,1442354213,11,70957,8995
2,1442354385,9,70957,8995
3,1442354419,2574,70957,8995
5,1442354522,39,70957,8995
6,1442354601,13247,70957,8995
0,1442401764,23,70958,8995
2,1442401831,8,70958,8995
3,1442401842,172,70958,8995
5,1442401921,3027,70958,8995
6,1442401955,9,70958,8995
8,1442402031,1304,70958,8995
11,1442402318,17196,70958,8995
14,1442402796,28302,70958,8995
16,1442403101,5648,70958,8995
17,1442403121,3022,70958,8995
18,1442403197,5039,70958,8995
19,1442403246,39,70958,8995
0,1443150821,3027,70959,8995
1,1443150842,2574,70959,8995
2,1443150878,12934,70959,8995
0,1443274749,935,70960,8995
1,1443275048,12934,70960,8995
2,1443275214,3213,70960,8995
3,1443275267,9,70960,8995
1,1444759711,3031,70962,8995
2,1444759743,3213,70962,8995
3,1444759811,9,70962,8995
0,1445442747,25039,70964,8995
1,1445442841,2866,70964,8995
2,1445443003,1313,70964,8995
3,1445443022,24,70964,8995
4,1445443113,16405,70964,8995
1,1443499260,19,71030,9006
2,1443499268,523,71030,9006
3,1443499270,5757,71030,9006
4,1443499304,2300,71030,9006
6,1443499321,1163,71030,9006
7,1443499329,8986,71030,9006
8,1443499336,1139,71030,9006
9,1443499345,280,71030,9006
11,1443499352,20798,71030,9006
0,1444927362,1322,71031,9006
1,1444927753,322,71031,9006
3,1444927950,4139,71031,9006
0,1445616309,280,71032,9006
1,1445616395,11962,71032,9006
3,1445617770,12836,71032,9006
9,1445618562,322,71032,9006
1,1440480455,3467,71040,9007
7,1440480595,7559,71040,9007
9,1440480604,50049,71040,9007
0,1441709955,7559,71041,9007
3,1441710092,50049,71041,9007
5,1441710416,2300,71041,9007
8,1441710473,47402,71041,9007
10,1441710570,8746,71041,9007
3,1442906832,8746,71046,9007
17,1442907053,3395,71046,9007
19,1442907396,20516,71046,9007
1,1442992436,3395,71047,9007
3,1442992557,17469,71047,9007
5,1442992600,16466,71047,9007
6,1442992638,25315,71047,9007
0,1441873125,9096,71098,9014
3,1441873284,12079,71098,9014
6,1441873462,8131,71098,9014
2,1441906455,11808,71099,9014
6,1441907459,10142,71099,9014
7,1441907562,12079,71099,9014
0,1441951568,8427,71100,9014
3,1441951765,12079,71100,9014
4,1441952042,5765,71100,9014
2,1442336149,8427,71103,9014
3,1442336171,12079,71103,9014
5,1442336336,5786,71103,9014
6,1442336536,3531,71103,9014
7,1442336641,9164,71103,9014
1,1442419368,5770,71105,9014
2,1442419440,14075,71105,9014
3,1442419456,8998,71105,9014
4,1442419515,73,71105,9014
5,1442419542,8427,71105,9014
1,1443688188,5773,71111,9014
2,1443688224,1617,71111,9014
4,1443688306,12079,71111,9014
2,1444671624,681,71112,9014
5,1444671851,24090,71112,9014
7,1444672271,11954,71112,9014
0,1444739921,5799,71113,9014
1,1444739958,5798,71113,9014
3,1444740117,6632,71113,9014
7,1444740397,9089,71113,9014
9,1444741389,1791,71113,9014
11,1444741430,5773,71113,9014
0,1440613153,6906,71130,9017
1,1440613285,6911,71130,9017
2,1440613321,6912,71130,9017
3,1440613644,6915,71130,9017
4,1440613705,6913,71130,9017
5,1440613749,6914,71130,9017
6,1440613767,6909,71130,9017
7,1440613845,6910,71130,9017
8,1440614284,5312,71130,9017
9,1440614313,6907,71130,9017
0,1445943394,6917,71131,9017
1,1445944374,6916,71131,9017
2,1445944539,6918,71131,9017
0,1445947076,6916,71132,9017
1,1445947181,6920,71132,9017
2,1445947731,6922,71132,9017
3,1445947837,6921,71132,9017
0,1441907695,4785,71179,9025
1,1441907713,3227,71179,9025
2,1441907827,1172,71179,9025
3,1441907852,165,71179,9025
0,1441963042,7486,71180,9025
1,1441963128,4785,71180,9025
2,1441963176,9192,71180,9025
0,1442204436,3457,71181,9025
5,1442205783,8241,71181,9025
11,1442207005,3467,71181,9025
12,1442207376,10771,71181,9025
1,1442401035,21346,71183,9025
2,1442401181,271,71183,9025
4,1442401294,5027,71183,9025
7,1442401967,2926,71183,9025
0,1442551189,11550,71186,9025
1,1442551393,997,71186,9025
3,1442551440,9590,71186,9025
1,1442825336,3457,71187,9025
2,1442825398,7486,71187,9025
3,1442825496,3482,71187,9025
4,1442825516,17606,71187,9025
6,1442825669,18634,71187,9025
7,1442825695,11541,71187,9025
0,1443426671,7504,71189,9025
1,1443426934,4789,71189,9025
2,1443427088,5862,71189,9025
3,1443427161,10749,71189,9025
1,1443499601,18606,71190,9025
6,1443500734,4789,71190,9025
7,1443500917,5086,71190,9025
9,1443501407,5862,71190,9025
10,1443501515,11343,71190,9025
0,1443715531,10261,71192,9025
1,1443715535,4416,71192,9025
2,1443715604,8614,71192,9025
4,1443715706,5865,71192,9025
5,1443715822,164,71192,9025
6,1443715864,3243,71192,9025
7,1443715889,5861,71192,9025
9,1443715986,146,71192,9025
0,1443793744,4416,71194,9025
1,1443793754,10377,71194,9025
2,1443793758,5881,71194,9025
4,1443793917,19083,71194,9025
6,1443794008,10261,71194,9025
11,1443794519,8614,71194,9025
1,1444049509,7510,71196,9025
5,1444051652,19083,71196,9025
7,1444052038,7575,71196,9025
9,1444052233,5881,71196,9025
10,1444052257,4799,71196,9025
11,1444052627,5865,71196,9025
12,1444052642,3243,71196,9025
13,1444052852,5861,71196,9025
14,1444052895,4789,71196,9025
15,1444053015,10749,71196,9025
16,1444053022,989,71196,9025
1,1444112367,21550,71197,9025
5,1444112791,21078,71197,9025
9,1444113187,6843,71197,9025
11,1444113897,7130,71197,9025
9,1444133633,6004,71199,9025
10,1444133903,27044,71199,9025
13,1444134598,22282,71199,9025
15,1444135059,4695,71199,9025
1,1441194290,11858,71230,9028
3,1441194772,8844,71230,9028
4,1441194776,13987,71230,9028
5,1441194804,11793,71230,9028
11,1441195097,11815,71230,9028
1,1441791322,5765,71231,9028
3,1441791350,8129,71231,9028
4,1441791356,5764,71231,9028
0,1442218689,9219,71232,9028
1,1442218698,5765,71232,9028
2,1442218978,8799,71232,9028
0,1443445254,8133,71234,9028
3,1443445283,1791,71234,9028
5,1443446456,73,71234,9028
0,1440955020,19,71297,9037
1,1440955046,4128,71297,9037
2,1440955051,3013,71297,9037
4,1440955121,2989,71297,9037
5,1440955143,38,71297,9037
6,1440955150,40,71297,9037
8,1440955265,35540,71297,9037
9,1440955279,5651,71297,9037
10,1440955299,2990,71297,9037
11,1440955362,3003,71297,9037
13,1440955465,2850,71297,9037
18,1440955634,230,71297,9037
0,1440956026,2929,71297,9037
1,1440956044,23746,71297,9037
2,1440956049,6658,71297,9037
3,1440956328,20589,71297,9037
4,1440956520,14247,71297,9037
7,1440956808,11797,71297,9037
8,1440956944,3030,71297,9037
0,1441021824,3011,71298,9037
2,1441021856,4128,71298,9037
3,1441021939,2999,71298,9037
7,1441022033,9083,71298,9037
9,1441022188,1139,71298,9037
10,1441022202,2986,71298,9037
0,1441819639,40,71299,9037
2,1441819667,39,71299,9037
3,1441819683,3003,71299,9037
4,1441819770,1640,71299,9037
5,1441819894,3000,71299,9037
0,1441866955,3047,71300,9037
4,1441867082,5630,71300,9037
8,1441867194,8,71300,9037
9,1441867279,3030,71300,9037
10,1441867302,40,71300,9037
0,1442844966,9083,71301,9037
2,1442845046,3028,71301,9037
3,1442845119,93,71301,9037
4,1442845125,11520,71301,9037
5,1442845176,17839,71301,9037
7,1442845236,5685,71301,9037
17,1442845595,7062,71301,9037
18,1442845608,17429,71301,9037
2,1442845671,3640,71301,9037
3,1442845709,2276,71301,9037
7,1442845854,95,71301,9037
1,1442925154,24,71302,9037
2,1442925257,3028,71302,9037
5,1442925625,5306,71302,9037
6,1442925656,48,71302,9037
7,1442925765,5702,71302,9037
8,1442925789,1304,71302,9037
9,1442925858,6271,71302,9037
14,1442926114,1491,71302,9037
15,1442926207,7073,71302,9037
1,1443273716,19,71303,9037
2,1443273741,50,71303,9037
3,1443273759,11,71303,9037
4,1443273816,3986,71303,9037
5,1443273832,3983,71303,9037
0,1444248659,5685,71304,9037
2,1444248721,3032,71304,9037
3,1444248767,9083,71304,9037
0,1443095738,4672,71347,9043
1,1443095832,3544,71347,9043
2,1443095982,115,71347,9043
0,1443185158,36292,71348,9043
1,1443185325,2348,71348,9043
3,1443185443,1000,71348,9043
4,1443185455,7574,71348,9043
6,1443185639,7649,71348,9043
8,1443185724,31509,71348,9043
9,1443185753,21155,71348,9043
12,1443186188,10256,71348,9043
0,1443687345,7573,71349,9043
1,1443687446,11348,71349,9043
2,1443687511,13061,71349,9043
9,1443687956,4793,71349,9043
0,1440613084,5312,71355,9044
1,1440613285,6911,71355,9044
2,1440613405,6913,71355,9044
3,1440613491,6669,71355,9044
4,1440613604,6906,71355,9044
5,1440613749,6914,71355,9044
6,1440613852,6910,71355,9044
7,1440614041,6908,71355,9044
8,1440614221,6912,71355,9044
9,1440614233,3008,71355,9044
10,1440614313,6907,71355,9044
11,1440614367,6909,71355,9044
12,1440614544,6915,71355,9044
0,1445943339,6918,71356,9044
1,1445943547,6916,71356,9044
2,1445944246,6917,71356,9044
3,1445944303,6919,71356,9044
0,1445946776,6916,71357,9044
1,1445947731,6922,71357,9044
2,1445947781,6920,71357,9044
3,1445947837,6921,71357,9044
0,1440069950,19,71360,9045
1,1440069984,1139,71360,9045
2,1440070007,2984,71360,9045
3,1440070012,2991,71360,9045
4,1440070034,1745,71360,9045
5,1440070043,34,71360,9045
0,1440156380,5651,71361,9045
1,1440156389,6115,71361,9045
2,1440156399,4836,71361,9045
3,1440156447,245,71361,9045
5,1440156492,3966,71361,9045
6,1440156604,2987,71361,9045
7,1440156639,1735,71361,9045
8,1440156652,172,71361,9045
10,1440156725,1632,71361,9045
11,1440156753,10657,71361,9045
0,1441271646,7,71363,9045
1,1441271684,2587,71363,9045
2,1441271705,1815,71363,9045
0,1441709077,3467,71365,9045
1,1441709082,3641,71365,9045
2,1441709087,3466,71365,9045
4,1441709652,165,71365,9045
0,1442064476,165,71367,9045
3,1442065091,3457,71367,9045
4,1442065111,4839,71367,9045
6,1442065173,1308,71367,9045
8,1442065200,3022,71367,9045
9,1442065271,4469,71367,9045
15,1442065434,17469,71367,9045
17,1442065447,17467,71367,9045
4,1442065515,2308,71367,9045
6,1442065635,6185,71367,9045
1,1442764454,1304,71368,9045
2,1442764609,4839,71368,9045
3,1442764632,941,71368,9045
4,1442764649,2589,71368,9045
5,1442764789,1307,71368,9045
6,1442764823,6271,71368,9045
7,1442765037,3475,71368,9045
0,1444485080,8,71369,9045
1,1444485097,4416,71369,9045
2,1444485229,165,71369,9045
0,1444918871,14210,71370,9045
2,1444919035,3071,71370,9045
3,1444919052,3178,71370,9045
4,1444919060,9,71370,9045
5,1444919099,1320,71370,9045
6,1444919121,11648,71370,9045
1,1445004816,122,71371,9045
2,1445004835,132,71371,9045
3,1445004843,7651,71371,9045
4,1445004848,1400,71371,9045
6,1445004857,3071,71371,9045
8,1445004877,15234,71371,9045
9,1445004883,23579,71371,9045
10,1445004888,10570,71371,9045
11,1445004895,3467,71371,9045
12,1445005068,2589,71371,9045
14,1445005221,14210,71371,9045
15,1445005491,15255,71371,9045
0,1445701575,2265,71373,9045
1,1445702246,2349,71373,9045
2,1445702254,665,71373,9045
3,1445702282,4842,71373,9045
4,1445702333,1513,71373,9045
5,1445702362,5727,71373,9045
6,1445702385,15252,71373,9045
7,1445702406,10,71373,9045
8,1445702433,1313,71373,9045
9,1445702477,1318,71373,9045
10,1445702516,2929,71373,9045
11,1445702543,474,71373,9045
12,1445702690,3059,71373,9045
14,1445702825,3985,71373,9045
15,1445702839,3032,71373,9045
0,1441860119,230,71404,9051
1,1441860649,228,71404,9051
2,1441861374,229,71404,9051
0,1444230046,231,71405,9051
1,1444230460,232,71405,9051
2,1444230713,233,71405,9051
0,1445095341,235,71406,9051
1,1445095355,239,71406,9051
2,1445095871,237,71406,9051
3,1445096402,234,71406,9051
4,1445096450,236,71406,9051
5,1445096511,238,71406,9051
6,1445096852,240,71406,9051
3,1442436761,6768,71485,9061
5,1442436922,1304,71485,9061
8,1442437131,3030,71485,9061
2,1442989241,8046,71489,9061
4,1442989476,19838,71489,9061
6,1442989886,15964,71489,9061
0,1443368484,5551,71491,9061
1,1443368641,6768,71491,9061
4,1443368804,19838,71491,9061
2,1441358874,232,71654,9081
4,1441358939,9967,71654,9081
8,1441359802,10929,71654,9081
0,1443126482,1976,71656,9081
1,1443126668,1981,71656,9081
2,1443126703,1977,71656,9081
5,1443126761,16285,71656,9081
13,1443126915,16290,71656,9081
14,1443126933,1994,71656,9081
2,1443169325,1994,71657,9081
12,1443169807,1973,71657,9081
15,1443170047,22620,71657,9081
0,1443381059,1968,71660,9081
3,1443381199,16285,71660,9081
4,1443381212,1976,71660,9081
11,1443381717,16290,71660,9081
13,1443381751,8990,71660,9081
0,1443381924,1973,71660,9081
4,1443381992,243,71660,9081
0,1443559206,1494,71664,9081
1,1443559335,14052,71664,9081
4,1443559674,2010,71664,9081
1,1443639858,12583,71665,9081
5,1443639957,3053,71665,9081
7,1443639985,20628,71665,9081
9,1443640010,11515,71665,9081
1,1443776057,11721,71667,9081
4,1443776204,12583,71667,9081
7,1443776451,22620,71667,9081
9,1443776478,1973,71667,9081
3,1444154858,30339,71668,9081
6,1444155105,244,71668,9081
11,1444156173,10945,71668,9081
13,1444156460,22624,71668,9081
15,1444156559,22623,71668,9081
17,1444156564,16293,71668,9081
2,1444158357,12583,71668,9081
5,1444158403,2010,71668,9081
7,1444158607,11721,71668,9081
11,1444158751,2009,71668,9081
12,1444158778,1989,71668,9081
1,1444402684,12583,71669,9081
2,1444402691,11721,71669,9081
4,1444402700,244,71669,9081
14,1444403240,2004,71669,9081
16,1444403298,14586,71669,9081
0,1444403451,21534,71669,9081
5,1444403646,9081,71669,9081
9,1444404575,2002,71669,9081
2,1444411421,1977,71670,9081
3,1444411563,243,71670,9081
8,1444411693,247,71670,9081
10,1444411737,1146,71670,9081
12,1444411761,10938,71670,9081
0,1440613141,6908,71683,9083
1,1440613333,3008,71683,9083
2,1440613357,6906,71683,9083
3,1440613552,6910,71683,9083
4,1440613644,6915,71683,9083
5,1440613781,6909,71683,9083
6,1440613885,6911,71683,9083
7,1440613921,6912,71683,9083
8,1440613984,5312,71683,9083
9,1440614305,6913,71683,9083
10,1440614349,6914,71683,9083
11,1440614691,6669,71683,9083
0,1445943247,6916,71684,9083
1,1445943252,6917,71684,9083
2,1445944239,6918,71684,9083
3,1445944303,6919,71684,9083
0,1445946881,6920,71685,9083
1,1445947105,6916,71685,9083
2,1445948031,6922,71685,9083
0,1440440185,6911,71748,9091
1,1440440233,3008,71748,9091
2,1440440353,6906,71748,9091
3,1440440521,6912,71748,9091
4,1440440584,5312,71748,9091
5,1440440691,6669,71748,9091
6,1440440949,6914,71748,9091
7,1440441052,6910,71748,9091
8,1440441213,6907,71748,9091
9,1440441505,6913,71748,9091
10,1440441567,6909,71748,9091
0,1445770447,6916,71749,9091
1,1445770603,6919,71749,9091
2,1445770752,6917,71749,9091
3,1445770839,6918,71749,9091
0,1445774381,6920,71750,9091
1,1445774905,6916,71750,9091
2,1445774931,6922,71750,9091
3,1445775037,6921,71750,9091
0,1440333440,13586,71816,9101
1,1440333477,2568,71816,9101
2,1440333630,19933,71816,9101
1,1441607481,5665,71818,9101
2,1441607507,25773,71818,9101
6,1441608327,11889,71818,9101
9,1441608512,11888,71818,9101
0,1443854472,1144,71820,9101
1,1443855271,12750,71820,9101
2,1443855295,1140,71820,9101
5,1440560581,14908,71889,9113
6,1440560619,4451,71889,9113
11,1440560756,3366,71889,9113
12,1440560770,2336,71889,9113
2,1441698430,3463,71892,9113
5,1441698908,16160,71892,9113
6,1441699376,18605,71892,9113
0,1441708533,14899,71893,9113
1,1441708570,13069,71893,9113
2,1441708593,2336,71893,9113
3,1441708611,2994,71893,9113
5,1441708747,6809,71893,9113
1,1440409928,3246,71915,9116
2,1440409941,6035,71915,9116
3,1440409945,13717,71915,9116
4,1440409951,6033,71915,9116
0,1441641250,3247,71918,9116
1,1441641309,5511,71918,9116
4,1441641389,2711,71918,9116
0,1442336775,3247,71922,9116
2,1442336975,13117,71922,9116
4,1442337350,2670,71922,9116
6,1442337355,2680,71922,9116
9,1442339383,16846,71922,9116
14,1442339652,13712,71922,9116
0,1443026051,5542,71925,9116
1,1443026239,2692,71925,9116
2,1443026486,12043,71925,9116
3,1443718952,20786,71930,9116
5,1443719043,2665,71930,9116
8,1443719130,2681,71930,9116
0,1443984760,2684,71932,9116
2,1443984767,6002,71932,9116
3,1443984783,2674,71932,9116
5,1443984825,476,71932,9116
1,1440658101,1443,72260,9162
2,1440658158,14308,72260,9162
3,1440658230,1813,72260,9162
4,1440658897,3584,72260,9162
0,1441266247,3584,72262,9162
1,1441266531,3517,72262,9162
2,1441266590,3544,72262,9162
0,1441545629,16588,72263,9162
1,1441545697,7096,72263,9162
3,1441545785,8098,72263,9162
4,1441545796,3517,72263,9162
3,1441098008,15109,72354,9176
4,1441098026,14994,72354,9176
5,1441098041,10766,72354,9176
0,1441343522,5047,72355,9176
1,1441343574,1432,72355,9176
2,1441343599,5039,72355,9176
3,1441343728,5036,72355,9176
0,1441866942,220,72356,9176
1,1441867017,2265,72356,9176
2,1441867135,92,72356,9176
0,1440526621,6912,72483,9194
1,1440527049,6914,72483,9194
2,1440527081,6909,72483,9194
3,1440527239,6906,72483,9194
4,1440527485,6911,72483,9194
5,1440527584,5312,72483,9194
6,1440527613,6907,72483,9194
7,1440527833,3008,72483,9194
8,1440527905,6913,72483,9194
9,1440527941,6908,72483,9194
10,1440528045,6910,72483,9194
11,1440528291,6669,72483,9194
0,1445856994,6917,72484,9194
1,1445857074,6916,72484,9194
2,1445857239,6918,72484,9194
3,1445857603,6919,72484,9194
0,1445860537,6921,72485,9194
1,1445861631,6922,72485,9194
2,1445861681,6920,72485,9194
0,1444472228,4842,72522,9200
1,1444472296,665,72522,9200
2,1444472472,3988,72522,9200
0,1444977768,665,72524,9200
1,1444978028,3641,72524,9200
2,1444978070,4842,72524,9200
3,1444978204,10,72524,9200
4,1444978264,8388,72524,9200
5,1444978291,3031,72524,9200
6,1444978494,662,72524,9200
7,1444978560,9,72524,9200
8,1444978577,3648,72524,9200
9,1444978633,14,72524,9200
3,1445274082,6552,72526,9200
5,1445274271,4399,72526,9200
6,1445274312,665,72526,9200
7,1445274620,1320,72526,9200
1,1446189335,3081,72527,9200
2,1446189358,1139,72527,9200
3,1446189404,2984,72527,9200
4,1446189433,19,72527,9200
5,1446189465,4842,72527,9200
6,1446189503,2265,72527,9200
7,1446189610,3178,72527,9200
8,1446189639,3648,72527,9200
9,1446189684,6135,72527,9200
10,1446189785,5550,72527,9200
1,1443002189,9221,72671,9223
2,1443002249,8005,72671,9223
3,1443002319,80,72671,9223
0,1443120133,8005,72672,9223
1,1443120235,11697,72672,9223
2,1443120312,80,72672,9223
4,1443120897,669,72672,9223
10,1443121403,7571,72672,9223
12,1443121512,3925,72672,9223
14,1443121547,4431,72672,9223
15,1443121565,14442,72672,9223
18,1443121661,9276,72672,9223
19,1443121709,9274,72672,9223
0,1443622985,15153,72673,9223
10,1443623648,669,72673,9223
14,1443623928,7571,72673,9223
16,1443623967,3925,72673,9223
18,1443623994,4431,72673,9223
19,1443624077,11654,72673,9223
4,1443807363,58,72704,9228
5,1443807401,9476,72704,9228
6,1443807461,9482,72704,9228
0,1443986903,9489,72706,9228
1,1443986962,19022,72706,9228
2,1443987181,93,72706,9228
3,1443987301,11520,72706,9228
0,1443990130,9489,72707,9228
2,1443990488,9482,72707,9228
3,1443990539,49,72707,9228
0,1442472318,6537,72810,9240
2,1442472606,8,72810,9240
4,1442472876,3983,72810,9240
1,1443084349,3027,72811,9240
2,1443084368,5033,72811,9240
3,1443084504,1561,72811,9240
4,1443084506,24459,72811,9240
5,1443084516,5039,72811,9240
6,1443084667,1330,72811,9240
7,1443084715,7359,72811,9240
8,1443084793,1438,72811,9240
9,1443084803,18679,72811,9240
0,1443425413,1719,72812,9240
1,1443425419,28509,72812,9240
2,1443425598,5058,72812,9240
3,1443425613,1728,72812,9240
5,1443427466,3244,72812,9240
6,1443427655,2265,72812,9240
7,1443427723,12217,72812,9240
0,1440051132,6139,72986,9264
5,1440051725,8908,72986,9264
8,1440052046,13713,72986,9264
10,1440052391,3102,72986,9264
0,1440316628,15713,72988,9264
1,1440316658,2424,72988,9264
4,1440316792,11568,72988,9264
1,1440509858,2583,72992,9264
6,1440509974,8966,72992,9264
8,1440510154,10345,72992,9264
11,1440510334,6912,72992,9264
0,1440510622,1774,72992,9264
2,1440744099,6912,72995,9264
4,1440744542,2583,72995,9264
10,1440744608,8908,72995,9264
11,1440744659,2484,72995,9264
12,1440744666,6116,72995,9264
2,1440772080,2583,72996,9264
7,1440772159,8908,72996,9264
8,1440772175,2484,72996,9264
9,1440772192,6116,72996,9264
3,1440782210,2583,72997,9264
8,1440782529,8908,72997,9264
9,1440782532,2484,72997,9264
10,1440782548,6116,72997,9264
2,1440945910,6116,72999,9264
6,1440946145,2583,72999,9264
8,1440946447,8908,72999,9264
3,1441007651,10343,73000,9264
4,1441007747,1405,73000,9264
6,1441009384,19520,73000,9264
3,1441527335,17572,73008,9264
4,1441527504,18570,73008,9264
6,1441527765,2484,73008,9264
0,1441530376,17572,73009,9264
2,1441532035,2484,73009,9264
4,1441532391,18570,73009,9264
6,1442657263,15987,73015,9264
11,1442657280,14034,73015,9264
17,1442657312,10159,73015,9264
3,1442657640,5199,73015,9264
0,1443772369,5391,73018,9264
4,1443772706,10517,73018,9264
5,1443772726,8714,73018,9264
0,1444073024,15992,73019,9264
3,1444073657,36358,73019,9264
4,1444073766,16343,73019,9264
2,1444157313,19385,73020,9264
3,1444157417,10517,73020,9264
4,1444157759,6357,73020,9264
8,1444158267,10547,73020,9264
9,1444158289,42939,73020,9264
3,1440589370,2929,73126,9277
4,1440589392,19710,73126,9277
7,1440589442,5657,73126,9277
8,1440589455,25315,73126,9277
9,1440589478,3458,73126,9277
1,1441028413,14652,73130,9277
2,1441028443,256,73130,9277
3,1441028464,10170,73130,9277
1,1441259961,941,73135,9277
3,1441260614,7190,73135,9277
6,1441260689,5364,73135,9277
11,1441260838,27742,73135,9277
0,1441974644,941,73144,9277
1,1441975740,1050,73144,9277
2,1441975782,32025,73144,9277
0,1442468999,4162,73146,9277
2,1442470272,941,73146,9277
3,1442470299,7,73146,9277
4,1442470336,7190,73146,9277
5,1442470380,5364,73146,9277
6,1442470448,2578,73146,9277
4,1442551804,8378,73147,9277
7,1442552105,941,73147,9277
8,1442552151,20860,73147,9277
2,1442925250,1041,73149,9277
3,1442925273,4237,73149,9277
4,1442925339,2532,73149,9277
0,1443510950,1316,73154,9277
1,1443510987,5710,73154,9277
2,1443511166,2537,73154,9277
3,1443511589,7190,73154,9277
4,1443511626,27742,73154,9277
0,1444312671,6386,73162,9277
1,1444312693,5727,73162,9277
2,1444312716,2971,73162,9277
1,1444892792,4257,73165,9277
2,1444894214,1316,73165,9277
3,1444894233,5710,73165,9277
4,1444895320,15256,73165,9277
6,1444895655,420,73165,9277
0,1441216912,90,73199,9282
2,1441216933,100,73199,9282
4,1441216959,18023,73199,9282
8,1441217052,31082,73199,9282
12,1441217591,9,73199,9282
15,1441217666,2585,73199,9282
16,1441217764,12219,73199,9282
0,1441278054,5039,73200,9282
2,1441278236,1427,73200,9282
4,1441278544,12900,73200,9282
0,1443025264,12213,73201,9282
4,1443025375,8618,73201,9282
5,1443025426,11370,73201,9282
6,1443025449,12215,73201,9282
7,1443025500,6102,73201,9282
9,1443025579,12207,73201,9282
10,1443025615,12217,73201,9282
14,1443025668,6104,73201,9282
16,1443025732,92,73201,9282
17,1443025782,194,73201,9282
0,1444254225,2265,73202,9282
2,1444254304,8481,73202,9282
3,1444254322,3834,73202,9282
4,1444254384,220,73202,9282
5,1444254399,3954,73202,9282
6,1444254434,5068,73202,9282
7,1444254462,6085,73202,9282
8,1444254500,12934,73202,9282
9,1444254522,5069,73202,9282
10,1444254547,92,73202,9282
11,1444254565,5056,73202,9282
12,1444254632,16405,73202,9282
13,1444254661,6658,73202,9282
1,1442473723,5685,73254,9288
2,1442474660,4130,73254,9288
3,1442474682,1308,73254,9288
4,1442474697,1360,73254,9288
5,1442474709,3017,73254,9288
7,1442475869,93,73254,9288
11,1442477199,3029,73254,9288
0,1443422628,50,73256,9288
1,1443422639,48,73256,9288
2,1443422652,8,73256,9288
3,1443422665,11,73256,9288
4,1443422705,2929,73256,9288
5,1443422724,494,73256,9288
6,1443422743,3028,73256,9288
7,1443422760,9489,73256,9288
8,1443422782,12138,73256,9288
9,1443422893,49,73256,9288
10,1443422929,1304,73256,9288
0,1443508519,11520,73258,9288
2,1443508581,15780,73258,9288
4,1443508976,18555,73258,9288
0,1443627083,12957,73261,9288
1,1443627110,8869,73261,9288
3,1443627495,4473,73261,9288
1,1443681819,3031,73262,9288
2,1443681831,2984,73262,9288
4,1443681978,25434,73262,9288
5,1443682006,6674,73262,9288
7,1443682061,18209,73262,9288
8,1443682091,12957,73262,9288
10,1443682139,58,73262,9288
11,1443683432,2308,73262,9288
12,1443684654,4473,73262,9288
0,1444644511,14187,73264,9288
1,1444644535,3962,73264,9288
5,1444644750,9482,73264,9288
0,1444921412,3962,73265,9288
1,1444921661,420,73265,9288
2,1444921675,5309,73265,9288
0,1445242723,100,73266,9288
1,1445242755,5309,73266,9288
2,1445242764,6554,73266,9288
3,1445244068,9240,73266,9288
4,1445244193,420,73266,9288
0,1443453652,4067,73292,9292
1,1443453711,4068,73292,9292
2,1443454496,4069,73292,9292
3,1443454734,4070,73292,9292
0,1444586408,4077,73293,9292
1,1444586472,4071,73293,9292
2,1444586724,4082,73293,9292
3,1444586821,3956,73293,9292
4,1444586986,4073,73293,9292
5,1444587319,4081,73293,9292
6,1444587351,4074,73293,9292
7,1444587476,4078,73293,9292
8,1444587523,4072,73293,9292
9,1444587558,4075,73293,9292
10,1444587717,4076,73293,9292
11,1444587733,1212,73293,9292
12,1444588091,4079,73293,9292
0,1444735332,4086,73294,9292
1,1444735454,4091,73294,9292
2,1444735576,4094,73294,9292
4,1444735912,4085,73294,9292
5,1444735949,4097,73294,9292
6,1444736006,4088,73294,9292
8,1444736114,6508,73294,9292
11,1444736426,4092,73294,9292
12,1444736564,4087,73294,9292
13,1444736680,4095,73294,9292
14,1444736699,4084,73294,9292
17,1444737016,4089,73294,9292
18,1444737043,4096,73294,9292
19,1444737123,4090,73294,9292
0,1445106951,4100,73295,9292
1,1445107868,4098,73295,9292
2,1445107904,4099,73295,9292
3,1445108170,3646,73295,9292
0,1440613033,3008,73364,9303
1,1440613321,6912,73364,9303
2,1440613330,6906,73364,9303
3,1440613413,6907,73364,9303
4,1440613449,6914,73364,9303
5,1440613705,6913,73364,9303
6,1440613767,6909,73364,9303
7,1440613885,6911,73364,9303
8,1440613944,6915,73364,9303
9,1440613984,5312,73364,9303
10,1440614041,6908,73364,9303
11,1440614391,6669,73364,9303
12,1440614445,6910,73364,9303
0,1445943103,6919,73365,9303
1,1445943252,6917,73365,9303
2,1445943639,6918,73365,9303
3,1445944074,6916,73365,9303
0,1445946881,6920,73366,9303
1,1445947105,6916,73366,9303
2,1445947131,6922,73366,9303
3,1445947837,6921,73366,9303
1,1440079746,1202,73390,9307
2,1440079875,49,73390,9307
3,1440079959,13960,73390,9307
1,1441102792,38,73393,9307
3,1441102961,5295,73393,9307
7,1441103085,39,73393,9307
9,1441103212,43,73393,9307
11,1441103564,9489,73393,9307
0,1441111997,17834,73394,9307
2,1441112078,25434,73394,9307
4,1441112164,1202,73394,9307
0,1442592133,6897,73400,9307
1,1442592142,17834,73400,9307
4,1442592519,13971,73400,9307
5,1442592580,9476,73400,9307
0,1442831012,11520,73401,9307
1,1442831071,34,73401,9307
2,1442831168,29,73401,9307
7,1442831672,5304,73401,9307
8,1442831842,3038,73401,9307
0,1443065265,9482,73403,9307
1,1443065315,58,73403,9307
3,1443065465,55,73403,9307
4,1443065478,13971,73403,9307
7,1443065632,6897,73403,9307
8,1443065648,9476,73403,9307
2,1443538416,9482,73404,9307
3,1443538425,58,73404,9307
4,1443538464,6897,73404,9307
5,1443538469,13971,73404,9307
6,1443538563,11520,73404,9307
0,1444282159,5956,73408,9307
1,1444282211,6897,73408,9307
2,1444282222,9482,73408,9307
3,1444282246,15,73408,9307
1,1444543235,5956,73409,9307
2,1444543351,58,73409,9307
3,1444543401,13971,73409,9307
0,1444627622,5956,73410,9307
1,1444627724,15,73410,9307
2,1444627886,58,73410,9307
3,1444627904,13971,73410,9307
0,1444649617,11725,73411,9307
1,1444649671,48,73411,9307
2,1444649704,5702,73411,9307
3,1444649752,29,73411,9307
5,1444650817,15,73411,9307
1,1444726303,31,73412,9307
4,1444726487,3056,73412,9307
6,1444726851,11725,73412,9307
0,1444918029,5309,73413,9307
1,1444918073,4132,73413,9307
2,1444918188,3059,73413,9307
4,1444918413,3203,73413,9307
5,1444918478,15,73413,9307
6,1444918554,9482,73413,9307
7,1444918587,13971,73413,9307
8,1444918675,6897,73413,9307
0,1442474602,3983,73598,9333
1,1442474667,100,73598,9333
2,1442474682,108,73598,9333
3,1442474728,1304,73598,9333
4,1442474737,3030,73598,9333
5,1442474822,9,73598,9333
6,1442474907,220,73598,9333
7,1442474944,13718,73598,9333
8,1442475066,92,73598,9333
9,1442476722,1432,73598,9333
0,1442482231,172,73599,9333
1,1442482245,100,73599,9333
2,1442482282,3983,73599,9333
3,1442482417,3030,73599,9333
4,1442482485,1304,73599,9333
5,1442482531,9,73599,9333
7,1442482638,220,73599,9333
8,1442482683,3980,73599,9333
9,1442482742,3035,73599,9333
0,1442731389,1304,73602,9333
1,1442731404,50,73602,9333
2,1442731438,9,73602,9333
1,1442893421,9,73603,9333
2,1442893510,3026,73603,9333
3,1442893529,1304,73603,9333
0,1443001391,3027,73604,9333
1,1443001426,3980,73604,9333
2,1443001449,220,73604,9333
0,1443314680,92,73606,9333
1,1443314726,5068,73606,9333
2,1443314804,9,73606,9333
0,1443611623,19,73607,9333
1,1443611892,3030,73607,9333
2,1443611907,5068,73607,9333
0,1444141202,220,73608,9333
1,1444141212,2265,73608,9333
2,1444141230,8481,73608,9333
3,1444141344,3058,73608,9333
4,1444141383,3178,73608,9333
5,1444142778,1513,73608,9333
0,1440526885,6911,73669,9341
1,1440526933,3008,73669,9341
2,1440526984,5312,73669,9341
3,1440527041,6908,73669,9341
4,1440527204,6906,73669,9341
5,1440527305,6913,73669,9341
6,1440527381,6909,73669,9341
7,1440527452,6910,73669,9341
8,1440527521,6912,73669,9341
9,1440527544,6915,73669,9341
10,1440527613,6907,73669,9341
11,1440527949,6914,73669,9341
12,1440527991,6669,73669,9341
0,1445856939,6918,73670,9341
1,1445857003,6919,73670,9341
2,1445857147,6916,73670,9341
3,1445857894,6917,73670,9341
0,1445860376,6916,73671,9341
1,1445860731,6922,73671,9341
2,1445861381,6920,73671,9341
3,1445861737,6921,73671,9341
0,1443453834,4070,73789,9358
1,1443453952,4067,73789,9358
2,1443454011,4068,73789,9358
3,1443454796,4069,73789,9358
0,1444586576,4078,73790,9358
1,1444586658,4075,73790,9358
2,1444586686,4073,73790,9358
3,1444586724,4082,73790,9358
4,1444586821,3956,73790,9358
5,1444586940,4080,73790,9358
6,1444587319,4081,73790,9358
7,1444587351,4074,73790,9358
8,1444587372,4071,73790,9358
9,1444587733,1212,73790,9358
10,1444588017,4076,73790,9358
0,1444735454,4091,73791,9358
1,1444735514,6508,73791,9358
2,1444735515,4093,73791,9358
3,1444735632,4086,73791,9358
4,1444735649,4097,73791,9358
5,1444735664,4087,73791,9358
6,1444735706,4088,73791,9358
7,1444735708,4083,73791,9358
11,1444736380,4095,73791,9358
12,1444736426,4092,73791,9358
13,1444736476,4094,73791,9358
14,1444736512,4085,73791,9358
16,1444736743,4096,73791,9358
17,1444736756,4090,73791,9358
18,1444736984,4089,73791,9358
19,1444738404,8061,73791,9358
0,1445106968,4098,73792,9358
1,1445106970,3646,73792,9358
2,1445107851,4100,73792,9358
3,1445107904,4099,73792,9358
1,1445352181,4102,73793,9358
2,1445352578,300,73793,9358
3,1445352657,4101,73793,9358
3,1444037178,8869,73799,9359
5,1444037591,3706,73799,9359
6,1444037770,7510,73799,9359
7,1444037814,813,73799,9359
0,1444293398,3719,73803,9359
3,1444293660,13968,73803,9359
5,1444293709,3956,73803,9359
6,1444293721,3706,73803,9359
7,1444293814,528,73803,9359
8,1444293819,3146,73803,9359
9,1444293823,2147,73803,9359
11,1444293850,813,73803,9359
13,1444293860,8219,73803,9359
14,1444293916,20703,73803,9359
15,1444293922,3703,73803,9359
17,1444293993,2930,73803,9359
18,1444293998,1723,73803,9359
19,1444294002,22,73803,9359
0,1444294009,7649,73803,9359
2,1444294058,31383,73803,9359
0,1444684363,3160,73805,9359
1,1444684400,3706,73805,9359
2,1444684590,8219,73805,9359
5,1443436128,19764,73982,9386
7,1443436583,9092,73982,9386
8,1443436765,3634,73982,9386
0,1443449184,19764,73985,9386
1,1443449228,2605,73985,9386
6,1443449562,4191,73985,9386
1,1443613030,10353,73988,9386
5,1443613283,7908,73988,9386
6,1443613398,3634,73988,9386
1,1443729704,12895,73990,9386
4,1443729827,18290,73990,9386
5,1443729922,19764,73990,9386
7,1443729949,10353,73990,9386
9,1443730042,2484,73990,9386
0,1440613084,5312,74004,9387
1,1440613413,6907,74004,9387
2,1440613545,6910,74004,9387
3,1440613604,6906,74004,9387
4,1440613705,6913,74004,9387
5,1440613781,6909,74004,9387
6,1440613933,3008,74004,9387
7,1440613944,6915,74004,9387
8,1440614185,6911,74004,9387
9,1440614341,6908,74004,9387
10,1440614649,6914,74004,9387
0,1445943252,6917,74005,9387
1,1445944074,6916,74005,9387
2,1445944303,6919,74005,9387
0,1445946805,6916,74006,9387
1,1445947731,6922,74006,9387
2,1445948081,6920,74006,9387
6,1441287501,3022,74032,9391
7,1441287593,1304,74032,9391
8,1441287743,2929,74032,9391
9,1441287760,3260,74032,9391
0,1443087927,43,74033,9391
1,1443087972,2574,74033,9391
2,1443088092,4840,74033,9391
4,1443088295,14093,74033,9391
5,1443088342,28091,74033,9391
1,1443421501,14093,74034,9391
5,1443422066,20734,74034,9391
7,1443422323,730,74034,9391
8,1443422498,10,74034,9391
14,1443423215,3031,74034,9391
0,1443865909,20734,74035,9391
2,1443866237,14588,74035,9391
3,1443866377,3058,74035,9391
5,1443866593,2574,74035,9391
13,1443867859,17854,74035,9391
16,1443868144,730,74035,9391
1,1444837484,31,74037,9391
4,1444837698,5723,74037,9391
5,1444837843,6089,74037,9391
2,1444897707,1322,74038,9391
5,1444897903,1319,74038,9391
6,1444897940,5723,74038,9391
8,1444898078,30,74038,9391
10,1444898269,4211,74038,9391
2,1440218935,31082,74098,9400
3,1440218979,4941,74098,9400
4,1440219142,17767,74098,9400
0,1440340153,17767,74099,9400
4,1440340361,4941,74099,9400
6,1440340408,26581,74099,9400
0,1440838118,4961,74100,9400
3,1440838270,17388,74100,9400
4,1440838286,12903,74100,9400
5,1440838298,6103,74100,9400
7,1440838358,4941,74100,9400
9,1440838384,26581,74100,9400
11,1440838439,4988,74100,9400
0,1440910791,4961,74101,9400
1,1440911211,12903,74101,9400
2,1440911700,17388,74101,9400
3,1440911875,6103,74101,9400
5,1440911944,4941,74101,9400
9,1440912283,31082,74101,9400
11,1440912365,10657,74101,9400
0,1441039910,4961,74102,9400
3,1441040068,31082,74102,9400
5,1441040323,10657,74102,9400
7,1441040436,10766,74102,9400
0,1441296695,18018,74103,9400
1,1441296803,10766,74103,9400
2,1441296956,4961,74103,9400
3,1441297031,17388,74103,9400
4,1441297054,12903,74103,9400
5,1441297172,5031,74103,9400
0,1441427883,18018,74104,9400
1,1441427976,4961,74104,9400
2,1441428050,17388,74104,9400
3,1441428092,12903,74104,9400
0,1442113276,10754,74105,9400
1,1442113328,18018,74105,9400
2,1442113412,10766,74105,9400
3,1442113481,4961,74105,9400
0,1442629600,1433,74106,9400
1,1442629632,22176,74106,9400
3,1442629704,5039,74106,9400
4,1442630001,1432,74106,9400
5,1442630026,18018,74106,9400
6,1442630114,5031,74106,9400
0,1442724914,18925,74107,9400
1,1442724929,1561,74107,9400
2,1442724964,12521,74107,9400
3,1442725072,10753,74107,9400
1,1443030211,7619,74108,9400
2,1443030255,18925,74108,9400
3,1443030282,1561,74108,9400
4,1443030379,24459,74108,9400
5,1443030402,12521,74108,9400
6,1443030418,10753,74108,9400
7,1443030679,4961,74108,9400
0,1443059841,5077,74109,9400
2,1443060007,7619,74109,9400
3,1443060107,18925,74109,9400
4,1443060193,1561,74109,9400
5,1443060337,24459,74109,9400
1,1443329475,10753,74110,9400
2,1443329524,10766,74110,9400
3,1443329553,4961,74110,9400
4,1443329572,8271,74110,9400
6,1443329626,22176,74110,9400
7,1443329639,5039,74110,9400
1,1443456733,5077,74111,9400
2,1443456850,8271,74111,9400
4,1443456890,22176,74111,9400
5,1443456917,5039,74111,9400
1,1443492032,5077,74112,9400
3,1443492098,7619,74112,9400
4,1443492143,18925,74112,9400
5,1443492159,1561,74112,9400
6,1443492174,24459,74112,9400
7,1443492195,12521,74112,9400
8,1443492209,10753,74112,9400
1,1443635454,10754,74113,9400
2,1443635466,10753,74113,9400
3,1443635480,10766,74113,9400
5,1443635570,5077,74113,9400
1,1443842913,10754,74114,9400
2,1443842943,10753,74114,9400
3,1443842974,10766,74114,9400
0,1444458863,10754,74115,9400
1,1444458883,10766,74115,9400
2,1444458910,4961,74115,9400
3,1444458996,2971,74115,9400
4,1444459027,2008,74115,9400
5,1444459037,8271,74115,9400
6,1444459052,22176,74115,9400
7,1444459062,5031,74115,9400
8,1444459093,6103,74115,9400
0,1444713461,17896,74116,9400
1,1444713572,10754,74116,9400
2,1444713661,10766,74116,9400
3,1444713755,4961,74116,9400
0,1444755485,2971,74117,9400
1,1444755496,2008,74117,9400
2,1444755507,8271,74117,9400
3,1444755559,22176,74117,9400
4,1444755578,5031,74117,9400
5,1444755599,10766,74117,9400
6,1444755634,4941,74117,9400
8,1444755702,5077,74117,9400
10,1444755731,4961,74117,9400
0,1444818702,17896,74118,9400
1,1444818713,10754,74118,9400
2,1444818732,12848,74118,9400
3,1444818737,10766,74118,9400
4,1444818739,10758,74118,9400
5,1444818751,4961,74118,9400
0,1444841725,10055,74119,9400
1,1444841770,5077,74119,9400
3,1444841906,4961,74119,9400
0,1444930560,12848,74120,9400
1,1444930630,10758,74120,9400
2,1444930731,2971,74120,9400
3,1444932497,17896,74120,9400
4,1444932556,10766,74120,9400
5,1444932580,4961,74120,9400
0,1445282610,10055,74121,9400
1,1445282629,5077,74121,9400
3,1445282683,4961,74121,9400
0,1445683376,3843,74123,9400
1,1445683395,10758,74123,9400
2,1445683416,2971,74123,9400
4,1445683475,8271,74123,9400
5,1445683493,22176,74123,9400
6,1445683521,206,74123,9400
7,1445683534,5031,74123,9400
8,1445683560,10766,74123,9400
0,1444628105,3147,74541,9455
1,1444628219,8270,74541,9455
2,1444628253,9004,74541,9455
0,1444660993,4218,74542,9455
1,1444661036,5391,74542,9455
2,1444661056,1723,74542,9455
3,1444661070,8270,74542,9455
4,1444661095,3147,74542,9455
5,1444661173,220,74542,9455
6,1444661183,3146,74542,9455
7,1444661240,9004,74542,9455
8,1444661342,3956,74542,9455
9,1444661416,1311,74542,9455
10,1444661463,14981,74542,9455
0,1445203845,322,74543,9455
1,1445203874,8270,74543,9455
2,1445203890,1311,74543,9455
3,1445203906,17540,74543,9455
4,1445203979,8780,74543,9455
0,1445622090,1311,74544,9455
1,1445622132,3954,74544,9455
2,1445622208,3181,74544,9455
0,1442563477,10798,74559,9457
1,1442563484,130,74559,9457
2,1442563534,3119,74559,9457
3,1442563567,4415,74559,9457
1,1442905077,17618,74560,9457
2,1442905085,36292,74560,9457
3,1442905090,48,74560,9457
5,1442905309,3463,74560,9457
0,1443421715,3475,74561,9457
2,1443421779,7893,74561,9457
3,1443421788,148,74561,9457
0,1441390335,523,74628,9466
1,1441390345,19,74628,9466
2,1441390377,34,74628,9466
3,1441390385,1745,74628,9466
4,1441390405,2991,74628,9466
1,1441636980,3975,74629,9466
2,1441637079,7186,74629,9466
3,1441637098,6116,74629,9466
4,1441637103,6128,74629,9466
5,1441637439,5765,74629,9466
1,1443034264,4855,74632,9466
3,1443034398,11161,74632,9466
4,1443034406,1304,74632,9466
5,1443034636,16160,74632,9466
6,1443034783,2342,74632,9466
10,1443035387,8986,74632,9466
1,1441363187,8836,74682,9475
3,1441363383,8098,74682,9475
5,1441363462,3527,74682,9475
8,1441363655,14358,74682,9475
3,1441454598,3459,74684,9475
7,1441454858,3527,74684,9475
8,1441454899,6795,74684,9475
0,1442670060,5339,74685,9475
3,1442671308,22144,74685,9475
4,1442671406,3919,74685,9475
6,1442671861,21074,74685,9475
8,1442671962,3459,74685,9475
0,1443023239,9306,74686,9475
2,1443023312,22144,74686,9475
5,1443023806,7248,74686,9475
2,1443640172,2478,74687,9475
6,1443640594,1795,74687,9475
7,1443640683,7880,74687,9475
0,1444247357,8368,74688,9475
5,1444247546,10547,74688,9475
8,1444247636,9199,74688,9475
9,1444247780,7134,74688,9475
10,1444247801,5861,74688,9475
11,1444247868,27166,74688,9475
12,1444247977,9290,74688,9475
0,1445538192,21559,74689,9475
3,1445538346,10262,74689,9475
4,1445538366,12469,74689,9475
0,1440984468,18023,74699,9477
1,1440984631,4988,74699,9477
2,1440984804,26581,74699,9477
0,1441478906,12900,74700,9477
2,1441479906,17903,74700,9477
3,1441480097,5047,74700,9477
4,1441480157,15110,74700,9477
5,1441480341,5039,74700,9477
0,1441759556,172,74701,9477
1,1441759673,1432,74701,9477
2,1441759805,5039,74701,9477
3,1441760126,3013,74701,9477
0,1444967627,4133,74702,9477
1,1444968256,5056,74702,9477
2,1444968681,6085,74702,9477
3,1444969002,12963,74702,9477
4,1444969289,3834,74702,9477
5,1444969623,2008,74702,9477
0,1442555316,1373,74837,9495
2,1442555377,2852,74837,9495
3,1442555416,1304,74837,9495
12,1443684100,2953,74838,9495
13,1443684113,6052,74838,9495
16,1443684256,23480,74838,9495
1,1444402389,2732,74839,9495
2,1444402415,24459,74839,9495
4,1444402430,2852,74839,9495
6,1444402459,11290,74839,9495
7,1444402466,2866,74839,9495
8,1444402480,920,74839,9495
9,1444402491,11720,74839,9495
3,1445014736,6938,74841,9495
4,1445014744,16699,74841,9495
8,1445014808,2325,74841,9495
11,1445014883,724,74841,9495
16,1445015030,15738,74841,9495
19,1445015140,3932,74841,9495
1,1445015157,11672,74841,9495
5,1445015186,28131,74841,9495
7,1445015217,7753,74841,9495
0,1441935682,41,74998,9516
1,1441935725,1202,74998,9516
3,1441935888,49,74998,9516
0,1442254436,41,74999,9516
1,1442254460,1202,74999,9516
2,1442254481,108,74999,9516
3,1442254490,49,74999,9516
0,1443577325,5304,75000,9516
1,1443577389,49,75000,9516
4,1443577639,2036,75000,9516
1,1441453472,3688,75009,9518
2,1441453480,7186,75009,9518
3,1441453574,3020,75009,9518
0,1441481118,2297,75010,9518
1,1441481215,1373,75010,9518
2,1441481314,3966,75010,9518
0,1441611576,7190,75011,9518
4,1441612448,2991,75011,9518
5,1441612484,5757,75011,9518
6,1441612598,2300,75011,9518
0,1443627206,2308,75012,9518
1,1443627223,3146,75012,9518
2,1443627263,8,75012,9518
0,1442462376,6273,75120,9531
3,1442462846,33009,75120,9531
6,1442462949,1778,75120,9531
1,1443166277,9279,75121,9531
3,1443166334,8853,75121,9531
6,1443166434,540,75121,9531
7,1443166454,12051,75121,9531
8,1443166469,10090,75121,9531
10,1443166579,4929,75121,9531
1,1443414256,18845,75122,9531
2,1443414498,9579,75122,9531
5,1443414950,5608,75122,9531
7,1443415378,540,75122,9531
8,1443415629,6273,75122,9531
9,1443415658,2458,75122,9531
10,1443415797,12508,75122,9531
12,1443415991,4929,75122,9531
0,1443540296,4069,75157,9536
1,1443540411,4068,75157,9536
2,1443540534,4070,75157,9536
3,1443541252,4067,75157,9536
0,1444672933,1212,75158,9536
1,1444673108,4077,75158,9536
2,1444673172,4071,75158,9536
3,1444673358,4075,75158,9536
4,1444673386,4073,75158,9536
5,1444673821,3956,75158,9536
6,1444673876,4078,75158,9536
7,1444673923,4072,75158,9536
8,1444674051,4074,75158,9536
9,1444674117,4076,75158,9536
10,1444674240,4080,75158,9536
11,1444674319,4081,75158,9536
12,1444674491,4079,75158,9536
0,1444821626,4092,75159,9536
1,1444821732,4086,75159,9536
2,1444821764,4087,75159,9536
3,1444821854,4091,75159,9536
4,1444821899,4084,75159,9536
5,1444822108,4083,75159,9536
8,1444822406,4088,75159,9536
9,1444822514,6508,75159,9536
11,1444822815,4093,75159,9536
12,1444822876,4094,75159,9536
13,1444822949,4097,75159,9536
16,1444823143,4096,75159,9536
17,1444823223,4090,75159,9536
18,1444823416,4089,75159,9536
19,1444824804,8061,75159,9536
0,1445193404,4099,75160,9536
1,1445193668,4098,75160,9536
2,1445193687,3646,75160,9536
3,1445194251,4100,75160,9536
0,1443540296,4069,75228,9547
1,1443540411,4068,75228,9547
2,1443541134,4070,75228,9547
3,1443541252,4067,75228,9547
0,1444672808,4077,75229,9547
1,1444672933,1212,75229,9547
2,1444673023,4072,75229,9547
3,1444673151,4074,75229,9547
4,1444673172,4071,75229,9547
5,1444673217,4076,75229,9547
6,1444673221,3956,75229,9547
7,1444673340,4080,75229,9547
8,1444673424,4082,75229,9547
9,1444673591,4079,75229,9547
10,1444673719,4081,75229,9547
11,1444673986,4073,75229,9547
12,1444674176,4078,75229,9547
13,1444674258,4075,75229,9547
0,1444821854,4091,75230,9547
1,1444821914,6508,75230,9547
2,1444821976,4094,75230,9547
3,1444822012,4085,75230,9547
4,1444822032,4086,75230,9547
5,1444822215,4093,75230,9547
11,1444822708,4083,75230,9547
12,1444822826,4092,75230,9547
13,1444822964,4087,75230,9547
14,1444823006,4088,75230,9547
15,1444823080,4095,75230,9547
16,1444823143,4096,75230,9547
17,1444823223,4090,75230,9547
18,1444823384,4089,75230,9547
19,1444824204,8061,75230,9547
0,1445193404,4099,75231,9547
1,1445193670,3646,75231,9547
2,1445194251,4100,75231,9547
3,1445194268,4098,75231,9547
0,1445438078,300,75232,9547
2,1445439128,4102,75232,9547
3,1445439357,4101,75232,9547
0,1440837104,8844,75451,9576
4,1440837904,8096,75451,9576
10,1440837983,9370,75451,9576
14,1440838413,11062,75451,9576
2,1441655825,13691,75452,9576
8,1441655912,2446,75452,9576
9,1441655950,14937,75452,9576
14,1441656137,3422,75452,9576
0,1441656484,23247,75452,9576
3,1441656757,6075,75452,9576
5,1441656821,8343,75452,9576
1,1441722781,23247,75453,9576
6,1441722802,14937,75453,9576
9,1441722829,11062,75453,9576
10,1441722835,9370,75453,9576
0,1442056672,9370,75454,9576
1,1442056673,14937,75454,9576
6,1442056676,11062,75454,9576
8,1442056676,23247,75454,9576
0,1442373904,23247,75455,9576
5,1442373934,14937,75455,9576
7,1442373938,11062,75455,9576
8,1442373940,9370,75455,9576
0,1442555566,8343,75456,9576
7,1442556100,3434,75456,9576
8,1442556600,7249,75456,9576
0,1444495366,13968,75579,9595
2,1444495457,3702,75579,9595
3,1444495613,7314,75579,9595
0,1444754961,10786,75580,9595
1,1444754980,2928,75580,9595
3,1444755152,11343,75580,9595
4,1444755306,1163,75580,9595
5,1444755308,2537,75580,9595
6,1444755314,3160,75580,9595
7,1444755396,3467,75580,9595
8,1444755455,268,75580,9595
9,1444755566,5984,75580,9595
10,1444755707,5665,75580,9595
11,1444755730,4460,75580,9595
13,1444755836,5269,75580,9595
0,1444987630,3467,75582,9595
1,1444987730,2928,75582,9595
2,1444987900,3706,75582,9595
3,1444988099,11343,75582,9595
2,1441610006,3026,75624,9602
4,1441610109,3012,75624,9602
6,1441610153,19,75624,9602
8,1441610178,528,75624,9602
9,1441610213,14962,75624,9602
10,1441610280,172,75624,9602
11,1441610290,2336,75624,9602
13,1441610343,36,75624,9602
14,1441610349,3023,75624,9602
15,1441610379,13247,75624,9602
16,1441610391,3013,75624,9602
1,1442483801,11,75625,9602
2,1442483857,3034,75625,9602
3,1442483915,3178,75625,9602
5,1442483939,1321,75625,9602
6,1442483991,2574,75625,9602
0,1442913768,4130,75626,9602
1,1442913799,1304,75626,9602
2,1442913811,3026,75626,9602
3,1442913819,8,75626,9602
4,1442913833,3178,75626,9602
0,1443428003,2984,75627,9602
1,1443428018,1304,75627,9602
2,1443428031,1139,75627,9602
3,1443428053,13805,75627,9602
4,1443428077,4473,75627,9602
5,1443428085,940,75627,9602
6,1443428114,6271,75627,9602
7,1443428139,3033,75627,9602
8,1443428242,3034,75627,9602
9,1443428270,24,75627,9602
10,1443428334,10,75627,9602
11,1443428341,1640,75627,9602
0,1443606736,1139,75628,9602
1,1443606744,3028,75628,9602
2,1443606796,3178,75628,9602
3,1443606819,3986,75628,9602
4,1443606841,63,75628,9602
5,1443606860,4473,75628,9602
6,1443606867,940,75628,9602
7,1443606879,9,75628,9602
8,1443606913,10,75628,9602
9,1443606936,6271,75628,9602
10,1443606965,3034,75628,9602
0,1442413828,271,75651,9606
1,1442413872,13545,75651,9606
2,1442413881,8102,75651,9606
7,1442414242,22037,75651,9606
0,1442504765,13545,75652,9606
1,1442504779,8102,75652,9606
3,1442504807,22037,75652,9606
4,1442505904,2597,75652,9606
0,1442644734,2597,75653,9606
1,1442644832,13545,75653,9606
2,1442644841,8102,75653,9606
4,1442644860,22037,75653,9606
0,1442842088,2597,75654,9606
1,1442842114,13545,75654,9606
2,1442842118,8102,75654,9606
4,1442842122,22037,75654,9606
0,1442929156,13545,75655,9606
1,1442929156,8102,75655,9606
3,1442929161,22037,75655,9606
0,1440432473,3970,75659,9607
3,1440432498,14728,75659,9607
4,1440432501,523,75659,9607
0,1442313772,3471,75660,9607
1,1442313843,1646,75660,9607
2,1442313872,22,75660,9607
1,1442736024,73,75661,9607
2,1442736026,1163,75661,9607
4,1442736180,3956,75661,9607
5,1442736182,2930,75661,9607
6,1442736184,170,75661,9607
7,1442736185,20954,75661,9607
8,1442736202,3146,75661,9607
9,1442736205,25157,75661,9607
10,1442736211,14650,75661,9607
11,1442736213,7312,75661,9607
12,1442736215,7310,75661,9607
13,1442736219,1140,75661,9607
14,1442736221,5757,75661,9607
15,1442736225,24559,75661,9607
16,1442736227,7308,75661,9607
17,1442736228,939,75661,9607
18,1442736253,256,75661,9607
19,1442736259,1491,75661,9607
1,1442846256,939,75662,9607
2,1442846258,24559,75662,9607
3,1442846400,27742,75662,9607
0,1443282699,3471,75663,9607
1,1443282744,1646,75663,9607
5,1443282938,20954,75663,9607
0,1441724821,9809,75666,9608
2,1441724970,777,75666,9608
3,1441725015,9804,75666,9608
0,1442213079,9809,75667,9608
1,1442213101,777,75667,9608
2,1442213110,9804,75667,9608
0,1443196785,34960,75668,9608
1,1443196821,9809,75668,9608
2,1443196942,528,75668,9608
7,1440587545,232,75689,9612
9,1440587748,4126,75689,9612
11,1440587911,10935,75689,9612
14,1440588816,19,75689,9612
0,1441142391,1969,75690,9612
1,1441142512,9967,75690,9612
3,1441142667,1966,75690,9612
2,1442305704,1969,75691,9612
3,1442306670,22613,75691,9612
4,1442306789,1979,75691,9612
5,1442306911,16290,75691,9612
7,1442308060,1973,75691,9612
9,1442308266,6074,75691,9612
10,1442308533,6124,75691,9612
11,1442308583,6126,75691,9612
0,1442913969,1977,75692,9612
1,1442914107,1976,75692,9612
4,1442914555,21010,75692,9612
5,1442914732,12576,75692,9612
6,1442914774,16290,75692,9612
2,1444129905,2010,75693,9612
3,1444129982,2906,75693,9612
5,1444130557,22623,75693,9612
9,1444130830,10942,75693,9612
12,1444131058,1989,75693,9612
0,1445334208,246,75694,9612
1,1445334356,10955,75694,9612
3,1445334542,14646,75694,9612
4,1445334732,2010,75694,9612
5,1445334822,2002,75694,9612
6,1445335256,22635,75694,9612
0,1445338448,14645,75695,9612
2,1445338599,14647,75695,9612
4,1445338860,14646,75695,9612
5,1445339096,2000,75695,9612
8,1445339494,6134,75695,9612
9,1445339619,2001,75695,9612
1,1440399581,9,75733,9618
2,1440399587,12908,75733,9618
3,1440399716,4962,75733,9618
0,1441781390,3021,75740,9618
1,1441781403,90,75740,9618
2,1441781445,10657,75740,9618
3,1441781453,100,75740,9618
4,1441781465,18023,75740,9618
5,1441781473,1304,75740,9618
7,1441781551,3020,75740,9618
8,1441781562,9,75740,9618
9,1441781659,5083,75740,9618
10,1441781678,10341,75740,9618
0,1441956402,92,75741,9618
1,1441956403,2265,75741,9618
2,1441956428,8619,75741,9618
0,1442043298,90,75742,9618
1,1442043301,10657,75742,9618
2,1442043309,100,75742,9618
3,1442043316,9,75742,9618
5,1442043401,5083,75742,9618
6,1442043494,3980,75742,9618
8,1442043630,15117,75742,9618
9,1442043649,6104,75742,9618
0,1442602019,5083,75744,9618
1,1442602071,3980,75744,9618
2,1442602087,3983,75744,9618
0,1442925809,5083,75746,9618
1,1442925850,2265,75746,9618
2,1442925905,3983,75746,9618
0,1443062110,1304,75747,9618
1,1443062134,5083,75747,9618
2,1443062161,92,75747,9618
3,1443062290,2265,75747,9618
4,1443062302,220,75747,9618
5,1443062340,5056,75747,9618
6,1443062432,48,75747,9618
7,1443062537,39,75747,9618
9,1443062869,18027,75747,9618
0,1444758586,2318,75776,9621
1,1444758600,11672,75776,9621
12,1444759149,1047,75776,9621
13,1444759161,30673,75776,9621
0,1444902196,684,75777,9621
3,1444902228,741,75777,9621
7,1444902289,2318,75777,9621
12,1444902444,11672,75777,9621
15,1444902706,2484,75777,9621
19,1444902828,731,75777,9621
1,1444902877,6166,75777,9621
6,1444902949,2319,75777,9621
7,1444902978,2553,75777,9621
9,1444903020,2606,75777,9621
11,1444903061,3948,75777,9621
13,1444903098,718,75777,9621
14,1444903127,1671,75777,9621
6,1444996375,1047,75779,9621
8,1444996476,741,75779,9621
13,1444999409,11672,75779,9621
15,1445000346,2484,75779,9621
0,1445881576,2325,75780,9621
7,1445881822,10018,75780,9621
13,1445881984,5575,75780,9621
14,1445882023,2332,75780,9621
18,1445882153,6370,75780,9621
19,1445882165,10401,75780,9621
2,1446022392,731,75781,9621
3,1446022419,6166,75781,9621
7,1446023019,1669,75781,9621
8,1446023115,2319,75781,9621
10,1446023718,3948,75781,9621
11,1446023762,718,75781,9621
13,1446024723,18974,75781,9621
14,1446024908,19119,75781,9621
0,1443547108,1373,75992,9648
1,1443547111,2620,75992,9648
2,1443547145,11491,75992,9648
3,1443547211,4729,75992,9648
0,1444646405,11948,75993,9648
2,1444646505,24377,75993,9648
4,1444646828,11491,75993,9648
9,1444647400,6858,75993,9648
1,1444819629,6385,75995,9648
2,1444819674,8917,75995,9648
6,1444819772,24377,75995,9648
1,1441779430,3227,76038,9654
2,1441779449,9192,76038,9654
4,1441779476,4785,76038,9654
10,1441779677,3239,76038,9654
5,1442810946,997,76039,9654
8,1442810969,11549,76039,9654
9,1442810976,996,76039,9654
10,1442811004,7160,76039,9654
12,1442811016,3244,76039,9654
1,1444591482,4794,76042,9654
2,1444591493,5864,76042,9654
3,1444591522,5882,76042,9654
4,1444591571,5881,76042,9654
5,1444591591,4793,76042,9654
0,1444656225,3243,76043,9654
1,1444656302,5875,76043,9654
2,1444656530,4794,76043,9654
0,1443797712,1646,76069,9658
1,1443797758,2925,76069,9658
2,1443797816,4167,76069,9658
3,1443797895,2097,76069,9658
4,1443798096,34,76069,9658
5,1443798168,8780,76069,9658
6,1443798188,8790,76069,9658
7,1443798242,1139,76069,9658
0,1443976561,34,76070,9658
1,1443976585,2097,76070,9658
2,1443976651,1646,76070,9658
3,1443976944,7784,76070,9658
4,1443977827,2925,76070,9658
15,1444042918,7784,76071,9658
3,1444043327,13463,76071,9658
11,1444043694,4852,76071,9658
0,1442738887,1304,76264,9685
1,1442738925,8343,76264,9685
2,1442739084,9710,76264,9685
5,1442739234,15916,76264,9685
6,1442739243,42251,76264,9685
7,1442740249,652,76264,9685
0,1442764432,1304,76265,9685
2,1442764522,4750,76265,9685
4,1442764546,8343,76265,9685
5,1442764586,9710,76265,9685
6,1442764609,8131,76265,9685
7,1442764656,15916,76265,9685
8,1442764669,2336,76265,9685
10,1442764693,8658,76265,9685
11,1442764789,1944,76265,9685
12,1442764961,3983,76265,9685
16,1442765507,9183,76265,9685
0,1443181206,42251,76266,9685
1,1443181361,15916,76266,9685
2,1443181400,9183,76266,9685
0,1440526684,5312,76297,9689
1,1440526741,6908,76297,9689
2,1440526921,6912,76297,9689
3,1440526939,6906,76297,9689
4,1440527013,6907,76297,9689
5,1440527081,6909,76297,9689
6,1440527145,6910,76297,9689
7,1440527305,6913,76297,9689
8,1440527349,6914,76297,9689
9,1440527533,3008,76297,9689
10,1440527544,6915,76297,9689
11,1440527991,6669,76297,9689
0,1445857152,6917,76298,9689
1,1445857603,6919,76298,9689
2,1445857747,6916,76298,9689
0,1445861331,6922,76299,9689
1,1445861437,6921,76299,9689
2,1445861576,6916,76299,9689
3,1445861681,6920,76299,9689
0,1443043283,1939,76308,9691
2,1443043384,2454,76308,9691
4,1443043501,528,76308,9691
7,1443043725,1304,76308,9691
8,1443043780,3026,76308,9691
0,1443125226,11192,76309,9691
1,1443125280,7177,76309,9691
3,1443125429,7690,76309,9691
4,1443126674,3475,76309,9691
5,1443126734,36292,76309,9691
7,1443126901,7893,76309,9691
8,1443127015,7689,76309,9691
0,1444324062,10353,76310,9691
1,1444324396,1620,76310,9691
3,1444324881,4414,76310,9691
0,1441017464,7193,76390,9704
9,1441019031,1072,76390,9704
10,1441019132,21579,76390,9704
2,1441222577,7208,76393,9704
3,1441223589,256,76393,9704
4,1441224225,7210,76393,9704
10,1441227219,7193,76393,9704
2,1441644206,7605,76394,9704
5,1441644540,259,76394,9704
7,1441645385,9128,76394,9704
11,1441645893,7210,76394,9704
0,1442469827,17063,76495,9718
1,1442469921,1308,76495,9718
2,1442470080,43,76495,9718
0,1442562700,19022,76496,9718
1,1442562791,3053,76496,9718
2,1442562842,43,76496,9718
5,1445200277,3203,76500,9718
7,1445200347,5956,76500,9718
9,1445200490,3191,76500,9718
14,1445200771,58,76500,9718
17,1445200850,13971,76500,9718
18,1445200862,9476,76500,9718
19,1445200890,54,76500,9718
0,1445200994,9471,76500,9718
1,1445201116,15780,76500,9718
0,1441880854,4785,76584,9730
2,1441882463,32829,76584,9730
4,1441882550,8098,76584,9730
0,1442398602,20349,76588,9730
1,1442398663,5854,76588,9730
2,1442398720,5339,76588,9730
3,1442398723,22144,76588,9730
1,1443000627,992,76590,9730
2,1443000650,10749,76590,9730
5,1443000771,11549,76590,9730
6,1443001613,996,76590,9730
4,1441526103,16586,76705,9746
7,1441526501,1827,76705,9746
8,1441526724,8011,76705,9746
12,1441527285,14326,76705,9746
2,1443106184,7690,76708,9746
4,1443106447,7689,76708,9746
5,1443106533,1948,76708,9746
6,1443106562,7670,76708,9746
7,1443106589,7112,76708,9746
0,1444852754,689,76710,9746
1,1444853017,7130,76710,9746
2,1444853261,7573,76710,9746
0,1440580816,2336,76808,9762
1,1440580972,2984,76808,9762
2,1440581524,3016,76808,9762
3,1440581596,19,76808,9762
4,1440582663,37,76808,9762
0,1440658706,3016,76809,9762
2,1440658877,37,76809,9762
3,1440658883,528,76809,9762
4,1440659177,6115,76809,9762
5,1440659184,90,76809,9762
6,1440659315,3022,76809,9762
0,1441019376,170,76810,9762
2,1441019567,3022,76810,9762
3,1441019635,100,76810,9762
0,1441112374,3013,76811,9762
1,1441112386,5295,76811,9762
2,1441112478,3023,76811,9762
0,1443734805,24,76816,9762
1,1443734850,63,76816,9762
2,1443734890,11,76816,9762
0,1444381148,2984,76817,9762
1,1444381203,63,76817,9762
2,1444381272,10698,76817,9762
0,1442682054,3033,76821,9763
1,1442682164,2574,76821,9763
2,1442682239,5296,76821,9763
0,1443940683,1320,76822,9763
1,1443940750,2276,76822,9763
2,1443940792,3020,76822,9763
4,1443940854,3988,76822,9763
5,1443940961,12831,76822,9763
7,1443941845,20392,76822,9763
0,1445282033,1320,76824,9763
1,1445282141,2276,76824,9763
2,1445282204,5550,76824,9763
5,1445282797,12254,76824,9763
0,1445724003,1320,76825,9763
1,1445724013,2276,76825,9763
2,1445724109,14624,76825,9763
0,1441622758,24596,76841,9766
1,1441623068,18835,76841,9766
5,1441623216,33187,76841,9766
0,1443166355,18845,76846,9766
1,1443166399,9303,76846,9766
2,1443166401,4191,76846,9766
3,1443166406,9366,76846,9766
9,1443166954,5596,76846,9766
10,1443166960,8984,76846,9766
1,1443520563,8132,76847,9766
2,1443520582,22100,76847,9766
6,1443521121,4191,76847,9766
8,1443521128,1400,76847,9766
10,1443521142,7868,76847,9766
11,1443521153,8838,76847,9766
14,1443521174,5348,76847,9766
16,1443521227,5341,76847,9766
1,1443525529,8985,76848,9766
2,1443525538,8984,76848,9766
3,1443525542,18290,76848,9766
4,1443526225,8132,76848,9766
0,1443531955,15153,76849,9766
1,1443531966,730,76849,9766
2,1443531976,7120,76849,9766
3,1443531977,14803,76849,9766
1,1444134492,15869,76855,9766
2,1444135655,3647,76855,9766
4,1444135681,1344,76855,9766
9,1444137811,1251,76855,9766
0,1440409928,3016,76863,9767
1,1440409936,3963,76863,9767
3,1440409952,11235,76863,9767
4,1440409999,233,76863,9767
5,1440410014,36,76863,9767
0,1441641654,5507,76864,9767
1,1441641696,3252,76864,9767
2,1441641728,3253,76864,9767
3,1441641749,13705,76864,9767
0,1442480217,3033,76865,9767
1,1442480237,4130,76865,9767
3,1442480370,16955,76865,9767
4,1442480407,13733,76865,9767
8,1442480696,20628,76865,9767
11,1442480810,30770,76865,9767
12,1442480926,20195,76865,9767
0,1443451378,3058,76866,9767
1,1443451389,11,76866,9767
2,1443451399,4130,76866,9767
4,1443451495,9083,76866,9767
5,1443451497,2638,76866,9767
7,1443451618,3032,76866,9767
8,1443451640,17895,76866,9767
9,1443451665,5305,76866,9767
10,1443451906,25378,76866,9767
0,1443453896,4069,76913,9774
1,1443454134,4070,76913,9774
2,1443454552,4067,76913,9774
3,1443454611,4068,76913,9774
0,1444586451,4074,76914,9774
1,1444586658,4075,76914,9774
2,1444586708,4077,76914,9774
3,1444586821,3956,76914,9774
4,1444586891,4079,76914,9774
5,1444587024,4082,76914,9774
6,1444587672,4071,76914,9774
7,1444587733,1212,76914,9774
8,1444587823,4072,76914,9774
9,1444588017,4076,76914,9774
10,1444588140,4080,76914,9774
0,1444735526,4092,76915,9774
1,1444735612,4085,76915,9774
2,1444735664,4087,76915,9774
3,1444735799,4084,76915,9774
5,1444735949,4097,76915,9774
6,1444736054,4091,76915,9774
11,1444736308,4083,76915,9774
12,1444736476,4094,76915,9774
13,1444736680,4095,76915,9774
14,1444736715,4093,76915,9774
15,1444736716,4089,76915,9774
16,1444736823,4090,76915,9774
17,1444736906,4088,76915,9774
18,1444737043,4096,76915,9774
19,1444738404,8061,76915,9774
0,1445107251,4100,76916,9774
1,1445107304,4099,76916,9774
2,1445107870,3646,76916,9774
3,1445108168,4098,76916,9774
1,1445352657,4101,76917,9774
2,1445352781,4102,76917,9774
3,1445352878,300,76917,9774
1,1444429712,528,76997,9787
6,1444430265,7322,76997,9787
7,1444430310,2952,76997,9787
1,1444926680,1631,76998,9787
3,1444926736,662,76998,9787
5,1444926784,22397,76998,9787
7,1444926873,2953,76998,9787
17,1444928783,6698,76998,9787
19,1444928826,6699,76998,9787
1,1445099619,374,76999,9787
3,1445099782,1619,76999,9787
4,1445099787,6698,76999,9787
0,1441773949,228,77036,9792
1,1441774619,230,77036,9792
2,1441774974,229,77036,9792
0,1445009102,234,77037,9792
1,1445009252,240,77037,9792
2,1445009450,236,77037,9792
3,1445009511,238,77037,9792
4,1445010071,237,77037,9792
5,1445010155,239,77037,9792
0,1445274226,241,77038,9792
1,1445274614,237,77038,9792
2,1445275063,24323,77038,9792
3,1445275138,240,77038,9792
4,1445275598,242,77038,9792
0,1440181798,170,77059,9795
1,1440181821,90,77059,9795
2,1440181852,10657,77059,9795
4,1440181909,17883,77059,9795
2,1440476439,3472,77061,9795
4,1440476543,1723,77061,9795
9,1440477336,12909,77061,9795
12,1440477972,10001,77061,9795
14,1440478198,11235,77061,9795
15,1440478203,37,77061,9795
16,1440478382,3980,77061,9795
17,1440478463,5651,77061,9795
18,1440480210,2992,77061,9795
0,1440480552,2987,77061,9795
2,1440480744,4988,77061,9795
4,1440610388,17767,77062,9795
12,1440612528,1719,77062,9795
13,1440612742,12908,77062,9795
15,1440613075,9,77062,9795
16,1440613099,31082,77062,9795
0,1442997019,1432,77063,9795
1,1442997708,220,77063,9795
2,1442998605,1304,77063,9795
0,1443005139,3033,77064,9795
1,1443005150,5039,77064,9795
2,1443005226,5083,77064,9795
3,1443005308,3954,77064,9795
4,1443005456,2265,77064,9795
0,1445598050,27,77066,9795
1,1445598198,31,77066,9795
2,1445598316,474,77066,9795
3,1445598487,15,77066,9795
4,1445598582,4132,77066,9795
5,1445598631,3060,77066,9795
6,1445598752,5756,77066,9795
7,1445598818,1314,77066,9795
0,1446117142,3081,77067,9795
1,1446117206,7279,77067,9795
3,1446117316,4843,77067,9795
5,1446117423,2265,77067,9795
6,1446117581,3954,77067,9795
0,1442378055,7193,77141,9804
1,1442378132,1745,77141,9804
2,1442378195,13557,77141,9804
3,1442378252,21114,77141,9804
1,1442416740,5757,77142,9804
2,1442416862,2930,77142,9804
3,1442416900,20954,77142,9804
5,1442416956,7312,77142,9804
6,1442416969,1140,77142,9804
7,1442417016,3708,77142,9804
8,1442417070,8800,77142,9804
9,1442417070,3709,77142,9804
10,1442417080,3972,77142,9804
11,1442417105,3160,77142,9804
12,1442417121,7310,77142,9804
16,1442417269,3146,77142,9804
17,1442417290,24559,77142,9804
18,1442417299,21351,77142,9804
19,1442417308,3703,77142,9804
1,1442417341,8782,77142,9804
1,1442426267,5687,77144,9804
2,1442426280,2928,77144,9804
3,1442426322,5379,77144,9804
7,1442426365,939,77144,9804
10,1442426622,2308,77144,9804
0,1442674496,30130,77145,9804
2,1442674583,3972,77145,9804
3,1442674593,2926,77145,9804
4,1442674643,3160,77145,9804
5,1442674772,7310,77145,9804
7,1442674844,7308,77145,9804
8,1442674886,8782,77145,9804
9,1442674925,939,77145,9804
10,1442674934,5687,77145,9804
11,1442674947,20954,77145,9804
0,1442936499,14186,77146,9804
2,1442936546,4855,77146,9804
3,1442936608,2926,77146,9804
4,1442936661,8,77146,9804
5,1442936684,939,77146,9804
6,1442936704,7308,77146,9804
7,1442936729,3972,77146,9804
8,1442936759,7310,77146,9804
1,1443083777,1140,77147,9804
2,1443083865,2926,77147,9804
3,1443083923,8782,77147,9804
4,1443083969,2930,77147,9804
5,1443083997,8,77147,9804
6,1443084024,7193,77147,9804
7,1443084259,21114,77147,9804
8,1443084282,939,77147,9804
9,1443084325,7308,77147,9804
10,1443084352,3972,77147,9804
11,1443084365,3160,77147,9804
12,1443084435,7310,77147,9804
1,1443544910,272,77148,9804
3,1443545027,10023,77148,9804
5,1443545133,12050,77148,9804
14,1443545494,20959,77148,9804
18,1443545838,4255,77148,9804
0,1443545897,3721,77148,9804
1,1443545915,8738,77148,9804
2,1443545930,5394,77148,9804
9,1443546107,5389,77148,9804
10,1443546110,16395,77148,9804
11,1443546151,34513,77148,9804
15,1443546223,2302,77148,9804
0,1443701197,10023,77149,9804
1,1443701275,2530,77149,9804
7,1443701462,10214,77149,9804
1,1440781926,12750,77207,9813
2,1440781948,5963,77207,9813
3,1440781956,10570,77207,9813
4,1440781959,4676,77207,9813
5,1440781985,2930,77207,9813
1,1440853278,7303,77208,9813
4,1440854115,6872,77208,9813
5,1440854124,126,77208,9813
0,1442158235,4469,77211,9813
1,1442158243,10703,77211,9813
2,1442158250,2930,77211,9813
1,1441545534,10657,77302,9827
2,1441547074,1432,77302,9827
5,1441547254,1721,77302,9827
7,1441547496,12903,77302,9827
0,1442409179,108,77304,9827
1,1442409195,92,77304,9827
2,1442409594,4988,77304,9827
0,1442837902,1304,77306,9827
2,1442838247,2265,77306,9827
3,1442838287,220,77306,9827
4,1442838324,92,77306,9827
1,1445597532,5756,77308,9827
2,1445597589,17211,77308,9827
3,1445597617,6551,77308,9827
4,1445597645,6552,77308,9827
0,1443454796,4069,77327,9830
1,1443454852,4067,77327,9830
2,1443454911,4068,77327,9830
3,1443455034,4070,77327,9830
0,1444586472,4071,77328,9830
1,1444586708,4077,77328,9830
2,1444586833,1212,77328,9830
3,1444586891,4079,77328,9830
4,1444587024,4082,77328,9830
5,1444587240,4080,77328,9830
6,1444587351,4074,77328,9830
7,1444587476,4078,77328,9830
8,1444587523,4072,77328,9830
9,1444587558,4075,77328,9830
10,1444587586,4073,77328,9830
11,1444587717,4076,77328,9830
12,1444587721,3956,77328,9830
13,1444588219,4081,77328,9830
0,1444735332,4086,77329,9830
1,1444735526,4092,77329,9830
2,1444735612,4085,77329,9830
3,1444735780,4095,77329,9830
4,1444735799,4084,77329,9830
7,1444735949,4097,77329,9830
8,1444736054,4091,77329,9830
10,1444736114,6508,77329,9830
11,1444736608,4083,77329,9830
13,1444736823,4090,77329,9830
14,1444736906,4088,77329,9830
16,1444737016,4089,77329,9830
17,1444737043,4096,77329,9830
18,1444738704,8061,77329,9830
0,1445107004,4099,77330,9830
1,1445107251,4100,77330,9830
2,1445107870,3646,77330,9830
1,1445351881,4102,77331,9830
2,1445351978,300,77331,9830
3,1445352957,4101,77331,9830
2,1440162641,15713,77398,9840
3,1440162643,11815,77398,9840
7,1440162855,23751,77398,9840
8,1440162988,23242,77398,9840
0,1441311456,14937,77399,9840
1,1441311724,3026,77399,9840
2,1441311739,15713,77399,9840
3,1441311744,23242,77399,9840
4,1441311760,1815,77399,9840
5,1441311812,429,77399,9840
0,1441828455,29862,77400,9840
1,1441828672,13247,77400,9840
2,1441828733,12078,77400,9840
3,1441828993,3983,77400,9840
0,1442834911,14937,77401,9840
1,1442835518,546,77401,9840
5,1442835618,12078,77401,9840
8,1442836524,9219,77401,9840
10,1442836853,3033,77401,9840
11,1442836871,3020,77401,9840
12,1442836946,2952,77401,9840
13,1442836950,8977,77401,9840
14,1442837368,5765,77401,9840
0,1442920691,1304,77402,9840
2,1442920768,14803,77402,9840
4,1442920798,546,77402,9840
5,1442920817,8977,77402,9840
8,1442920854,23249,77402,9840
11,1442921077,6126,77402,9840
14,1442921274,4929,77402,9840
16,1442921620,9303,77402,9840
0,1443470209,14803,77403,9840
2,1443470255,1304,77403,9840
3,1443470324,12078,77403,9840
0,1440354795,1632,77525,9860
1,1440354851,2336,77525,9860
2,1440354915,2424,77525,9860
4,1440355007,3023,77525,9860
5,1440355035,172,77525,9860
0,1441691941,1815,77526,9860
1,1441691951,8343,77526,9860
2,1441692535,4405,77526,9860
0,1444369162,23248,77527,9860
1,1444369270,4071,77527,9860
2,1444369359,4269,77527,9860
0,1441181959,4995,77657,9880
6,1441183538,17883,77657,9880
8,1441183823,4996,77657,9880
1,1441346740,12396,77658,9880
4,1441348036,9122,77658,9880
6,1441348127,26871,77658,9880
10,1441349053,4996,77658,9880
0,1441601404,12396,77659,9880
1,1441601510,12903,77659,9880
2,1441601513,4995,77659,9880
1,1441604767,5036,77660,9880
2,1441604808,17889,77660,9880
3,1441604838,5049,77660,9880
7,1441605112,15110,77660,9880
0,1441799115,22620,77661,9880
1,1441799136,17889,77661,9880
2,1441799158,5036,77661,9880
3,1441799188,8569,77661,9880
4,1441799410,8619,77661,9880
6,1441799492,4996,77661,9880
7,1441800511,12935,77661,9880
0,1442206979,12396,77663,9880
7,1442209649,8619,77663,9880
11,1442209939,11,77663,9880
0,1442488537,12396,77665,9880
3,1442489001,8619,77665,9880
4,1442489033,5036,77665,9880
9,1442913588,8619,77666,9880
11,1442913736,5036,77666,9880
12,1442913792,5049,77666,9880
16,1442914168,12935,77666,9880
1,1443443553,18927,77667,9880
4,1443443752,18025,77667,9880
9,1443445377,4473,77667,9880
0,1440472614,11098,77699,9885
4,1440474195,7096,77699,9885
7,1440474516,3526,77699,9885
1,1441162704,3552,77702,9885
2,1441162826,924,77702,9885
4,1441162930,8761,77702,9885
6,1441163005,3474,77702,9885
8,1441163028,4407,77702,9885
10,1441163200,3546,77702,9885
11,1441163216,26768,77702,9885
12,1441163276,386,77702,9885
1,1441597460,23497,77704,9885
4,1441597547,129,77704,9885
6,1441597621,14358,77704,9885
0,1442586167,7649,77709,9885
2,1442587006,7653,77709,9885
4,1442587110,127,77709,9885
5,1442587157,14358,77709,9885
0,1442846198,36292,77712,9885
1,1442846299,16592,77712,9885
2,1442846351,17618,77712,9885
0,1443086370,2348,77715,9885
1,1443086377,148,77715,9885
3,1443086458,7893,77715,9885
0,1444279158,15239,77721,9885
4,1444279271,7277,77721,9885
5,1444279307,7275,77721,9885
7,1444279327,143,77721,9885
0,1444924197,3494,77724,9885
2,1444924290,7281,77724,9885
3,1444924346,7701,77724,9885
2,1445088067,12464,77726,9885
3,1445088070,4613,77726,9885
4,1445088114,7337,77726,9885
0,1444138838,1172,77745,9887
2,1444139016,3956,77745,9887
3,1444140580,34,77745,9887
0,1444914630,24659,77746,9887
1,1444914666,5695,77746,9887
2,1444914674,2928,77746,9887
0,1444970265,268,77747,9887
1,1444970444,282,77747,9887
2,1444970452,1041,77747,9887
1,1440683690,11793,77830,9899
2,1440683719,23750,77830,9899
4,1440684122,1767,77830,9899
7,1440684462,1773,77830,9899
2,1442736591,1079,77831,9899
9,1442737031,15336,77831,9899
13,1442737215,14075,77831,9899
15,1442737391,73,77831,9899
16,1442737515,8840,77831,9899
17,1442737591,1767,77831,9899
0,1442743148,15336,77832,9899
1,1442743237,14075,77832,9899
2,1442743339,73,77832,9899
3,1442743603,1079,77832,9899
0,1441178275,3018,77835,9900
1,1441178327,13247,77835,9900
2,1441178375,1304,77835,9900
4,1441178448,1308,77835,9900
5,1441178465,40,77835,9900
6,1441178508,13718,77835,9900
0,1442247802,50,77836,9900
2,1442247844,5671,77836,9900
3,1442247938,25787,77836,9900
0,1445864667,10,77837,9900
1,1445864792,1320,77837,9900
2,1445864843,3178,77837,9900
3,1445864873,2276,77837,9900
4,1445865054,7279,77837,9900
5,1445865098,3985,77837,9900
6,1445865128,11797,77837,9900
7,1445865157,4843,77837,9900
8,1445865257,1321,77837,9900
9,1445865308,15,77837,9900
3,1440573704,4836,77905,9907
6,1440573717,2568,77905,9907
8,1440573726,1632,77905,9907
9,1440573729,1139,77905,9907
10,1440573740,1815,77905,9907
14,1440574099,34,77905,9907
1,1441290069,34,77909,9907
2,1441290288,17606,77909,9907
3,1441290300,3467,77909,9907
4,1441290388,6869,77909,9907
7,1441290611,4408,77909,9907
8,1441290652,6871,77909,9907
0,1441954138,6185,77912,9907
4,1441955367,11333,77912,9907
5,1441955433,10786,77912,9907
7,1441955911,6180,77912,9907
0,1442775901,7449,77914,9907
1,1442776049,3949,77914,9907
2,1442776071,10786,77914,9907
6,1442776860,9305,77914,9907
0,1443168596,10786,77917,9907
1,1443168598,3949,77917,9907
7,1443169116,2785,77917,9907
10,1443169225,7444,77917,9907
14,1443169286,14213,77917,9907
16,1443169315,30095,77917,9907
0,1444064863,523,77920,9907
1,1444064882,7449,77920,9907
2,1444064906,1140,77920,9907
3,1444064923,10786,77920,9907
0,1444751830,17540,77923,9907
2,1444751884,5732,77923,9907
3,1444751892,9048,77923,9907
0,1443540896,4069,78119,9937
1,1443541011,4068,78119,9937
2,1443541134,4070,78119,9937
3,1443541252,4067,78119,9937
0,1444673124,4082,78120,9937
1,1444673291,4079,78120,9937
2,1444673358,4075,78120,9937
3,1444673640,4080,78120,9937
4,1444673772,4071,78120,9937
5,1444673833,1212,78120,9937
6,1444673876,4078,78120,9937
7,1444673923,4072,78120,9937
8,1444674008,4077,78120,9937
9,1444674121,3956,78120,9937
10,1444674417,4076,78120,9937
11,1444674619,4081,78120,9937
0,1444821626,4092,78121,9937
1,1444821732,4086,78121,9937
2,1444821880,4095,78121,9937
3,1444822049,4097,78121,9937
4,1444822108,4083,78121,9937
7,1444822516,4089,78121,9937
8,1444822799,4084,78121,9937
9,1444822814,6508,78121,9937
10,1444822815,4093,78121,9937
12,1444823176,4094,78121,9937
13,1444823306,4088,78121,9937
14,1444823443,4096,78121,9937
15,1444823523,4090,78121,9937
16,1444825104,8061,78121,9937
0,1445193370,3646,78122,9937
1,1445194268,4098,78122,9937
2,1445194551,4100,78122,9937
3,1445194604,4099,78122,9937
0,1445438157,4101,78123,9937
2,1445438578,4102,78123,9937
3,1445438978,300,78123,9937
1,1440594895,20392,78264,9958
2,1440594913,3016,78264,9958
3,1440594934,3970,78264,9958
0,1440949776,2988,78265,9958
1,1440949792,3970,78265,9958
2,1440949861,5635,78265,9958
7,1440949991,1646,78265,9958
8,1440950011,2336,78265,9958
10,1440951344,40,78265,9958
11,1440952897,20392,78265,9958
12,1440953089,7640,78265,9958
1,1441128918,27742,78266,9958
2,1441128982,14652,78266,9958
7,1441129253,3160,78266,9958
9,1441129323,50,78266,9958
2,1441651551,8,78270,9958
4,1441651643,6271,78270,9958
5,1441651660,185,78270,9958
0,1442760460,4839,78271,9958
1,1442761233,7324,78271,9958
2,1442761342,3033,78271,9958
2,1442992525,3020,78272,9958
4,1442992637,2276,78272,9958
5,1442992786,5630,78272,9958
6,1442992847,5670,78272,9958
1,1443464079,10,78274,9958
2,1443464353,1320,78274,9958
3,1443464548,15770,78274,9958
0,1443887701,2276,78275,9958
1,1443887754,24487,78275,9958
2,1443887781,4257,78275,9958
3,1443887851,10,78275,9958
0,1443975118,34,78276,9958
1,1443975194,2276,78276,9958
2,1443975253,1723,78276,9958
0,1440838089,3605,78280,9959
1,1440838103,10343,78280,9959
6,1440838890,11161,78280,9959
3,1441079993,20822,78281,9959
9,1441080174,4587,78281,9959
10,1441080225,3026,78281,9959
0,1442601136,34894,78284,9959
1,1442601174,282,78284,9959
3,1442601407,11913,78284,9959
4,1442601521,11902,78284,9959
2,1442758636,4189,78285,9959
4,1442759228,10517,78285,9959
5,1442759308,10141,78285,9959
9,1442760130,19385,78285,9959
0,1443362343,5244,78286,9959
1,1443362486,10159,78286,9959
3,1443362517,3147,78286,9959
3,1441608976,6859,78290,9960
5,1441609138,10777,78290,9960
6,1441610725,10771,78290,9960
7,1441610737,126,78290,9960
9,1441610799,22584,78290,9960
1,1441692869,12450,78291,9960
2,1441692894,11098,78291,9960
4,1441692999,3537,78291,9960
0,1444130979,5405,78292,9960
1,1444131027,7440,78292,9960
2,1444131380,3467,78292,9960
3,1444131412,3540,78292,9960
5,1444131600,7649,78292,9960
0,1441110132,21138,78308,9963
1,1441110211,2446,78308,9963
2,1441110259,33788,78308,9963
5,1441110574,36404,78308,9963
6,1441110737,528,78308,9963
7,1441111174,12676,78308,9963
0,1441694518,2999,78314,9963
3,1441694748,3026,78314,9963
4,1441694789,3986,78314,9963
5,1441694817,19,78314,9963
0,1442044144,2991,78316,9963
1,1442044167,4855,78316,9963
2,1442044310,3023,78316,9963
3,1442044358,172,78316,9963
4,1442044376,3982,78316,9963
5,1442044501,3017,78316,9963
1,1442855939,14,78320,9963
2,1442855990,3404,78320,9963
3,1442856024,13805,78320,9963
4,1442856065,3980,78320,9963
1,1441721281,2346,78359,9969
2,1441721359,165,78359,9969
4,1441721445,19217,78359,9969
0,1442338718,4415,78360,9969
1,1442339321,19217,78360,9969
2,1442339609,19066,78360,9969
0,1443617059,146,78363,9969
1,1443618116,2348,78363,9969
2,1443618182,7504,78363,9969
6,1443621512,146,78364,9969
9,1443621518,2348,78364,9969
11,1443621526,7504,78364,9969
1,1441367194,8840,78547,9991
2,1441367264,8597,78547,9991
5,1441367949,10238,78547,9991
8,1441368543,2563,78547,9991
0,1442155827,5220,78548,9991
2,1442156165,1934,78548,9991
4,1442156358,1931,78548,9991
1,1443114210,8840,78549,9991
2,1443114478,1650,78549,9991
4,1443115053,3112,78549,9991
5,1443116167,1934,78549,9991
0,1441820725,5648,78613,10001
1,1441820776,172,78613,10001
2,1441820792,6574,78613,10001
4,1441820895,101,78613,10001
6,1441820969,7191,78613,10001
7,1441821014,1308,78613,10001
8,1441821115,13718,78613,10001
10,1441821415,13962,78613,10001
14,1441821710,2308,78613,10001
15,1441821785,8219,78613,10001
0,1443349684,13,78615,10001
1,1443349698,6574,78615,10001
2,1443349725,1308,78615,10001
3,1443349836,2537,78615,10001
1,1443361813,8378,78616,10001
2,1443361841,4855,78616,10001
3,1443361983,1009,78616,10001
4,1443362014,2925,78616,10001
5,1443362117,2300,78616,10001
10,1443362747,2517,78616,10001
0,1440613021,6912,78648,10007
1,1440613033,3008,78648,10007
2,1440613113,6907,78648,10007
3,1440613153,6906,78648,10007
4,1440613449,6914,78648,10007
5,1440613644,6915,78648,10007
6,1440613767,6909,78648,10007
7,1440613845,6910,78648,10007
8,1440613885,6911,78648,10007
9,1440614305,6913,78648,10007
10,1440614391,6669,78648,10007
0,1445943103,6919,78649,10007
1,1445943474,6916,78649,10007
2,1445943639,6918,78649,10007
3,1445943646,6917,78649,10007
0,1445946776,6916,78650,10007
1,1445947781,6920,78650,10007
2,1445947837,6921,78650,10007
3,1445948031,6922,78650,10007
2,1443291751,280,78674,10011
5,1443292154,18902,78674,10011
8,1443292362,8205,78674,10011
9,1443292388,5524,78674,10011
10,1443292440,11823,78674,10011
13,1443292916,1167,78674,10011
0,1445164664,9083,78675,10011
1,1445164682,1181,78675,10011
2,1445164773,11823,78675,10011
2,1445276659,17540,78677,10011
3,1445276748,823,78677,10011
5,1445276880,1181,78677,10011
17,1445277438,5604,78677,10011
19,1445277909,25929,78677,10011
0,1445278011,39589,78677,10011
4,1445278479,5798,78677,10011
0,1441811253,10027,78796,10026
2,1441811334,5851,78796,10026
9,1441812097,9204,78796,10026
11,1441812246,47402,78796,10026
12,1441812680,25516,78796,10026
13,1441812702,3227,78796,10026
16,1441812762,11541,78796,10026
2,1442926209,5855,78801,10026
4,1442926301,7653,78801,10026
9,1442926498,8103,78801,10026
10,1442926585,3541,78801,10026
12,1442926741,4405,78801,10026
0,1442985434,10741,78802,10026
1,1442985483,429,78802,10026
2,1442985526,998,78802,10026
3,1442985538,993,78802,10026
4,1442985798,7160,78802,10026
5,1442985821,4405,78802,10026
8,1442986206,5859,78802,10026
1,1442995343,2458,78803,10026
2,1442995355,998,78803,10026
3,1442996054,6674,78803,10026
8,1442997317,7574,78803,10026
10,1442997485,7177,78803,10026
0,1444573234,3243,78805,10026
2,1444573339,11348,78805,10026
3,1444574321,5539,78805,10026
0,1442402845,9277,78813,10027
1,1442403608,14865,78813,10027
3,1442403970,28620,78813,10027
0,1444050059,1048,78814,10027
1,1444050111,1648,78814,10027
2,1444050296,724,78814,10027
1,1444057896,14865,78815,10027
2,1444058244,14016,78815,10027
3,1444059264,9307,78815,10027
4,1444059518,1048,78815,10027
0,1441521048,100,78940,10047
1,1441521060,10657,78940,10047
3,1441521088,18023,78940,10047
4,1441521094,3020,78940,10047
0,1444974472,17895,78947,10047
1,1444974475,3834,78947,10047
3,1444974479,48,78947,10047
1,1445986290,17896,78952,10047
2,1445986300,1321,78952,10047
3,1445986304,5100,78952,10047
0,1442341837,19317,79005,10054
2,1442341902,2783,79005,10054
4,1442341965,385,79005,10054
5,1442342159,924,79005,10054
1,1442345123,3119,79006,10054
4,1442346240,924,79006,10054
5,1442347081,7653,79006,10054
0,1443633392,1400,79008,10054
3,1443633436,2822,79008,10054
7,1443634360,132,79008,10054
8,1443634377,4414,79008,10054
9,1443634401,127,79008,10054
0,1443771659,19317,79009,10054
1,1443771746,2783,79009,10054
2,1443771791,385,79009,10054
3,1443772095,7651,79009,10054
5,1443772362,3119,79009,10054
7,1443772449,7653,79009,10054
0,1443796181,19317,79010,10054
1,1443796250,2783,79010,10054
2,1443796297,385,79010,10054
3,1443796532,7651,79010,10054
5,1443796710,3119,79010,10054
7,1443796778,7653,79010,10054
0,1443980997,127,79011,10054
2,1443981170,132,79011,10054
3,1443981178,4414,79011,10054
1,1444687700,132,79013,10054
2,1444687717,4414,79013,10054
12,1444689421,15234,79013,10054
0,1443367734,4070,79050,10059
1,1443368096,4069,79050,10059
2,1443368211,4068,79050,10059
3,1443368452,4067,79050,10059
0,1444500286,4073,79051,10059
1,1444500372,4071,79051,10059
2,1444500433,1212,79051,10059
3,1444500624,4082,79051,10059
4,1444500791,4079,79051,10059
5,1444500908,4077,79051,10059
6,1444501021,3956,79051,10059
7,1444501076,4078,79051,10059
8,1444501123,4072,79051,10059
9,1444501158,4075,79051,10059
10,1444501317,4076,79051,10059
11,1444501740,4080,79051,10059
12,1444501819,4081,79051,10059
0,1444649080,4095,79052,10059
1,1444649264,4087,79052,10059
2,1444649306,4088,79052,10059
3,1444649399,4084,79052,10059
5,1444649512,4085,79052,10059
7,1444649714,6508,79052,10059
12,1444649908,4083,79052,10059
13,1444649954,4091,79052,10059
14,1444650015,4093,79052,10059
15,1444650026,4092,79052,10059
16,1444650076,4094,79052,10059
17,1444650149,4097,79052,10059
18,1444650316,4089,79052,10059
19,1444650343,4096,79052,10059
0,1444650356,4090,79052,10059
1,1444652004,8061,79052,10059
0,1445020887,3646,79053,10059
1,1445021751,4100,79053,10059
2,1445021768,4098,79053,10059
3,1445021804,4099,79053,10059
0,1445265278,300,79054,10059
1,1445266257,4101,79054,10059
2,1445266678,4102,79054,10059
0,1443367434,4070,79310,10097
1,1443367496,4069,79310,10097
2,1443368211,4068,79310,10097
3,1443368452,4067,79310,10097
0,1444500308,4077,79311,10097
1,1444500417,4076,79311,10097
2,1444500586,4073,79311,10097
3,1444500624,4082,79311,10097
4,1444500919,4081,79311,10097
5,1444501033,1212,79311,10097
6,1444501076,4078,79311,10097
7,1444501123,4072,79311,10097
8,1444501251,4074,79311,10097
9,1444501272,4071,79311,10097
10,1444501391,4079,79311,10097
11,1444501440,4080,79311,10097
12,1444501458,4075,79311,10097
0,1444649054,4091,79312,10097
1,1444649099,4084,79312,10097
2,1444649114,6508,79312,10097
3,1444649115,4093,79312,10097
4,1444649126,4092,79312,10097
5,1444649232,4086,79312,10097
7,1444649476,4094,79312,10097
10,1444649864,4087,79312,10097
11,1444649908,4083,79312,10097
12,1444650112,4085,79312,10097
13,1444650149,4097,79312,10097
14,1444650206,4088,79312,10097
15,1444650280,4095,79312,10097
17,1444650326,4096,79312,10097
18,1444650584,4089,79312,10097
19,1444650656,4090,79312,10097
0,1445020604,4099,79313,10097
1,1445020868,4098,79313,10097
2,1445020870,3646,79313,10097
3,1445021451,4100,79313,10097
1,1445265578,300,79314,10097
2,1445265657,4101,79314,10097
3,1445266628,4102,79314,10097
2,1441466147,4130,79388,10106
3,1441466156,2854,79388,10106
4,1441466296,14180,79388,10106
5,1441466387,9204,79388,10106
6,1441466548,377,79388,10106
1,1441605823,2854,79390,10106
2,1441605831,1494,79390,10106
7,1441606357,377,79390,10106
8,1441606369,14180,79390,10106
0,1442033055,377,79393,10106
5,1442034095,3461,79393,10106
14,1442034244,33285,79393,10106
15,1442034313,6983,79393,10106
17,1442034497,14568,79393,10106
0,1443849860,431,79395,10106
2,1443849901,33285,79395,10106
4,1443849948,23370,79395,10106
1,1443882184,431,79396,10106
3,1443882290,21474,79396,10106
4,1443882294,23370,79396,10106
5,1443882306,33285,79396,10106
1,1443940821,431,79397,10106
2,1443940959,21474,79397,10106
4,1443940999,33285,79397,10106
5,1443941002,23370,79397,10106
0,1443982643,431,79398,10106
2,1443982704,21474,79398,10106
3,1443982719,23370,79398,10106
4,1443982719,33285,79398,10106
0,1444025891,431,79399,10106
1,1444025990,23370,79399,10106
3,1444026058,21474,79399,10106
5,1444026065,33285,79399,10106
0,1444114726,431,79400,10106
2,1444114870,23370,79400,10106
3,1444114871,21474,79400,10106
5,1444114878,33285,79400,10106
0,1444134122,431,79401,10106
2,1444134186,23370,79401,10106
3,1444134203,21474,79401,10106
5,1444134209,33285,79401,10106
3,1444204292,23370,79402,10106
5,1444204311,33285,79402,10106
6,1444204311,21474,79402,10106
1,1444245993,23370,79403,10106
2,1444245994,33285,79403,10106
4,1444245995,21474,79403,10106
2,1444283890,33285,79404,10106
3,1444283894,21474,79404,10106
4,1444283895,23370,79404,10106
0,1444325920,7501,79406,10106
1,1444325924,27763,79406,10106
2,1444325945,33285,79406,10106
3,1444325980,23370,79406,10106
4,1444325990,21474,79406,10106
0,1444370211,7501,79407,10106
1,1444370314,27763,79407,10106
2,1444370327,33285,79407,10106
4,1444370401,23370,79407,10106
5,1444370403,21474,79407,10106
0,1444466927,7501,79408,10106
1,1444466930,33285,79408,10106
2,1444467073,27763,79408,10106
5,1444467132,23370,79408,10106
8,1444467193,21474,79408,10106
0,1444545171,7501,79409,10106
1,1444545219,33285,79409,10106
2,1444545331,27763,79409,10106
3,1444545373,23370,79409,10106
4,1444545376,21474,79409,10106
1,1444571358,21346,79410,10106
2,1444571359,7501,79410,10106
6,1444571420,33285,79410,10106
7,1444571452,27763,79410,10106
9,1444571474,23370,79410,10106
10,1444571476,21474,79410,10106
1,1444629729,33285,79411,10106
3,1444629750,23370,79411,10106
4,1444629764,21474,79411,10106
5,1444629856,21346,79411,10106
6,1444629862,7501,79411,10106
10,1444629983,27763,79411,10106
0,1444646016,7501,79412,10106
1,1444646043,21474,79412,10106
2,1444646045,33285,79412,10106
5,1444646087,21346,79412,10106
7,1444646119,23370,79412,10106
10,1444646178,27763,79412,10106
0,1444730012,21346,79413,10106
2,1444730062,27763,79413,10106
3,1444730115,6858,79413,10106
4,1444730138,17632,79413,10106
1,1444802225,21346,79414,10106
2,1444802232,7501,79414,10106
3,1444802256,17632,79414,10106
4,1444802264,23370,79414,10106
5,1444802282,21474,79414,10106
1,1444841275,7501,79415,10106
2,1444841328,21346,79415,10106
3,1444841337,17632,79415,10106
4,1444841337,21474,79415,10106
5,1444841365,23370,79415,10106
0,1444847575,392,79416,10106
3,1444848525,13054,79416,10106
4,1444850170,19764,79416,10106
0,1444886579,21346,79417,10106
1,1444886584,21474,79417,10106
2,1444886593,23370,79417,10106
3,1444886595,17632,79417,10106
4,1444886602,19764,79417,10106
5,1444886625,7501,79417,10106
0,1444972846,17632,79418,10106
1,1444972851,21474,79418,10106
2,1444972864,21346,79418,10106
3,1444972916,7501,79418,10106
0,1444979459,17632,79419,10106
1,1444979476,21474,79419,10106
2,1444979480,21346,79419,10106
4,1444979554,7501,79419,10106
0,1445065021,21346,79421,10106
1,1445065022,7501,79421,10106
2,1445065042,26768,79421,10106
3,1445065044,17632,79421,10106
4,1445065051,21474,79421,10106
0,1445140081,7501,79422,10106
1,1445140106,21346,79422,10106
2,1445140118,21474,79422,10106
3,1445140132,17632,79422,10106
4,1445140149,26768,79422,10106
0,1445151439,7501,79423,10106
1,1445151470,21474,79423,10106
2,1445151472,21346,79423,10106
3,1445151473,17632,79423,10106
4,1445151501,26768,79423,10106
0,1445186598,7501,79424,10106
1,1445186692,21346,79424,10106
2,1445186709,26768,79424,10106
3,1445186726,21474,79424,10106
4,1445186732,17632,79424,10106
0,1445233712,7501,79425,10106
1,1445233925,21346,79425,10106
2,1445233957,26768,79425,10106
3,1445233969,21474,79425,10106
4,1445233970,17632,79425,10106
0,1445270428,7501,79426,10106
1,1445270493,21346,79426,10106
2,1445270510,26768,79426,10106
3,1445270514,21474,79426,10106
4,1445270523,17632,79426,10106
0,1445275205,7501,79427,10106
1,1445275322,21346,79427,10106
2,1445275366,26768,79427,10106
3,1445275379,17632,79427,10106
4,1445275382,21474,79427,10106
0,1445321055,7501,79428,10106
1,1445321252,21346,79428,10106
2,1445321261,26768,79428,10106
3,1445321277,21474,79428,10106
4,1445321295,17632,79428,10106
0,1445408836,7501,79429,10106
1,1445408878,21346,79429,10106
2,1445408889,26768,79429,10106
3,1445408903,21474,79429,10106
4,1445408911,17632,79429,10106
0,1445441439,7501,79431,10106
1,1445441506,21346,79431,10106
2,1445441529,17632,79431,10106
3,1445441531,26768,79431,10106
4,1445441542,21474,79431,10106
0,1445493229,7501,79432,10106
1,1445493254,21346,79432,10106
2,1445493313,26768,79432,10106
3,1445493343,21474,79432,10106
4,1445493352,17632,79432,10106
0,1445529986,7501,79434,10106
1,1445530020,21346,79434,10106
2,1445530088,21474,79434,10106
3,1445530089,26768,79434,10106
4,1445530131,17632,79434,10106
0,1445580891,7501,79435,10106
1,1445580915,21346,79435,10106
2,1445580923,26768,79435,10106
3,1445580926,21474,79435,10106
4,1445580929,17632,79435,10106
0,1445601564,7501,79436,10106
1,1445601569,21346,79436,10106
2,1445601583,21474,79436,10106
3,1445601584,26768,79436,10106
4,1445601623,17632,79436,10106
0,1445671877,26768,79437,10106
1,1445671880,17632,79437,10106
2,1445671899,21346,79437,10106
0,1445693193,17632,79438,10106
1,1445693262,7501,79438,10106
2,1445693285,21346,79438,10106
3,1445693297,26768,79438,10106
4,1445693328,21474,79438,10106
0,1441017847,8909,79464,10111
3,1441018261,5502,79464,10111
8,1441018453,13713,79464,10111
0,1441975012,5512,79465,10111
5,1441975221,2749,79465,10111
8,1441975258,3241,79465,10111
1,1442316006,7536,79466,10111
3,1442316065,5513,79466,10111
4,1442316181,6696,79466,10111
5,1442316968,19520,79466,10111
1,1443442208,6696,79468,10111
3,1443442255,1536,79468,10111
4,1443442326,18685,79468,10111
1,1440794389,170,79473,10112
2,1440794488,1721,79473,10112
4,1440794992,12291,79473,10112
1,1442139394,5083,79474,10112
2,1442139614,172,79474,10112
3,1442139811,185,79474,10112
0,1442935121,92,79475,10112
1,1442935163,9,79475,10112
3,1442935253,1304,79475,10112
0,1440398967,2239,79558,10123
2,1440399119,3527,79558,10123
5,1440399198,3526,79558,10123
0,1440405398,5859,79559,10123
1,1440405530,2783,79559,10123
2,1440407022,7903,79559,10123
3,1440407030,3526,79559,10123
7,1440407378,16588,79559,10123
2,1440441807,66,79561,10123
6,1440442392,2787,79561,10123
9,1440442570,2770,79561,10123
0,1440598423,3584,79563,10123
1,1440598509,14326,79563,10123
4,1440598797,8098,79563,10123
1,1440594716,7754,79635,10132
4,1440594951,1072,79635,10132
10,1440595728,1306,79635,10132
0,1440769319,10884,79636,10132
1,1440769352,7193,79636,10132
4,1440769490,12750,79636,10132
1,1441170020,3950,79637,10132
2,1441170135,256,79637,10132
3,1441170389,7087,79637,10132
0,1443029161,14981,79668,10137
1,1443029315,2969,79668,10137
2,1443029584,20877,79668,10137
1,1443618348,1320,79669,10137
4,1443618783,8378,79669,10137
6,1443619447,13,79669,10137
9,1443619697,17529,79669,10137
4,1443792598,17529,79670,10137
9,1443792856,10093,79670,10137
10,1443792881,2892,79670,10137
12,1443792929,17531,79670,10137
17,1443793266,14981,79670,10137
0,1444389033,1181,79671,10137
2,1444389255,11954,79671,10137
4,1444389464,6386,79671,10137
6,1444389648,6384,79671,10137
0,1443540534,4070,79736,10146
1,1443541011,4068,79736,10146
2,1443541196,4069,79736,10146
0,1444673151,4074,79737,10146
1,1444673221,3956,79737,10146
2,1444673233,1212,79737,10146
3,1444673358,4075,79737,10146
4,1444673386,4073,79737,10146
5,1444673772,4071,79737,10146
6,1444673876,4078,79737,10146
7,1444674117,4076,79737,10146
8,1444674223,4072,79737,10146
9,1444674240,4080,79737,10146
10,1444674319,4081,79737,10146
11,1444674324,4082,79737,10146
12,1444674491,4079,79737,10146
0,1444821614,6508,79738,10146
1,1444821764,4087,79738,10146
4,1444822312,4085,79738,10146
5,1444822349,4097,79738,10146
6,1444822454,4091,79738,10146
8,1444822526,4092,79738,10146
9,1444822632,4086,79738,10146
10,1444822708,4083,79738,10146
11,1444822780,4095,79738,10146
12,1444822799,4084,79738,10146
13,1444822815,4093,79738,10146
14,1444822876,4094,79738,10146
15,1444823116,4089,79738,10146
17,1444823143,4096,79738,10146
0,1444823223,4090,79738,10146
1,1444824204,8061,79738,10146
0,1445193368,4098,79739,10146
1,1445193704,4099,79739,10146
2,1445194287,3646,79739,10146
3,1445194551,4100,79739,10146
0,1445439178,4102,79740,10146
1,1445439278,300,79740,10146
2,1445439357,4101,79740,10146
0,1443795498,528,79787,10153
2,1443795610,1373,79787,10153
3,1443795651,3026,79787,10153
4,1443795729,4729,79787,10153
2,1443803124,14796,79788,10153
3,1443803195,10160,79788,10153
4,1443803246,7322,79788,10153
6,1443803329,12957,79788,10153
0,1444231389,528,79789,10153
1,1444231415,2638,79789,10153
2,1444231472,944,79789,10153
1,1444315808,4729,79790,10153
3,1444315852,35725,79790,10153
4,1444315983,2027,79790,10153
6,1444316254,6658,79790,10153
0,1442126236,8343,79801,10155
1,1442126273,8984,79801,10155
3,1442126554,8977,79801,10155
4,1442126788,1779,79801,10155
2,1442385821,546,79802,10155
5,1442385974,12082,79802,10155
6,1442386001,8977,79802,10155
0,1442418620,8977,79803,10155
1,1442418738,1779,79803,10155
4,1442419411,23248,79803,10155
7,1442420377,1151,79803,10155
1,1442606336,8997,79804,10155
2,1442606361,80,79804,10155
4,1442606514,8977,79804,10155
5,1442606521,1779,79804,10155
1,1444164366,19553,79809,10155
2,1444164401,665,79809,10155
4,1444164679,8978,79809,10155
0,1443367196,4069,79831,10159
1,1443367311,4068,79831,10159
2,1443367734,4070,79831,10159
3,1443368152,4067,79831,10159
0,1444500072,4071,79832,10159
1,1444500324,4082,79832,10159
2,1444500421,3956,79832,10159
3,1444500476,4078,79832,10159
4,1444500791,4079,79832,10159
5,1444500840,4080,79832,10159
6,1444500919,4081,79832,10159
7,1444500951,4074,79832,10159
8,1444501033,1212,79832,10159
9,1444501186,4073,79832,10159
10,1444501423,4072,79832,10159
0,1444648754,4091,79833,10159
1,1444648826,4092,79833,10159
2,1444649114,6508,79833,10159
3,1444649264,4087,79833,10159
4,1444649415,4093,79833,10159
8,1444649549,4097,79833,10159
11,1444649832,4086,79833,10159
12,1444649980,4095,79833,10159
13,1444650112,4085,79833,10159
14,1444650206,4088,79833,10159
15,1444650208,4083,79833,10159
16,1444650284,4089,79833,10159
17,1444650423,4090,79833,10159
18,1444650643,4096,79833,10159
0,1445020868,4098,79834,10159
1,1445021470,3646,79834,10159
2,1445021504,4099,79834,10159
0,1445265357,4101,79835,10159
2,1445265578,300,79835,10159
3,1445265778,4102,79835,10159
0,1440437783,874,79891,10164
2,1440438401,8966,79891,10164
9,1440439394,1815,79891,10164
0,1441129198,528,79892,10164
1,1441129211,122,79892,10164
2,1441129270,132,79892,10164
4,1441129452,874,79892,10164
5,1441129572,386,79892,10164
7,1441129890,115,79892,10164
0,1441800463,115,79893,10164
1,1441800533,132,79893,10164
2,1441800588,122,79893,10164
0,1441889287,115,79894,10164
1,1441889293,132,79894,10164
2,1441889397,122,79894,10164
1,1443430792,7651,79896,10164
3,1443430937,11192,79896,10164
6,1443431069,4412,79896,10164
7,1443431092,2348,79896,10164
9,1443431289,24834,79896,10164
0,1443541091,165,79897,10164
1,1443541130,4412,79897,10164
2,1443541759,4413,79897,10164
4,1443541895,4211,79897,10164
0,1444022044,528,79898,10164
1,1444022073,11654,79898,10164
3,1444022103,13805,79898,10164
5,1444022193,141,79898,10164
1,1444034599,4413,79899,10164
2,1444034711,14588,79899,10164
4,1444034912,20369,79899,10164
0,1445375528,22282,79900,10164
1,1445375555,149,79900,10164
3,1445375655,7659,79900,10164
4,1445375696,20369,79900,10164
5,1445375746,1946,79900,10164
6,1445376086,3071,79900,10164
8,1445376163,4418,79900,10164
9,1445376190,7696,79900,10164
11,1445376426,14851,79900,10164
13,1445376572,4591,79900,10164
3,1442808792,58200,79956,10170
4,1442808812,6261,79956,10170
6,1442808995,7777,79956,10170
0,1442894837,21662,79957,10170
3,1442895004,58200,79957,10170
4,1442895045,6261,79957,10170
1,1442981971,17330,79958,10170
5,1442982308,58200,79958,10170
6,1442982324,7777,79958,10170
3,1443587408,16487,79965,10170
4,1443587544,58200,79965,10170
5,1443587702,6261,79965,10170
2,1443673267,58200,79966,10170
4,1443673388,6261,79966,10170
5,1443673568,16955,79966,10170
6,1443673592,7777,79966,10170
1,1444197455,58200,79972,10170
2,1444197606,12105,79972,10170
3,1444197691,7777,79972,10170
1,1444547471,21662,79976,10170
4,1444547703,58200,79976,10170
6,1444547749,16955,79976,10170
2,1444629533,21662,79977,10170
4,1444629748,58200,79977,10170
6,1444629826,12105,79977,10170
7,1444630080,41944,79977,10170
9,1444630120,17330,79977,10170
2,1444715476,21662,79978,10170
4,1444715919,58200,79978,10170
7,1444716067,12105,79978,10170
8,1444716219,41944,79978,10170
1,1444805146,58200,79979,10170
3,1444805204,12105,79979,10170
5,1444805398,21662,79979,10170
7,1444805428,41944,79979,10170
8,1444805455,17330,79979,10170
10,1444805572,6261,79979,10170
0,1444889494,58200,79980,10170
2,1444889574,12105,79980,10170
4,1444889720,21662,79980,10170
7,1444889880,17330,79980,10170
8,1444889892,6261,79980,10170
12,1444890496,7769,79980,10170
13,1444890514,7777,79980,10170
0,1445068364,58200,79981,10170
1,1445068447,12105,79981,10170
2,1445068662,21662,79981,10170
0,1445149649,58200,79982,10170
1,1445149655,12105,79982,10170
2,1445149853,21662,79982,10170
3,1445149882,17330,79982,10170
5,1445150590,6261,79982,10170
0,1445233100,58200,79983,10170
1,1445233106,12105,79983,10170
2,1445233467,21662,79983,10170
3,1445233475,17330,79983,10170
0,1445319461,58200,79984,10170
1,1445319469,21662,79984,10170
2,1445319478,12105,79984,10170
3,1445319627,17330,79984,10170
6,1445319927,6261,79984,10170
7,1445319981,7769,79984,10170
0,1445408250,58200,79985,10170
1,1445408255,21662,79985,10170
2,1445408294,12105,79985,10170
3,1445408428,17330,79985,10170
7,1445409358,6261,79985,10170
0,1445494977,58200,79986,10170
1,1445494993,21662,79986,10170
2,1445495105,12105,79986,10170
3,1445495112,41944,79986,10170
4,1445495245,17330,79986,10170
0,1445582027,58200,79987,10170
1,1445582031,12105,79987,10170
2,1445582042,21662,79987,10170
3,1445582052,41944,79987,10170
4,1445582305,17330,79987,10170
0,1445668307,58200,79988,10170
1,1445668317,21662,79988,10170
2,1445668403,12105,79988,10170
3,1445668634,41944,79988,10170
4,1445668646,17330,79988,10170
0,1445755836,58200,79989,10170
2,1445755869,12105,79989,10170
3,1445756033,21662,79989,10170
4,1445756050,41944,79989,10170
6,1445756093,17330,79989,10170
12,1445756413,6261,79989,10170
13,1445756422,7769,79989,10170
14,1445756426,7777,79989,10170
0,1445839743,58200,79990,10170
1,1445839749,21662,79990,10170
2,1445839757,12105,79990,10170
5,1445839920,41944,79990,10170
8,1445840088,17330,79990,10170
11,1445840111,6261,79990,10170
0,1445925195,58200,79991,10170
1,1445925205,21662,79991,10170
3,1445925222,12105,79991,10170
4,1445925236,41944,79991,10170
6,1445925897,17330,79991,10170
10,1445926457,6261,79991,10170
0,1446013815,58200,79992,10170
1,1446013821,21662,79992,10170
3,1446013841,12105,79992,10170
4,1446013874,41944,79992,10170
6,1446014057,17330,79992,10170
3,1446098180,58200,79993,10170
4,1446098188,21662,79993,10170
5,1446098208,12105,79993,10170
6,1446098408,17330,79993,10170
1,1446186439,58200,79994,10170
2,1446186455,17330,79994,10170
4,1446186554,21662,79994,10170
6,1446186765,12105,79994,10170
10,1446187182,6261,79994,10170
11,1446187352,7769,79994,10170
1,1446531830,58200,79995,10170
2,1446531839,41944,79995,10170
6,1446532066,12105,79995,10170
0,1446617876,58200,79996,10170
2,1446617903,41944,79996,10170
5,1446618137,12105,79996,10170
0,1446704363,58200,79997,10170
1,1446704375,41944,79997,10170
6,1446704818,12105,79997,10170
0,1443986054,1436,80031,10174
2,1443986141,6074,80031,10174
3,1443986243,5058,80031,10174
0,1444039124,5058,80032,10174
2,1444039144,18605,80032,10174
5,1444039376,14,80032,10174
6,1444039437,11722,80032,10174
8,1444039513,194,80032,10174
11,1444040138,1436,80032,10174
14,1444040168,6074,80032,10174
15,1444040188,10455,80032,10174
0,1444379592,21048,80034,10174
2,1444379617,6578,80034,10174
3,1444379644,12963,80034,10174
5,1444379726,5058,80034,10174
7,1444379795,5064,80034,10174
8,1444379814,4957,80034,10174
0,1444559278,5058,80035,10174
2,1444559435,8617,80035,10174
4,1444559478,1725,80035,10174
7,1444559592,13440,80035,10174
0,1444831385,10455,80037,10174
1,1444831391,5064,80037,10174
2,1444831411,4957,80037,10174
3,1444831518,8617,80037,10174
4,1444831669,13440,80037,10174
6,1444831746,17897,80037,10174
0,1445671790,5058,80038,10174
1,1445671836,1400,80038,10174
8,1445672641,12312,80038,10174
9,1445673021,30319,80038,10174
11,1445673200,5106,80038,10174
12,1445673302,17897,80038,10174
15,1445673426,13440,80038,10174
16,1445673517,8617,80038,10174
17,1445673634,5064,80038,10174
2,1445673993,10238,80038,10174
3,1445674003,4130,80038,10174
6,1445674415,14482,80038,10174
0,1441816081,4405,80082,10179
2,1441816247,2596,80082,10179
3,1441816304,653,80082,10179
5,1441816459,7367,80082,10179
6,1441816528,17572,80082,10179
7,1441817134,17100,80082,10179
0,1442409858,546,80088,10179
2,1442411551,7635,80088,10179
3,1442411713,17572,80088,10179
0,1442917568,7879,80091,10179
1,1442917638,2860,80091,10179
2,1442917641,14803,80091,10179
3,1442918445,36292,80091,10179
4,1442918623,16592,80091,10179
6,1442918752,38525,80091,10179
7,1442918806,7108,80091,10179
3,1443004433,12575,80092,10179
5,1443004518,17572,80092,10179
6,1443004620,24834,80092,10179
7,1443004639,7120,80092,10179
9,1443004736,12450,80092,10179
1,1440077173,6536,80150,10186
3,1440077489,6210,80150,10186
5,1440077608,8901,80150,10186
1,1440253227,6536,80151,10186
3,1440253254,1815,80151,10186
5,1440253578,11839,80151,10186
1,1441823043,7536,80153,10186
2,1441823116,935,80153,10186
4,1441823262,15506,80153,10186
6,1441823298,8046,80153,10186
0,1442511569,9192,80156,10186
3,1442511731,3644,80156,10186
5,1442511811,935,80156,10186
0,1442942943,19674,80157,10186
3,1442943087,9758,80157,10186
4,1442943116,2711,80157,10186
5,1442943216,8046,80157,10186
6,1442943253,7160,80157,10186
0,1443290817,2620,80158,10186
1,1443290921,7214,80158,10186
3,1443291147,935,80158,10186
4,1443291243,6696,80158,10186
0,1443802326,2620,80159,10186
1,1443802432,5551,80159,10186
2,1443802622,935,80159,10186
3,1443802687,3961,80159,10186
0,1444250281,4785,80160,10186
1,1444250345,5543,80160,10186
2,1444250414,8811,80160,10186
4,1444250483,7359,80160,10186
6,1444250560,2621,80160,10186
1,1445097855,21277,80161,10186
3,1445098037,7936,80161,10186
4,1445098082,21346,80161,10186
5,1445098101,5998,80161,10186
6,1445098172,12190,80161,10186
8,1445098329,7359,80161,10186
9,1445098352,5543,80161,10186
11,1445098483,9210,80161,10186
13,1445098637,6770,80161,10186
0,1445575623,2665,80162,10186
1,1445575666,7214,80162,10186
2,1445575700,11744,80162,10186
4,1445575809,3259,80162,10186
5,1445575824,21277,80162,10186
6,1445575847,22014,80162,10186
7,1445575870,23782,80162,10186
4,1445883873,8046,80163,10186
5,1445883881,21346,80163,10186
6,1445883927,15978,80163,10186
0,1446063318,7214,80164,10186
1,1446063323,3259,80164,10186
2,1446063330,21277,80164,10186
3,1446063367,22014,80164,10186
5,1446063462,21346,80164,10186
7,1446063522,25643,80164,10186
0,1441281087,7766,80313,10206
1,1441281175,3430,80313,10206
2,1441281336,15450,80313,10206
3,1441282692,7768,80313,10206
0,1441809350,18497,80315,10206
1,1441809394,28624,80315,10206
2,1441809543,14016,80315,10206
0,1442500027,2321,80317,10206
1,1442500169,607,80317,10206
4,1442500274,3495,80317,10206
7,1442500449,12667,80317,10206
8,1442500473,8102,80317,10206
9,1442500486,13545,80317,10206
0,1440526684,5312,80407,10218
1,1440526921,6912,80407,10218
2,1440526933,3008,80407,10218
3,1440526939,6906,80407,10218
4,1440527005,6913,80407,10218
5,1440527391,6669,80407,10218
6,1440527445,6910,80407,10218
7,1440527485,6911,80407,10218
8,1440527613,6907,80407,10218
9,1440527641,6908,80407,10218
10,1440527981,6909,80407,10218
11,1440528144,6915,80407,10218
12,1440528249,6914,80407,10218
0,1445856946,6917,80408,10218
1,1445857003,6919,80408,10218
2,1445857674,6916,80408,10218
0,1445860405,6916,80409,10218
1,1445860781,6920,80409,10218
2,1445861737,6921,80409,10218
3,1443156512,17063,80419,10220
7,1443156829,50,80419,10220
8,1443156853,19022,80419,10220
9,1443156939,9451,80419,10220
10,1443156969,4732,80419,10220
12,1443156973,2866,80419,10220
13,1443156975,1656,80419,10220
14,1443156982,23869,80419,10220
16,1443157039,7073,80419,10220
17,1443157043,53,80419,10220
19,1443157266,58,80419,10220
0,1443157310,9482,80419,10220
3,1443616318,1304,80420,10220
4,1443616330,31322,80420,10220
5,1443616332,4732,80420,10220
3,1443618945,8,80421,10220
4,1443619077,2147,80421,10220
5,1443619083,3026,80421,10220
6,1443619086,19022,80421,10220
9,1443619236,15823,80421,10220
0,1441543404,130,80478,10229
1,1441543415,2587,80478,10229
2,1441543982,6859,80478,10229
1,1441650755,3430,80479,10229
2,1441650768,24021,80479,10229
6,1441651752,7768,80479,10229
8,1441651929,7766,80479,10229
3,1442856677,6731,80480,10229
6,1442856761,21280,80480,10229
9,1442857059,17339,80480,10229
0,1443172233,26,80481,10229
7,1443172373,1043,80481,10229
8,1443172397,273,80481,10229
0,1443367434,4070,80502,10231
1,1443367552,4067,80502,10231
2,1443368211,4068,80502,10231
0,1444500072,4071,80503,10231
1,1444500223,4072,80503,10231
2,1444500717,4076,80503,10231
3,1444500791,4079,80503,10231
4,1444500951,4074,80503,10231
5,1444501076,4078,80503,10231
6,1444501158,4075,80503,10231
7,1444501224,4082,80503,10231
8,1444501321,3956,80503,10231
9,1444501486,4073,80503,10231
10,1444501740,4080,80503,10231
0,1444649114,6508,80504,10231
1,1444649126,4092,80504,10231
2,1444649308,4083,80504,10231
4,1444649512,4085,80504,10231
5,1444649606,4088,80504,10231
6,1444649654,4091,80504,10231
7,1444649832,4086,80504,10231
8,1444649864,4087,80504,10231
9,1444650015,4093,80504,10231
10,1444650149,4097,80504,10231
11,1444650280,4095,80504,10231
12,1444650284,4089,80504,10231
13,1444650299,4084,80504,10231
16,1444650376,4094,80504,10231
18,1444650626,4096,80504,10231
19,1444650723,4090,80504,10231
0,1445020568,4098,80505,10231
1,1445021470,3646,80505,10231
2,1445021504,4099,80505,10231
3,1445021751,4100,80505,10231
0,1445265278,300,80506,10231
1,1445266257,4101,80506,10231
3,1445266378,4102,80506,10231
0,1444066227,11823,80585,10242
1,1444066239,6881,80585,10242
2,1444066267,7087,80585,10242
0,1445189914,5391,80586,10242
1,1445190004,7087,80586,10242
2,1445190010,34,80586,10242
0,1445543022,9337,80587,10242
1,1445543098,494,80587,10242
2,1445543165,1217,80587,10242
0,1446063774,29882,80589,10242
1,1446063810,3192,80589,10242
2,1446063821,9489,80589,10242
0,1444820258,14338,80658,10252
1,1444820395,13805,80658,10252
2,1444820539,1405,80658,10252
3,1444820740,1631,80658,10252
4,1444820744,4358,80658,10252
5,1444820745,662,80658,10252
6,1444820749,7509,80658,10252
5,1445881383,4419,80660,10252
8,1445881437,4358,80660,10252
9,1445881504,9926,80660,10252
10,1445881804,1671,80660,10252
11,1445882677,1631,80660,10252
1,1445885819,1671,80661,10252
3,1445886123,10018,80661,10252
4,1445886171,700,80661,10252
7,1445886307,4419,80661,10252
1,1440521193,2336,80689,10256
2,1440521199,14908,80689,10256
3,1440521240,3016,80689,10256
0,1441654287,15916,80690,10256
1,1441654342,1304,80690,10256
2,1441654485,2994,80690,10256
1,1442641593,2336,80691,10256
2,1442641663,1373,80691,10256
3,1442641716,1304,80691,10256
0,1445458726,7279,80692,10256
1,1445458786,2365,80692,10256
2,1445458827,11122,80692,10256
4,1445458939,14187,80692,10256
5,1445459019,4130,80692,10256
6,1445459046,4132,80692,10256
1,1446153624,11122,80693,10256
3,1446153737,8614,80693,10256
4,1446153762,3056,80693,10256
1,1442952668,5772,80865,10280
2,1442952711,9303,80865,10280
3,1442952713,15718,80865,10280
4,1442952849,80,80865,10280
6,1442952999,14803,80865,10280
7,1442953045,9305,80865,10280
10,1442953214,8840,80865,10280
11,1442953239,11043,80865,10280
15,1442953576,19532,80865,10280
16,1442953670,3026,80865,10280
17,1442953700,3966,80865,10280
18,1442953945,14393,80865,10280
0,1442954047,3430,80865,10280
2,1442954143,4191,80865,10280
5,1442954277,5764,80865,10280
6,1442954279,1405,80865,10280
7,1442954332,1287,80865,10280
0,1443074795,9303,80866,10280
7,1443075457,15716,80866,10280
9,1443075659,14393,80866,10280
0,1443158833,19820,80867,10280
1,1443158873,3033,80867,10280
2,1443158959,80,80867,10280
3,1443158993,12830,80867,10280
4,1443159266,12050,80867,10280
6,1443159411,18845,80867,10280
0,1444205634,38329,80872,10280
3,1444205701,9702,80872,10280
4,1444205763,9092,80872,10280
6,1444205917,8133,80872,10280
1,1444211444,8052,80873,10280
3,1444211670,38329,80873,10280
5,1444211778,10361,80873,10280
0,1445149503,4380,80878,10280
1,1445149599,9380,80878,10280
2,1445149732,6303,80878,10280
2,1440138141,24605,80884,10281
3,1440138153,1135,80884,10281
6,1440139185,3147,80884,10281
13,1443541386,8132,80887,10281
15,1443542897,5790,80887,10281
16,1443542906,1791,80887,10281
17,1443542934,5789,80887,10281
2,1443675333,10361,80888,10281
3,1443675335,9406,80888,10281
7,1443675496,5786,80888,10281
8,1443675513,5789,80888,10281
9,1443675523,1287,80888,10281
10,1443675536,10369,80888,10281
11,1443676951,14803,80888,10281
0,1444224760,5790,80892,10281
8,1444225108,1789,80892,10281
9,1444225110,12836,80892,10281
1,1444296428,19721,80893,10281
2,1444296448,4261,80893,10281
3,1444296472,2953,80893,10281
0,1444823252,11954,80895,10281
1,1444823255,4281,80895,10281
5,1444823316,5801,80895,10281
8,1444823366,23290,80895,10281
13,1444823501,25475,80895,10281
15,1444823754,5799,80895,10281
17,1444823760,4261,80895,10281
0,1444823817,10369,80895,10281
2,1444823940,9406,80895,10281
0,1445248798,41455,80898,10281
2,1445248807,4281,80898,10281
4,1445248875,15077,80898,10281
18,1445844967,22106,80901,10281
19,1445845006,5811,80901,10281
3,1445845096,35333,80901,10281
2,1445852987,322,80902,10281
5,1445853008,5799,80902,10281
6,1445853097,35333,80902,10281
3,1445868561,35333,80903,10281
4,1445868568,5811,80903,10281
5,1445868570,22106,80903,10281
8,1445868576,15077,80903,10281
9,1445868577,5806,80903,10281
0,1440613141,6908,80911,10282
1,1440613285,6911,80911,10282
2,1440613321,6912,80911,10282
3,1440613330,6906,80911,10282
4,1440613333,3008,80911,10282
5,1440613384,5312,80911,10282
6,1440613405,6913,80911,10282
7,1440613413,6907,80911,10282
8,1440613481,6909,80911,10282
9,1440613749,6914,80911,10282
10,1440614691,6669,80911,10282
11,1440614752,6910,80911,10282
12,1440614844,6915,80911,10282
0,1445943474,6916,80912,10282
1,1445943552,6917,80912,10282
2,1445944239,6918,80912,10282
3,1445944303,6919,80912,10282
0,1445947076,6916,80913,10282
1,1445947237,6921,80913,10282
2,1445947731,6922,80913,10282
0,1440440185,6911,80921,10284
1,1440440353,6906,80921,10284
2,1440440521,6912,80921,10284
3,1440440613,6907,80921,10284
4,1440440967,6909,80921,10284
5,1440441045,6910,80921,10284
6,1440441133,3008,80921,10284
7,1440441184,5312,80921,10284
8,1440441241,6908,80921,10284
9,1440441549,6914,80921,10284
10,1440442044,6915,80921,10284
0,1445770303,6919,80922,10284
1,1445770539,6918,80922,10284
2,1445770747,6916,80922,10284
3,1445771494,6917,80922,10284
0,1445774031,6922,80923,10284
1,1445774276,6916,80923,10284
2,1445774437,6921,80923,10284
3,1445774981,6920,80923,10284
1,1440566579,21542,81044,10303
3,1440566927,4405,81044,10303
4,1440566960,7632,81044,10303
0,1442993270,24834,81047,10303
1,1442994173,7120,81047,10303
2,1442994317,5391,81047,10303
1,1445606484,162,81049,10303
2,1445606634,7337,81049,10303
4,1445606795,14210,81049,10303
1,1440396297,528,81069,10306
4,1440396404,3022,81069,10306
5,1440396424,13247,81069,10306
0,1440746343,528,81070,10306
1,1440746381,3022,81070,10306
2,1440746386,13247,81070,10306
0,1442835478,3026,81072,10306
3,1442835506,122,81072,10306
5,1442835521,11062,81072,10306
0,1440440353,6906,81131,10317
1,1440440533,3008,81131,10317
2,1440440584,5312,81131,10317
3,1440440745,6910,81131,10317
4,1440441121,6912,81131,10317
5,1440441213,6907,81131,10317
6,1440441385,6911,81131,10317
7,1440441505,6913,81131,10317
8,1440441541,6908,81131,10317
9,1440441549,6914,81131,10317
10,1440441581,6909,81131,10317
11,1440441591,6669,81131,10317
12,1440442044,6915,81131,10317
0,1445770752,6917,81132,10317
1,1445771274,6916,81132,10317
2,1445771439,6918,81132,10317
3,1445771503,6919,81132,10317
0,1445773976,6916,81133,10317
1,1445774081,6920,81133,10317
2,1445774437,6921,81133,10317
3,1445774931,6922,81133,10317
0,1440768937,464,81157,10321
1,1440768955,1690,81157,10321
2,1440768983,3008,81157,10321
6,1440769080,4126,81157,10321
7,1440769089,232,81157,10321
10,1440769157,3001,81157,10321
12,1440769188,2989,81157,10321
15,1440769282,18267,81157,10321
0,1441257478,10929,81158,10321
3,1441257557,3001,81158,10321
5,1441257616,10923,81158,10321
9,1441257691,464,81158,10321
0,1442841943,1962,81164,10321
1,1442841944,6074,81164,10321
2,1442841962,1304,81164,10321
3,1442841965,3030,81164,10321
1,1440991896,14153,81284,10336
2,1440991913,21744,81284,10336
3,1440991969,10343,81284,10336
11,1440992201,1825,81284,10336
13,1440992435,3584,81284,10336
14,1440992469,19520,81284,10336
5,1442284417,3544,81286,10336
6,1442284461,1304,81286,10336
7,1442284471,3584,81286,10336
8,1442284523,19520,81286,10336
9,1442284609,6782,81286,10336
10,1442284670,2772,81286,10336
0,1442902842,1304,81288,10336
3,1442902968,3544,81288,10336
6,1442903052,14326,81288,10336
7,1442903162,16466,81288,10336
6,1440489854,7632,81358,10345
8,1440489878,4405,81358,10345
13,1440490059,3467,81358,10345
15,1440490167,11098,81358,10345
1,1440568904,8098,81359,10345
2,1440568941,21542,81359,10345
8,1440569155,115,81359,10345
10,1440569182,3537,81359,10345
12,1440569248,122,81359,10345
16,1440569332,11793,81359,10345
17,1440569339,132,81359,10345
1,1441010505,7635,81362,10345
5,1441010592,3544,81362,10345
6,1441010638,7087,81362,10345
8,1441010688,3456,81362,10345
1,1441184207,14,81365,10345
7,1441184317,3552,81365,10345
9,1441184397,924,81365,10345
1,1444110733,7177,81371,10345
3,1444110798,15225,81371,10345
6,1444110913,1196,81371,10345
8,1444110983,285,81371,10345
11,1444111089,396,81371,10345
14,1444111136,3486,81371,10345
15,1444111247,48,81371,10345
0,1445322831,15247,81374,10345
2,1445322929,5732,81374,10345
4,1445322990,7701,81374,10345
7,1445323062,396,81374,10345
9,1445323072,1196,81374,10345
13,1445323306,5702,81374,10345
2,1445334348,12464,81375,10345
4,1445334376,4413,81375,10345
18,1445334876,11200,81375,10345
0,1445334955,10262,81375,10345
5,1445335228,7130,81375,10345
6,1442465031,7209,81590,10376
7,1442465034,1505,81590,10376
8,1442465107,10882,81590,10376
9,1442465155,3382,81590,10376
13,1442465351,36243,81590,10376
0,1442906114,7317,81591,10376
1,1442906129,10884,81591,10376
2,1442906146,3708,81591,10376
0,1443416943,7317,81592,10376
1,1443416967,3708,81592,10376
2,1443416995,256,81592,10376
0,1444384224,12002,81669,10386
1,1444384374,1287,81669,10386
2,1444384384,14034,81669,10386
3,1444384395,21279,81669,10386
4,1444384500,19548,81669,10386
5,1444384525,12082,81669,10386
6,1444384530,18486,81669,10386
0,1444496860,1287,81670,10386
1,1444496881,14034,81670,10386
2,1444496891,19548,81670,10386
0,1445423153,4075,81671,10386
2,1445423178,19553,81671,10386
3,1445423242,8984,81671,10386
4,1445423246,14803,81671,10386
5,1445423683,23319,81671,10386
6,1445423690,11954,81671,10386
7,1445424357,15726,81671,10386
8,1445424560,24090,81671,10386
9,1445424600,35333,81671,10386
10,1445424656,22106,81671,10386
11,1445424683,5800,81671,10386
12,1445424899,5811,81671,10386
13,1445424910,5798,81671,10386
16,1445425070,10391,81671,10386
1,1445430761,10369,81672,10386
2,1445431462,27654,81672,10386
6,1445431670,1791,81672,10386
10,1445433188,5811,81672,10386
0,1446034690,5799,81673,10386
1,1446035120,25478,81673,10386
2,1446035133,17549,81673,10386
3,1446035136,11058,81673,10386
9,1446035407,22106,81673,10386
10,1446035427,23316,81673,10386
1,1440402689,11815,81875,10415
2,1440402693,15713,81875,10415
3,1440402707,13392,81875,10415
7,1440402809,7265,81875,10415
14,1440402885,19141,81875,10415
17,1440403001,3514,81875,10415
0,1440920576,19141,81876,10415
3,1440921091,1767,81876,10415
4,1440921151,23746,81876,10415
9,1440921215,8971,81876,10415
14,1440921692,32708,81876,10415
15,1440921712,11826,81876,10415
0,1441711355,73,81878,10415
3,1441711441,77,81878,10415
10,1441711528,8971,81878,10415
14,1441711610,23544,81878,10415
2,1441711828,1774,81878,10415
3,1441711889,29862,81878,10415
6,1441712940,19141,81878,10415
0,1442845459,1079,81880,10415
3,1442845606,15716,81880,10415
4,1442845614,15336,81880,10415
5,1442845655,4216,81880,10415
6,1442845693,1779,81880,10415
11,1442845957,77,81880,10415
13,1442846190,8971,81880,10415
1,1441704612,3038,81948,10425
2,1441704742,2965,81948,10425
3,1441704863,2988,81948,10425
0,1441811839,105,81949,10425
2,1441812034,43,81949,10425
3,1441812046,100,81949,10425
0,1442558048,11506,81952,10425
2,1442558095,172,81952,10425
3,1442558104,19022,81952,10425
4,1442558107,39,81952,10425
12,1442559180,3204,81952,10425
13,1442559193,12640,81952,10425
0,1442564357,23033,81953,10425
1,1442564371,3038,81953,10425
2,1442564446,1205,81953,10425
3,1442664871,6658,81954,10425
5,1442664904,29,81954,10425
6,1442664934,11,81954,10425
9,1442665346,92,81954,10425
0,1442993689,7073,81955,10425
1,1442993709,50,81955,10425
2,1442993940,5726,81955,10425
3,1442993944,20833,81955,10425
4,1442993951,6658,81955,10425
1,1444230325,5942,81960,10425
5,1444231212,7725,81960,10425
7,1444231399,3203,81960,10425
10,1444231592,6381,81960,10425
0,1444314237,11,81961,10425
1,1444314240,5304,81961,10425
2,1444314243,92,81961,10425
3,1444314246,3053,81961,10425
4,1444314488,9489,81961,10425
7,1444314586,63,81961,10425
9,1444314637,2265,81961,10425
2,1444655819,6085,81962,10425
3,1444655824,17839,81962,10425
5,1444655936,1683,81962,10425
8,1444656189,48,81962,10425
9,1444656214,3056,81962,10425
0,1442157738,90,82043,10436
1,1442157751,10657,82043,10436
2,1442157761,108,82043,10436
3,1442157795,1304,82043,10436
4,1442157870,3027,82043,10436
5,1442157897,19,82043,10436
6,1442157916,92,82043,10436
0,1442476616,92,82044,10436
1,1442476636,5069,82044,10436
2,1442476701,1491,82044,10436
3,1442476762,5039,82044,10436
0,1443350914,220,82045,10436
1,1443350941,9,82045,10436
2,1443351029,19350,82045,10436
0,1443513691,1304,82046,10436
1,1443513726,220,82046,10436
2,1443513838,12963,82046,10436
4,1440415219,3584,82090,10443
5,1440415235,4408,82090,10443
6,1440415363,2340,82090,10443
8,1440415487,10268,82090,10443
0,1440419207,10268,82091,10443
2,1440419247,18570,82091,10443
5,1440419596,16588,82091,10443
6,1440419819,429,82091,10443
0,1443424648,3112,82093,10443
1,1443424787,3475,82093,10443
2,1443425278,3481,82093,10443
4,1443425410,8103,82093,10443
6,1443425591,1948,82093,10443
7,1443425615,7104,82093,10443
9,1443425727,1939,82093,10443
11,1443426456,1934,82093,10443
1,1444141632,7130,82094,10443
2,1444141656,7127,82094,10443
4,1444141783,1948,82094,10443
1,1445258735,7133,82095,10443
2,1445258762,10262,82095,10443
3,1445258783,12466,82095,10443
6,1445259011,11200,82095,10443
7,1445259035,7121,82095,10443
8,1445259071,7110,82095,10443
9,1445259193,3481,82095,10443
10,1445259370,3494,82095,10443
11,1445259583,1946,82095,10443
12,1445259910,3112,82095,10443
16,1445260144,8103,82095,10443
17,1445260222,1934,82095,10443
0,1445413179,8103,82096,10443
1,1445413226,11088,82096,10443
2,1445413231,16654,82096,10443
3,1445413496,1934,82096,10443
5,1445413722,5236,82096,10443
7,1445413889,10262,82096,10443
0,1444888058,6385,82101,10444
1,1444888068,2928,82101,10444
2,1444888135,12190,82101,10444
3,1444888186,17418,82101,10444
4,1444888194,2276,82101,10444
0,1445285979,6385,82102,10444
1,1445285989,3160,82102,10444
2,1445286020,2928,82102,10444
3,1445286077,17418,82102,10444
4,1445286098,8270,82102,10444
5,1445286254,16447,82102,10444
6,1445286272,5686,82102,10444
7,1445286342,8780,82102,10444
8,1445286561,4460,82102,10444
0,1445592383,8270,82103,10444
1,1445592403,8780,82103,10444
2,1445592423,16447,82103,10444
3,1445592432,5686,82103,10444
1,1445626989,5379,82104,10444
2,1445627030,3703,82104,10444
5,1445627176,4460,82104,10444
6,1445627288,272,82104,10444
7,1445627474,14960,82104,10444
10,1445627641,3162,82104,10444
0,1443367252,4067,82177,10455
1,1443367611,4068,82177,10455
2,1443367734,4070,82177,10455
3,1443368396,4069,82177,10455
0,1444500133,1212,82178,10455
1,1444500476,4078,82178,10455
2,1444500523,4072,82178,10455
3,1444500586,4073,82178,10455
4,1444500624,4082,82178,10455
5,1444500972,4071,82178,10455
6,1444501021,3956,82178,10455
7,1444501158,4075,82178,10455
8,1444501208,4077,82178,10455
9,1444501691,4079,82178,10455
10,1444501740,4080,82178,10455
0,1444648814,6508,82179,10455
1,1444649054,4091,82179,10455
2,1444649099,4084,82179,10455
3,1444649232,4086,82179,10455
4,1444649249,4097,82179,10455
5,1444649380,4095,82179,10455
8,1444649476,4094,82179,10455
9,1444649606,4088,82179,10455
11,1444649726,4092,82179,10455
12,1444649743,4096,82179,10455
15,1444649864,4087,82179,10455
16,1444649908,4083,82179,10455
17,1444650112,4085,82179,10455
19,1444650316,4089,82179,10455
0,1444650423,4090,82179,10455
1,1444651404,8061,82179,10455
0,1445021451,4100,82180,10455
1,1445021468,4098,82180,10455
2,1445021504,4099,82180,10455
3,1445021770,3646,82180,10455
1,1445265657,4101,82181,10455
2,1445265728,4102,82181,10455
3,1445266178,300,82181,10455
0,1443171057,148,82260,10464
2,1443171151,3112,82260,10464
4,1443172465,7690,82260,10464
6,1443172511,7893,82260,10464
0,1443261223,7644,82261,10464
1,1443261568,11343,82261,10464
3,1443261709,7574,82261,10464
5,1443261771,36292,82261,10464
10,1443262110,7649,82261,10464
15,1443262352,431,82261,10464
17,1443263381,1943,82261,10464
0,1443263803,21155,82261,10464
1,1443264821,7893,82261,10464
2,1444245612,7275,82262,10464
4,1444246075,7488,82262,10464
6,1444246174,7512,82262,10464
9,1444246419,17496,82262,10464
10,1444246488,11654,82262,10464
12,1444246766,1943,82262,10464
13,1444246810,11343,82262,10464
0,1440247697,11823,82334,10473
3,1440250201,1074,82334,10473
5,1440250386,7640,82334,10473
8,1441345399,20390,82342,10473
10,1441345889,4672,82342,10473
12,1441347707,2787,82342,10473
0,1443172373,23607,82354,10473
1,1443172470,30095,82354,10473
3,1443172758,1914,82354,10473
0,1443665275,5665,82356,10473
3,1443665726,15836,82356,10473
4,1443665817,15828,82356,10473
1,1443766283,15823,82358,10473
2,1443766324,1307,82358,10473
3,1443766361,27044,82358,10473
0,1443871573,4416,82359,10473
1,1443871757,2589,82359,10473
6,1443874854,5665,82359,10473
7,1443876491,12833,82359,10473
14,1443877107,5604,82359,10473
0,1444032684,133,82360,10473
10,1444034612,266,82360,10473
11,1444034950,20944,82360,10473
0,1444289156,37521,82362,10473
6,1444289355,20971,82362,10473
7,1444289368,4257,82362,10473
8,1444289583,6506,82362,10473
12,1444290192,13019,82362,10473
17,1444290475,28194,82362,10473
0,1441475499,3246,82380,10475
1,1441475568,6035,82380,10475
2,1441475601,2711,82380,10475
0,1444037327,6002,82381,10475
3,1444037498,8812,82381,10475
4,1444037580,2677,82381,10475
2,1444738544,2681,82387,10475
3,1444738605,21328,82387,10475
4,1444738861,2694,82387,10475
0,1442425923,4408,82438,10482
2,1442426073,386,82438,10482
4,1442426127,3605,82438,10482
5,1442426166,14385,82438,10482
0,1442807543,1759,82440,10482
2,1442807679,1935,82440,10482
3,1442807745,1934,82440,10482
4,1442807771,1931,82440,10482
5,1442807834,1944,82440,10482
0,1443409632,3238,82441,10482
1,1443409694,14385,82441,10482
5,1443410045,7120,82441,10482
6,1443410135,16592,82441,10482
0,1444283229,7130,82443,10482
1,1444283324,7662,82443,10482
2,1444283422,1044,82443,10482
0,1440748581,9742,82538,10497
1,1440748585,58458,82538,10497
2,1440748587,58459,82538,10497
4,1440748635,50658,82538,10497
5,1440748641,58460,82538,10497
1,1440762859,58458,82539,10497
2,1440762859,9742,82539,10497
3,1440762863,58459,82539,10497
4,1440762866,50658,82539,10497
6,1440762866,58460,82539,10497
1,1440790652,9742,82540,10497
2,1440790652,58458,82540,10497
3,1440790659,58459,82540,10497
5,1440790663,50658,82540,10497
6,1440790665,58460,82540,10497
1,1440797871,9742,82541,10497
2,1440797871,58458,82541,10497
3,1440797872,58459,82541,10497
5,1440797880,50658,82541,10497
6,1440797884,58460,82541,10497
1,1440974912,58458,82542,10497
2,1440974912,58459,82542,10497
3,1440974912,9742,82542,10497
5,1440974916,58460,82542,10497
6,1440974918,50658,82542,10497
1,1441007694,9742,82543,10497
2,1441007698,58458,82543,10497
3,1441007699,58459,82543,10497
5,1441007702,58460,82543,10497
6,1441007702,50658,82543,10497
1,1441009587,9742,82544,10497
2,1441009587,58458,82544,10497
4,1441009588,58459,82544,10497
5,1441009589,58460,82544,10497
6,1441009589,50658,82544,10497
1,1441031397,9742,82545,10497
2,1441031399,58458,82545,10497
4,1441031401,58459,82545,10497
5,1441031402,50658,82545,10497
6,1441031404,58460,82545,10497
1,1441092076,9742,82546,10497
2,1441092077,58458,82546,10497
3,1441092077,58459,82546,10497
4,1441092078,50658,82546,10497
6,1441092082,58460,82546,10497
1,1441099302,9742,82547,10497
2,1441099302,58458,82547,10497
3,1441099306,58459,82547,10497
4,1441099308,50658,82547,10497
6,1441099309,58460,82547,10497
1,1441178102,9742,82548,10497
2,1441178104,58458,82548,10497
3,1441178107,58459,82548,10497
5,1441178108,50658,82548,10497
6,1441178109,58460,82548,10497
1,1441183669,9742,82549,10497
2,1441183672,58458,82549,10497
3,1441183675,58459,82549,10497
5,1441183676,50658,82549,10497
6,1441183687,58460,82549,10497
0,1441265159,9742,82550,10497
1,1441265163,58458,82550,10497
2,1441265164,58459,82550,10497
4,1441265170,58460,82550,10497
5,1441265171,50658,82550,10497
0,1441284966,9742,82551,10497
1,1441284968,58458,82551,10497
2,1441284971,58459,82551,10497
4,1441284973,50658,82551,10497
5,1441284973,58460,82551,10497
0,1441556971,58458,82552,10497
1,1441556971,9742,82552,10497
2,1441556973,58459,82552,10497
4,1441556975,58460,82552,10497
5,1441556975,50658,82552,10497
0,1441624798,9742,82553,10497
1,1441624804,58458,82553,10497
2,1441624805,58459,82553,10497
3,1441624809,50658,82553,10497
4,1441624810,58460,82553,10497
0,1441627270,9742,82554,10497
1,1441627272,58459,82554,10497
2,1441627272,58458,82554,10497
3,1441627274,50658,82554,10497
4,1441627276,58460,82554,10497
0,1441632837,9742,82555,10497
1,1441632839,58459,82555,10497
2,1441632839,58458,82555,10497
3,1441632841,50658,82555,10497
4,1441632841,58460,82555,10497
0,1441661067,9742,82556,10497
1,1441661070,58458,82556,10497
2,1441661073,58459,82556,10497
3,1441661073,50658,82556,10497
4,1441661077,58460,82556,10497
0,1441696650,9742,82557,10497
1,1441696651,58458,82557,10497
2,1441696655,58459,82557,10497
3,1441696658,58460,82557,10497
4,1441696658,50658,82557,10497
0,1441701342,9742,82558,10497
1,1441701347,58459,82558,10497
2,1441701347,58458,82558,10497
3,1441701349,58460,82558,10497
4,1441701349,50658,82558,10497
0,1441711214,58458,82559,10497
1,1441711215,58459,82559,10497
2,1441711217,50658,82559,10497
3,1441711217,58460,82559,10497
0,1441744789,58458,82560,10497
1,1441744792,50658,82560,10497
2,1441744793,58460,82560,10497
0,1441779793,58458,82561,10497
1,1441779794,50658,82561,10497
2,1441779798,58460,82561,10497
0,1441792926,58458,82562,10497
1,1441792935,50658,82562,10497
2,1441792938,58460,82562,10497
0,1441811633,58458,82563,10497
1,1441811637,50658,82563,10497
2,1441811638,58460,82563,10497
0,1441860947,58458,82564,10497
1,1441860949,50658,82564,10497
2,1441860953,58460,82564,10497
0,1441869352,58458,82565,10497
1,1441869353,50658,82565,10497
2,1441869354,58460,82565,10497
0,1441900292,58458,82566,10497
1,1441900294,50658,82566,10497
2,1441900295,58460,82566,10497
0,1441021147,2458,82652,10507
1,1441021185,20234,82652,10507
2,1441021218,9010,82652,10507
0,1442076519,185,82653,10507
2,1442076679,7463,82653,10507
3,1442076787,8427,82653,10507
6,1442078824,6126,82653,10507
0,1442924124,7463,82654,10507
2,1442925581,22620,82654,10507
3,1442926471,18213,82654,10507
0,1443173107,14568,82655,10507
1,1443173163,2638,82655,10507
2,1443173472,3636,82655,10507
0,1443439919,14568,82656,10507
1,1443440004,2027,82656,10507
2,1443440057,2638,82656,10507
3,1443440229,3872,82656,10507
1,1444158573,2860,82658,10507
3,1444158740,243,82658,10507
4,1444158898,14603,82658,10507
0,1440440233,3008,82686,10512
1,1440440353,6906,82686,10512
2,1440440521,6912,82686,10512
3,1440440584,5312,82686,10512
4,1440440681,6909,82686,10512
5,1440441213,6907,82686,10512
6,1440441385,6911,82686,10512
7,1440441505,6913,82686,10512
8,1440441541,6908,82686,10512
9,1440441591,6669,82686,10512
10,1440441652,6910,82686,10512
11,1440441849,6914,82686,10512
0,1445770303,6919,82687,10512
1,1445770546,6917,82687,10512
2,1445770747,6916,82687,10512
3,1445771439,6918,82687,10512
0,1445774005,6916,82688,10512
1,1445774331,6922,82688,10512
2,1445774981,6920,82688,10512
3,1445775337,6921,82688,10512
0,1442330256,3026,82768,10523
1,1442330276,13805,82768,10523
2,1442330313,1304,82768,10523
3,1442330363,8966,82768,10523
4,1442331319,632,82768,10523
5,1442331432,7668,82768,10523
6,1442331464,1944,82768,10523
7,1442331554,2147,82768,10523
0,1442670385,15718,82769,10523
1,1442670457,12837,82769,10523
2,1442670779,6050,82769,10523
1,1443274473,13805,82771,10523
7,1443274694,3033,82771,10523
8,1443274765,8977,82771,10523
11,1443275380,4358,82771,10523
14,1443275752,5426,82771,10523
1,1441638217,533,82824,10527
3,1441638271,30708,82824,10527
4,1441638275,31262,82824,10527
6,1441638280,7557,82824,10527
8,1441638307,3422,82824,10527
0,1441699169,3422,82825,10527
1,1441699178,533,82825,10527
3,1441699199,30708,82825,10527
5,1441699203,7557,82825,10527
0,1441785955,533,82826,10527
2,1441785971,30708,82826,10527
3,1441785980,3422,82826,10527
4,1441785980,7557,82826,10527
0,1441868011,533,82827,10527
2,1441868025,30708,82827,10527
4,1441868032,3422,82827,10527
5,1441868035,7557,82827,10527
0,1441963073,533,82828,10527
1,1441963077,30708,82828,10527
4,1441963081,7557,82828,10527
5,1441963084,3422,82828,10527
0,1442134151,533,82829,10527
2,1442134161,30708,82829,10527
4,1442134180,7557,82829,10527
5,1442134183,3422,82829,10527
0,1442209954,533,82830,10527
1,1442209960,30708,82830,10527
3,1442209963,7557,82830,10527
0,1442305164,533,82831,10527
2,1442305188,30708,82831,10527
3,1442305191,7557,82831,10527
0,1442484124,533,82832,10527
1,1442484127,30708,82832,10527
3,1442484132,7557,82832,10527
0,1442561570,533,82833,10527
2,1442561572,30708,82833,10527
3,1442561576,7557,82833,10527
0,1442656029,533,82834,10527
2,1442656042,30708,82834,10527
3,1442656047,7557,82834,10527
0,1441794891,14652,82850,10529
1,1441794907,11838,82850,10529
2,1441794913,936,82850,10529
3,1441795395,3461,82850,10529
6,1441795539,35313,82850,10529
0,1442819143,1635,82852,10529
1,1442819227,13,82852,10529
2,1442819233,20937,82852,10529
5,1442819303,6440,82852,10529
6,1442819315,7087,82852,10529
0,1445321247,2711,82855,10529
2,1445321270,13977,82855,10529
4,1445321319,10688,82855,10529
1,1440957239,90,82860,10530
5,1440957375,4962,82860,10530
7,1440957475,2996,82860,10530
0,1441946788,3980,82861,10530
1,1441946800,100,82861,10530
2,1441946808,1304,82861,10530
3,1441946855,8,82861,10530
4,1441946932,10341,82861,10530
5,1441946959,10657,82861,10530
0,1443298159,1139,82862,10530
1,1443298177,220,82862,10530
2,1443298188,5083,82862,10530
3,1443298232,11,82862,10530
4,1443298338,8,82862,10530
5,1443298451,9,82862,10530
7,1443298508,19206,82862,10530
0,1441559763,6074,82969,10542
3,1441559847,9083,82969,10542
4,1441559929,246,82969,10542
6,1441560080,41,82969,10542
8,1441560312,14093,82969,10542
0,1441977120,528,82970,10542
1,1441977194,4128,82970,10542
2,1441977329,8658,82970,10542
3,1441977410,170,82970,10542
6,1441977526,246,82970,10542
7,1441977532,6074,82970,10542
0,1443191806,3028,82971,10542
1,1443191877,50,82971,10542
2,1443191914,1640,82971,10542
0,1440440185,6911,83125,10565
1,1440440284,5312,83125,10565
2,1440440533,3008,83125,10565
3,1440440557,6906,83125,10565
4,1440440613,6907,83125,10565
5,1440440745,6910,83125,10565
6,1440440949,6914,83125,10565
7,1440440967,6909,83125,10565
8,1440441144,6915,83125,10565
9,1440441241,6908,83125,10565
10,1440441421,6912,83125,10565
11,1440441505,6913,83125,10565
12,1440441891,6669,83125,10565
0,1445770303,6919,83126,10565
1,1445770539,6918,83126,10565
2,1445770752,6917,83126,10565
3,1445771647,6916,83126,10565
0,1445774305,6916,83127,10565
1,1445774381,6920,83127,10565
2,1445774437,6921,83127,10565
3,1445774931,6922,83127,10565
0,1441675935,42204,83322,10594
3,1441676446,10170,83322,10594
4,1441676669,22584,83322,10594
1,1443673158,1009,83324,10594
4,1443673281,3146,83324,10594
5,1443673289,1304,83324,10594
6,1443673503,1307,83324,10594
8,1443673729,8640,83324,10594
10,1443673953,14186,83324,10594
0,1444061541,523,83325,10594
1,1444061650,3160,83325,10594
4,1444061814,14186,83325,10594
0,1442227933,3146,83427,10608
3,1442229433,1637,83427,10608
4,1442229536,8427,83427,10608
0,1442582025,3033,83429,10608
1,1442582035,3146,83429,10608
3,1442582262,5787,83429,10608
5,1442582387,1637,83429,10608
1,1442986453,11161,83432,10608
2,1442986473,3147,83432,10608
4,1442986495,16433,83432,10608
0,1443083879,1163,83434,10608
1,1443083896,1723,83434,10608
2,1443083903,3146,83434,10608
3,1443083925,3975,83434,10608
5,1443084037,8990,83434,10608
0,1443182718,1311,83436,10608
1,1443182725,3033,83436,10608
2,1443182748,3146,83436,10608
0,1444152637,1646,83441,10608
1,1444152650,3975,83441,10608
2,1444152753,2276,83441,10608
0,1444741272,9426,83444,10608
2,1444741304,2213,83444,10608
3,1444741534,9406,83444,10608
6,1444743200,6379,83444,10608
2,1445432352,14208,83448,10608
3,1445432368,1322,83448,10608
9,1445434896,15077,83448,10608
1,1446110898,17549,83449,10608
3,1446111088,23922,83449,10608
5,1446111174,8992,83449,10608
3,1440362354,28776,83458,10610
4,1440363278,7539,83458,10610
5,1440363331,21138,83458,10610
0,1440498744,23191,83459,10610
6,1440500487,1039,83459,10610
7,1440501951,28776,83459,10610
0,1441828495,11985,83460,10610
1,1441829916,17004,83460,10610
3,1441830213,7426,83460,10610
5,1441830246,172,83460,10610
7,1441831080,6440,83460,10610
10,1441831266,8121,83460,10610
0,1442288487,23194,83464,10610
1,1442288661,170,83464,10610
2,1442288676,1723,83464,10610
0,1442325048,23194,83465,10610
1,1442325113,1723,83465,10610
3,1442325136,7426,83465,10610
0,1442912460,28776,83469,10610
3,1442912898,302,83469,10610
4,1442912901,5703,83469,10610
5,1442912906,10570,83469,10610
8,1442912933,1652,83469,10610
9,1442912938,22046,83469,10610
10,1442912962,22037,83469,10610
11,1442912978,8115,83469,10610
13,1442912986,12304,83469,10610
0,1442987291,9021,83470,10610
2,1442987363,2596,83470,10610
4,1442987465,2342,83470,10610
2,1442992432,302,83471,10610
3,1442992455,5703,83471,10610
8,1442994505,13545,83471,10610
10,1442994653,13549,83471,10610
13,1442995147,1650,83471,10610
0,1443365600,28776,83474,10610
2,1443365684,5703,83474,10610
4,1443365767,302,83474,10610
1,1443723513,528,83476,10610
2,1443723523,7426,83476,10610
3,1443723526,4451,83476,10610
5,1443723541,23194,83476,10610
6,1443723544,8,83476,10610
7,1443723588,14568,83476,10610
8,1443723592,1146,83476,10610
0,1442395548,21346,83593,10625
1,1442395580,25516,83593,10625
2,1442395643,2346,83593,10625
7,1442396228,7309,83593,10625
0,1443760178,1304,83595,10625
1,1443760247,2346,83595,10625
2,1443760295,8,83595,10625
0,1444241255,63,83597,10625
1,1444241360,8,83597,10625
2,1444241385,1320,83597,10625
3,1444241415,34,83597,10625
4,1444241431,7,83597,10625
5,1444241998,3260,83597,10625
0,1444846271,7,83598,10625
1,1444846292,1139,83598,10625
2,1444846302,5671,83598,10625
3,1444846391,6658,83598,10625
0,1441560031,3983,83644,10631
1,1441560151,1139,83644,10631
2,1441560166,2999,83644,10631
3,1441560211,13247,83644,10631
6,1441560334,3022,83644,10631
9,1441560397,40,83644,10631
10,1441560486,19820,83644,10631
0,1444313513,3028,83645,10631
1,1444313552,3031,83645,10631
2,1444313606,2097,83645,10631
3,1444313628,92,83645,10631
0,1445283288,3028,83646,10631
1,1445283349,24,83646,10631
2,1445283470,3962,83646,10631
0,1443367196,4069,83725,10643
1,1443368152,4067,83725,10643
2,1443368211,4068,83725,10643
3,1443368334,4070,83725,10643
0,1444500008,4077,83726,10643
1,1444500051,4074,83726,10643
2,1444500176,4078,83726,10643
3,1444500258,4075,83726,10643
4,1444500421,3956,83726,10643
5,1444500540,4080,83726,10643
6,1444500586,4073,83726,10643
7,1444500624,4082,83726,10643
8,1444500972,4071,83726,10643
9,1444501123,4072,83726,10643
10,1444501333,1212,83726,10643
11,1444501391,4079,83726,10643
12,1444501519,4081,83726,10643
0,1444648814,6508,83727,10643
1,1444648932,4086,83727,10643
2,1444649008,4083,83727,10643
3,1444649212,4085,83727,10643
4,1444649380,4095,83727,10643
5,1444649415,4093,83727,10643
8,1444649549,4097,83727,10643
9,1444649654,4091,83727,10643
12,1444649864,4087,83727,10643
13,1444650026,4092,83727,10643
14,1444650299,4084,83727,10643
17,1444650343,4096,83727,10643
18,1444650376,4094,83727,10643
19,1444650506,4088,83727,10643
0,1444650584,4089,83727,10643
1,1444650656,4090,83727,10643
2,1444652004,8061,83727,10643
0,1445020887,3646,83728,10643
1,1445020904,4099,83728,10643
2,1445021468,4098,83728,10643
3,1445021751,4100,83728,10643
1,1445265657,4101,83729,10643
2,1445265728,4102,83729,10643
3,1445266478,300,83729,10643
0,1440419362,3027,83768,10649
1,1440419424,3986,83768,10649
3,1440419482,10001,83768,10649
5,1440419526,11235,83768,10649
2,1440664232,464,83769,10649
4,1440664598,10664,83769,10649
7,1440664698,12043,83769,10649
2,1442834124,1656,83770,10649
3,1442834201,1432,83770,10649
4,1442834204,23,83770,10649
5,1442834207,1640,83770,10649
6,1442834263,3030,83770,10649
0,1443415937,10,83773,10649
1,1443415946,3986,83773,10649
2,1443416068,5,83773,10649
0,1443587370,2147,83774,10649
1,1443587373,1304,83774,10649
5,1443587626,4358,83774,10649
0,1444113356,10,83776,10649
2,1444113442,11065,83776,10649
3,1444113523,3834,83776,10649
0,1442478355,1825,83798,10653
1,1442478361,35969,83798,10653
2,1442478371,9096,83798,10653
3,1442478376,3759,83798,10653
0,1442841739,6285,83799,10653
2,1442841755,35969,83799,10653
3,1442841761,9098,83799,10653
4,1442841771,3617,83799,10653
5,1442841777,3450,83799,10653
8,1442841801,9276,83799,10653
9,1442842182,3629,83799,10653
11,1442842599,1825,83799,10653
3,1442844747,9276,83800,10653
4,1442845256,4929,83800,10653
9,1442846455,9287,83800,10653
11,1442846579,1834,83800,10653
0,1440576341,7187,83843,10659
1,1440576345,19933,83843,10659
2,1440576424,3688,83843,10659
3,1440576442,2990,83843,10659
4,1440576780,5671,83843,10659
0,1442920551,27930,83844,10659
2,1442920647,16382,83844,10659
3,1442920655,3213,83844,10659
5,1442920723,12934,83844,10659
6,1442921500,5659,83844,10659
0,1444045196,2929,83845,10659
1,1444045462,16382,83845,10659
2,1444045579,2852,83845,10659
7,1444045979,8481,83845,10659
10,1444046149,7335,83845,10659
12,1444046588,12934,83845,10659
13,1444046612,5659,83845,10659
0,1440440185,6911,83962,10675
1,1440440284,5312,83962,10675
2,1440440341,6908,83962,10675
3,1440440521,6912,83962,10675
4,1440440613,6907,83962,10675
5,1440440804,6906,83962,10675
6,1440440905,6913,83962,10675
7,1440441591,6669,83962,10675
8,1440441744,6915,83962,10675
9,1440441881,6909,83962,10675
10,1440441945,6910,83962,10675
0,1445770539,6918,83963,10675
1,1445770546,6917,83963,10675
2,1445770747,6916,83963,10675
3,1445771503,6919,83963,10675
0,1445774081,6920,83964,10675
1,1445775176,6916,83964,10675
2,1445775231,6922,83964,10675
3,1445775337,6921,83964,10675
0,1442408835,1373,84225,10706
1,1442408984,2876,84225,10706
2,1442409045,5269,84225,10706
3,1442409066,1490,84225,10706
4,1442409126,352,84225,10706
0,1443348246,2876,84226,10706
1,1443348312,2620,84226,10706
2,1443348394,14971,84226,10706
1,1444562510,272,84227,10706
2,1444562559,23141,84227,10706
3,1444562600,2859,84227,10706
4,1444562663,7948,84227,10706
5,1444562800,5984,84227,10706
0,1445006975,2859,84228,10706
1,1445007035,23141,84228,10706
2,1445007115,272,84228,10706
3,1445007203,3708,84228,10706
5,1445007447,12190,84228,10706
0,1441819787,1005,84368,10724
1,1441819851,15450,84368,10724
2,1441820115,8119,84368,10724
3,1441820142,12314,84368,10724
4,1441820218,3430,84368,10724
5,1441820298,2446,84368,10724
6,1441820365,13691,84368,10724
9,1441820603,1823,84368,10724
10,1441820655,523,84368,10724
1,1442316434,271,84376,10724
2,1442316454,13545,84376,10724
3,1442316483,8102,84376,10724
0,1442338338,1046,84377,10724
1,1442338369,12667,84377,10724
2,1442338388,302,84377,10724
0,1443007360,5405,84442,10733
1,1443007391,2308,84442,10733
2,1443007396,8738,84442,10733
3,1443007423,3457,84442,10733
5,1443007431,165,84442,10733
7,1443007444,34,84442,10733
8,1443007464,2925,84442,10733
1,1443439391,165,84443,10733
2,1443439393,2308,84443,10733
3,1443439412,3467,84443,10733
4,1443439422,5405,84443,10733
5,1443439429,34,84443,10733
6,1443439434,7,84443,10733
7,1443439438,1306,84443,10733
0,1444219509,5405,84444,10733
1,1444219575,165,84444,10733
3,1444219595,2308,84444,10733
4,1444219611,2925,84444,10733
0,1440602904,105,84482,10739
2,1440602979,10657,84482,10739
3,1440603178,40,84482,10739
4,1440603250,21044,84482,10739
0,1441908928,1432,84483,10739
2,1441909025,5039,84483,10739
3,1441909153,1304,84483,10739
4,1441909205,40,84483,10739
5,1441909232,10657,84483,10739
0,1442348083,220,84484,10739
1,1442348131,1432,84484,10739
2,1442348176,1433,84484,10739
0,1441259459,3022,84567,10752
1,1441259463,7547,84567,10752
2,1441259464,13247,84567,10752
0,1441346434,3022,84568,10752
1,1441346436,13247,84568,10752
2,1441346436,7547,84568,10752
0,1441602703,3022,84569,10752
1,1441602704,7547,84569,10752
2,1441602705,13247,84569,10752
0,1440679967,1815,84590,10756
3,1440680023,874,84590,10756
5,1440680043,10007,84590,10756
8,1440680061,3102,84590,10756
10,1440680064,1786,84590,10756
11,1440680066,28091,84590,10756
19,1440680184,36135,84590,10756
1,1440680248,1632,84590,10756
0,1442994581,8343,84592,10756
1,1442994592,4840,84592,10756
2,1442994594,1304,84592,10756
3,1442994598,528,84592,10756
4,1442994600,170,84592,10756
5,1442994604,67,84592,10756
7,1442994615,24834,84592,10756
8,1442994798,11793,84592,10756
9,1442994801,19,84592,10756
10,1442994808,3102,84592,10756
11,1442994810,1944,84592,10756
12,1442994815,10007,84592,10756
13,1442994818,13987,84592,10756
14,1442994824,8339,84592,10756
0,1444837330,3071,84593,10756
1,1444837375,3077,84593,10756
3,1444837429,2607,84593,10756
0,1445418880,12006,84594,10756
1,1445418969,17574,84594,10756
2,1445418990,9092,84594,10756
3,1445419005,8977,84594,10756
4,1445419008,1095,84594,10756
5,1445419010,3071,84594,10756
6,1445419015,1320,84594,10756
8,1445419042,22282,84594,10756
9,1445419056,3351,84594,10756
10,1445419064,3077,84594,10756
0,1440914136,9204,84671,10766
1,1440914233,6033,84671,10766
4,1440914581,10996,84671,10766
5,1440914617,3244,84671,10766
10,1440915132,874,84671,10766
14,1440915341,7903,84671,10766
1,1441216293,14,84675,10766
3,1441216310,122,84675,10766
5,1441216483,34,84675,10766
0,1442417617,9278,84676,10766
1,1442417619,2782,84676,10766
2,1442417693,21074,84676,10766
0,1442680230,6440,84694,10768
1,1442680301,1050,84694,10768
3,1442680423,6003,84694,10768
0,1442845472,1646,84695,10768
1,1442845513,1304,84695,10768
3,1442845641,2599,84695,10768
0,1442929196,6440,84696,10768
1,1442929297,22059,84696,10768
5,1442929458,3046,84696,10768
7,1442929555,2925,84696,10768
9,1442929733,3433,84696,10768
10,1442930041,3434,84696,10768
11,1442930075,722,84696,10768
0,1443374692,4732,84763,10777
1,1443374797,2806,84763,10777
2,1443374839,1100,84763,10777
3,1443374969,3640,84763,10777
6,1443375022,3953,84763,10777
7,1443375059,1095,84763,10777
8,1443375122,6401,84763,10777
0,1443462785,6075,84764,10777
2,1443462870,17418,84764,10777
3,1443462898,1095,84764,10777
5,1443463045,7309,84764,10777
6,1443463072,1914,84764,10777
7,1443463125,5317,84764,10777
8,1443463159,25865,84764,10777
0,1443546344,4732,84765,10777
1,1443546389,6075,84765,10777
2,1443546407,2806,84765,10777
4,1443546442,8,84765,10777
5,1443546454,3041,84765,10777
6,1443546569,1095,84765,10777
8,1443546635,17418,84765,10777
0,1440155263,3968,84875,10793
1,1440155267,1009,84875,10793
2,1440155270,3016,84875,10793
0,1440997066,3968,84876,10793
1,1440997068,1633,84876,10793
2,1440997079,1074,84876,10793
0,1441877183,5269,84878,10793
2,1441877712,20860,84878,10793
3,1441877784,3687,84878,10793
4,1441877790,23191,84878,10793
1,1442231558,3433,84879,10793
2,1442231566,3432,84879,10793
3,1442231639,7766,84879,10793
0,1442855721,1646,84880,10793
1,1442855726,3433,84880,10793
2,1442855732,5269,84880,10793
3,1442855734,13430,84880,10793
1,1441696916,2991,84934,10801
2,1441696995,19,84934,10801
3,1441697042,3017,84934,10801
0,1441792604,34,84935,10801
1,1441792770,5764,84935,10801
2,1441792772,7872,84935,10801
0,1441964509,5031,84936,10801
2,1441964588,14962,84936,10801
4,1441964600,92,84936,10801
0,1440094281,5651,85037,10815
1,1440094300,3011,85037,10815
2,1440094302,3000,85037,10815
3,1440094304,2987,85037,10815
5,1440094315,19,85037,10815
7,1440094323,2990,85037,10815
8,1440094326,2986,85037,10815
9,1440094337,3013,85037,10815
10,1440094347,2992,85037,10815
11,1440094352,5653,85037,10815
12,1440094354,40,85037,10815
13,1440094356,172,85037,10815
16,1440094365,2991,85037,10815
17,1440094372,3982,85037,10815
18,1440094373,3980,85037,10815
19,1440094374,2925,85037,10815
1,1441766361,95,85038,10815
5,1441766508,1308,85038,10815
6,1441766554,9489,85038,10815
7,1441766593,11008,85038,10815
0,1442083419,93,85039,10815
2,1442083471,11236,85039,10815
4,1442083577,3640,85039,10815
6,1442083600,95,85039,10815
0,1443289180,474,85042,10815
3,1443289374,9729,85042,10815
9,1443289620,15368,85042,10815
1,1445702334,14252,85043,10815
7,1445702790,6553,85043,10815
8,1445702807,12990,85043,10815
2,1443773349,32162,85053,10817
9,1443773432,18744,85053,10817
10,1443773443,23128,85053,10817
13,1443773470,26007,85053,10817
1,1445870416,5249,85059,10817
2,1445871874,51548,85059,10817
6,1445871931,41520,85059,10817
0,1445882319,51548,85060,10817
1,1445882319,5249,85060,10817
2,1445882328,41520,85060,10817
0,1445931517,51548,85061,10817
1,1445931518,5249,85061,10817
2,1445931527,41520,85061,10817
2,1445968058,38655,85063,10817
5,1445968078,5249,85063,10817
6,1445968100,51548,85063,10817
7,1445968102,41520,85063,10817
2,1445986812,38655,85064,10817
5,1445986835,5249,85064,10817
6,1445986856,51548,85064,10817
7,1445986864,41520,85064,10817
1,1445990518,38655,85065,10817
5,1445990535,5249,85065,10817
6,1445990561,51548,85065,10817
7,1445990564,41520,85065,10817
2,1446018235,38655,85066,10817
4,1446018244,5249,85066,10817
5,1446018263,51548,85066,10817
6,1446018267,41520,85066,10817
0,1446096537,5249,85067,10817
1,1446096538,51548,85067,10817
2,1446096538,41520,85067,10817
4,1446096544,38655,85067,10817
0,1446143136,5249,85068,10817
1,1446143137,41520,85068,10817
2,1446143139,51548,85068,10817
4,1446143143,38655,85068,10817
1,1446187307,41520,85069,10817
2,1446187307,51548,85069,10817
3,1446187307,5249,85069,10817
4,1446187315,38655,85069,10817
0,1446206628,5249,85070,10817
1,1446206630,41520,85070,10817
2,1446206631,51548,85070,10817
5,1446206638,38655,85070,10817
0,1446272046,5249,85071,10817
1,1446272051,51548,85071,10817
2,1446272051,41520,85071,10817
3,1446272052,38655,85071,10817
0,1446292255,5249,85072,10817
1,1446292255,41520,85072,10817
3,1446292263,51548,85072,10817
6,1446292272,38655,85072,10817
0,1446332544,5249,85073,10817
1,1446332544,41520,85073,10817
3,1446332547,51548,85073,10817
4,1446332548,38655,85073,10817
0,1446355997,41520,85074,10817
1,1446356002,51548,85074,10817
2,1446356002,5249,85074,10817
4,1446356007,38655,85074,10817
1,1441022417,2853,85147,10825
2,1441022418,528,85147,10825
3,1441022519,33788,85147,10825
4,1441022626,653,85147,10825
0,1443091275,1648,85150,10825
1,1443091316,11720,85150,10825
3,1443091352,4358,85150,10825
0,1443161682,1043,85151,10825
1,1443161700,3924,85151,10825
2,1443161720,2605,85151,10825
1,1441282906,8114,85294,10844
2,1441282937,3423,85294,10844
3,1441282956,653,85294,10844
4,1441283012,7555,85294,10844
5,1441283059,7557,85294,10844
7,1441283260,21138,85294,10844
9,1441283371,5559,85294,10844
10,1441283407,10455,85294,10844
12,1441283963,1007,85294,10844
16,1441284155,7544,85294,10844
18,1441284906,1405,85294,10844
19,1441285148,2597,85294,10844
0,1441285184,2599,85294,10844
1,1441285333,12670,85294,10844
2,1441285418,1003,85294,10844
2,1442130565,1785,85298,10844
3,1442130587,3442,85298,10844
4,1442130628,5561,85298,10844
5,1442130666,5575,85298,10844
7,1442130819,12673,85298,10844
0,1442857339,1647,85302,10844
2,1442857421,1785,85302,10844
4,1442857496,1648,85302,10844
8,1442857708,1652,85302,10844
9,1442858052,3924,85302,10844
0,1441042269,12908,85336,10848
1,1441042277,12920,85336,10848
2,1441042287,12909,85336,10848
3,1441042307,12900,85336,10848
6,1441042583,3983,85336,10848
0,1441526098,2965,85337,10848
1,1441526148,1432,85337,10848
2,1441526214,5039,85337,10848
3,1441526331,10766,85337,10848
4,1441526367,4988,85337,10848
0,1441996316,10657,85338,10848
1,1441996361,1433,85338,10848
2,1441996388,1432,85338,10848
3,1441996405,5039,85338,10848
4,1441996430,26581,85338,10848
5,1441996468,4988,85338,10848
0,1443453952,4067,85578,10882
1,1443454134,4070,85578,10882
2,1443454611,4068,85578,10882
0,1444586408,4077,85579,10882
1,1444586533,1212,85579,10882
2,1444586686,4073,85579,10882
3,1444586724,4082,85579,10882
4,1444586751,4074,85579,10882
5,1444586876,4078,85579,10882
6,1444586923,4072,85579,10882
7,1444586940,4080,85579,10882
8,1444586958,4075,85579,10882
9,1444587019,4081,85579,10882
10,1444587117,4076,85579,10882
11,1444587191,4079,85579,10882
12,1444587421,3956,85579,10882
13,1444587672,4071,85579,10882
0,1444735454,4091,85580,10882
1,1444735632,4086,85580,10882
2,1444735799,4084,85580,10882
3,1444735815,4093,85580,10882
6,1444736264,4087,85580,10882
7,1444736308,4083,85580,10882
8,1444736414,6508,85580,10882
9,1444736606,4088,85580,10882
10,1444736680,4095,85580,10882
11,1444736743,4096,85580,10882
12,1444736776,4094,85580,10882
13,1444736812,4085,85580,10882
15,1444736849,4097,85580,10882
16,1444737016,4089,85580,10882
18,1444737123,4090,85580,10882
0,1445106951,4100,85581,10882
1,1445107270,3646,85581,10882
2,1445107868,4098,85581,10882
3,1445107904,4099,85581,10882
0,1445351757,4101,85582,10882
2,1445352578,300,85582,10882
3,1445353028,4102,85582,10882
1,1440668600,9204,85681,10897
3,1440668811,6536,85681,10897
4,1440668819,10996,85681,10897
0,1441871256,7668,85682,10897
1,1441871418,2340,85682,10897
2,1441871448,1944,85682,10897
4,1441871558,429,85682,10897
6,1441871704,14188,85682,10897
7,1441871765,2772,85682,10897
0,1443524318,113,85684,10897
1,1443524521,1943,85684,10897
2,1443524542,27166,85684,10897
0,1441006834,3970,85804,10914
1,1441006892,5635,85804,10914
3,1441007568,5657,85804,10914
0,1442558395,1304,85805,10914
1,1442558415,8,85805,10914
2,1442558472,1640,85805,10914
3,1442558520,13,85805,10914
5,1442558987,5657,85805,10914
0,1443074887,2537,85806,10914
1,1443074909,50,85806,10914
2,1443074931,19,85806,10914
0,1441464258,12761,85850,10921
1,1441464309,5653,85850,10921
2,1441464450,3908,85850,10921
0,1442237165,6401,85853,10921
2,1442237468,2346,85853,10921
5,1442237668,6455,85853,10921
1,1442732481,6455,85854,10921
2,1442732531,7309,85854,10921
4,1442732569,2336,85854,10921
8,1442732826,7641,85854,10921
0,1443634553,4417,85855,10921
1,1443634724,5306,85855,10921
2,1443634783,1304,85855,10921
6,1444065234,2147,85856,10921
7,1444065402,17442,85856,10921
9,1444065496,7309,85856,10921
11,1444065538,2336,85856,10921
14,1444065687,7641,85856,10921
15,1444065784,4417,85856,10921
1,1444118051,17442,85857,10921
2,1444118130,6455,85857,10921
3,1444118181,7309,85857,10921
4,1444118207,2336,85857,10921
0,1444208297,19,85859,10921
1,1444208357,5306,85859,10921
3,1444208433,2147,85859,10921
4,1444208482,17839,85859,10921
1,1442428801,92,85882,10925
2,1442428858,10766,85882,10925
4,1442428989,6104,85882,10925
5,1442429105,1723,85882,10925
9,1442429358,12868,85882,10925
12,1442429617,3472,85882,10925
1,1442491866,6104,85883,10925
3,1442491977,10766,85883,10925
7,1442492297,3472,85883,10925
9,1442494097,12868,85883,10925
10,1442494775,18018,85883,10925
0,1442563258,6104,85884,10925
1,1442563288,92,85884,10925
2,1442563315,18018,85884,10925
4,1442563481,10766,85884,10925
9,1442563901,5037,85884,10925
1,1442989554,92,85885,10925
3,1442989587,12215,85885,10925
4,1442989618,10766,85885,10925
5,1442989684,15290,85885,10925
6,1442989689,3954,85885,10925
7,1442989850,1723,85885,10925
1,1443715809,8607,85886,10925
3,1443715906,92,85886,10925
4,1443715980,3954,85886,10925
5,1443716113,10766,85886,10925
6,1443716120,1723,85886,10925
1,1444750203,416,85889,10925
2,1444750218,8622,85889,10925
3,1444750235,5103,85889,10925
1,1445196192,8620,85890,10925
2,1445196275,10756,85890,10925
4,1445196347,8622,85890,10925
1,1445278633,8620,85891,10925
4,1445278919,8622,85891,10925
5,1445279134,12868,85891,10925
6,1445279395,1725,85891,10925
8,1445279932,3954,85891,10925
1,1445434499,10756,85892,10925
2,1445434544,8622,85892,10925
3,1445434647,6009,85892,10925
0,1445716132,8620,85895,10925
1,1445716236,10756,85895,10925
2,1445716270,416,85895,10925
3,1445716347,6009,85895,10925
6,1445716446,2365,85895,10925
0,1442037656,20954,85980,10939
1,1442037688,1144,85980,10939
2,1442037711,528,85980,10939
7,1442037828,7442,85980,10939
12,1442038060,3476,85980,10939
0,1443524835,20954,85981,10939
1,1443524908,7442,85981,10939
4,1443525049,33850,85981,10939
5,1443525093,12685,85981,10939
6,1443525146,6186,85981,10939
8,1443525253,3382,85981,10939
0,1444111662,1144,85982,10939
1,1444111717,1161,85982,10939
2,1444111726,7442,85982,10939
3,1444111749,1490,85982,10939
5,1444111794,1013,85982,10939
6,1444111834,27600,85982,10939
7,1444111851,10786,85982,10939
8,1444111884,2970,85982,10939
9,1444111911,6186,85982,10939
11,1444112000,6180,85982,10939
12,1444112151,1482,85982,10939
13,1444112183,8640,85982,10939
15,1444112248,33850,85982,10939
17,1444112292,12685,85982,10939
19,1444112356,26955,85982,10939
0,1444112376,2512,85982,10939
2,1444112422,20798,85982,10939
4,1444112442,1050,85982,10939
6,1444112487,3382,85982,10939
1,1442522377,3384,86104,10959
3,1442522406,3632,86104,10959
4,1442522471,7653,86104,10959
5,1442522505,5596,86104,10959
12,1442523092,8388,86104,10959
13,1442523315,1368,86104,10959
14,1442523451,3925,86104,10959
15,1442523687,17341,86104,10959
16,1442523733,9274,86104,10959
0,1442727835,1251,86106,10959
2,1442728822,2321,86106,10959
3,1442729325,17341,86106,10959
5,1442729364,3384,86106,10959
7,1442729870,1334,86106,10959
10,1442730199,6938,86106,10959
0,1442762621,1647,86109,10959
8,1442763515,14653,86109,10959
1,1442765550,11720,86109,10959
0,1443367196,4069,86144,10965
1,1443367611,4068,86144,10965
2,1443368334,4070,86144,10965
0,1444500008,4077,86145,10965
1,1444500372,4071,86145,10965
2,1444500417,4076,86145,10965
3,1444500476,4078,86145,10965
4,1444500586,4073,86145,10965
5,1444500791,4079,86145,10965
6,1444500951,4074,86145,10965
7,1444501158,4075,86145,10965
8,1444501224,4082,86145,10965
9,1444501321,3956,86145,10965
10,1444501333,1212,86145,10965
11,1444501423,4072,86145,10965
12,1444501740,4080,86145,10965
13,1444501819,4081,86145,10965
0,1444648814,6508,86146,10965
1,1444649054,4091,86146,10965
2,1444649212,4085,86146,10965
3,1444649232,4086,86146,10965
4,1444649308,4083,86146,10965
6,1444649606,4088,86146,10965
7,1444649726,4096,86146,10965
8,1444649726,4092,86146,10965
9,1444649864,4087,86146,10965
10,1444649980,4095,86146,10965
11,1444650076,4094,86146,10965
13,1444650299,4084,86146,10965
14,1444650315,4093,86146,10965
16,1444650316,4089,86146,10965
18,1444650656,4090,86146,10965
19,1444652004,8061,86146,10965
0,1445020551,4100,86147,10965
1,1445020570,3646,86147,10965
2,1445020904,4099,86147,10965
3,1445021468,4098,86147,10965
1,1445265778,4102,86148,10965
2,1445266257,4101,86148,10965
3,1445266478,300,86148,10965
0,1445003146,6572,86153,10966
3,1445003638,3962,86153,10966
4,1445003675,5723,86153,10966
5,1445003745,1687,86153,10966
6,1445003843,3178,86153,10966
3,1445110457,3059,86154,10966
4,1445110525,4843,86154,10966
5,1445110668,3962,86154,10966
7,1445110898,3056,86154,10966
9,1445111015,5723,86154,10966
11,1445111225,15,86154,10966
0,1445237788,6553,86155,10966
1,1445237848,4472,86155,10966
3,1445238279,15,86155,10966
0,1445582296,5756,86156,10966
2,1445582873,31,86156,10966
3,1445582929,3056,86156,10966
4,1445583063,1513,86156,10966
5,1445583244,6570,86156,10966
10,1445583432,13919,86156,10966
11,1445583587,6572,86156,10966
12,1445583819,20304,86156,10966
3,1440570464,3626,86276,10983
10,1440571033,11838,86276,10983
14,1440571102,30956,86276,10983
0,1440739033,13117,86278,10983
2,1440739079,9758,86278,10983
6,1440739189,8909,86278,10983
3,1441603730,857,86288,10983
4,1441603743,23586,86288,10983
14,1441603918,15971,86288,10983
18,1441604129,2749,86288,10983
5,1441604490,15078,86288,10983
0,1441777513,6696,86290,10983
5,1441777582,2670,86290,10983
6,1441777686,8046,86290,10983
1,1442404043,21568,86295,10983
4,1442404099,865,86295,10983
6,1442404139,18679,86295,10983
8,1442404190,15988,86295,10983
0,1442551816,25183,86297,10983
1,1442552246,5414,86297,10983
2,1442552256,5542,86297,10983
7,1442552342,5417,86297,10983
0,1444378771,15978,86315,10983
1,1444378775,19690,86315,10983
3,1444378864,8711,86315,10983
1,1443409500,1172,86363,10989
2,1443409501,6873,86363,10989
3,1443409507,271,86363,10989
1,1443585322,1250,86364,10989
2,1443585340,7210,86364,10989
3,1443585352,20640,86364,10989
1,1444077310,9290,86367,10989
2,1444077317,1172,86367,10989
3,1444077326,7668,86367,10989
4,1444077331,10377,86367,10989
5,1444077341,11334,86367,10989
6,1444077347,271,86367,10989
8,1444077357,1000,86367,10989
9,1444077372,6859,86367,10989
10,1444077376,31509,86367,10989
11,1444077379,21146,86367,10989
12,1444077383,11343,86367,10989
13,1444077385,10777,86367,10989
15,1444077400,7649,86367,10989
16,1444077405,11323,86367,10989
19,1444077457,9278,86367,10989
0,1443540296,4069,86553,11017
1,1443540352,4067,86553,11017
2,1443540534,4070,86553,11017
3,1443541011,4068,86553,11017
0,1444673023,4072,86554,11017
1,1444673217,4076,86554,11017
2,1444673386,4073,86554,11017
3,1444673591,4079,86554,11017
4,1444673640,4080,86554,11017
5,1444673719,4081,86554,11017
6,1444673821,3956,86554,11017
7,1444673833,1212,86554,11017
8,1444674008,4077,86554,11017
9,1444674024,4082,86554,11017
10,1444674051,4074,86554,11017
11,1444674176,4078,86554,11017
0,1444821764,4087,86555,11017
1,1444821926,4092,86555,11017
2,1444822108,4083,86555,11017
3,1444822180,4095,86555,11017
5,1444822199,4084,86555,11017
6,1444822215,4093,86555,11017
8,1444822276,4094,86555,11017
9,1444822406,4088,86555,11017
11,1444822632,4086,86555,11017
12,1444822912,4085,86555,11017
13,1444823116,4089,86555,11017
16,1444823223,4090,86555,11017
17,1444823426,4096,86555,11017
18,1444823904,8061,86555,11017
0,1445193370,3646,86556,11017
1,1445194251,4100,86556,11017
2,1445194268,4098,86556,11017
3,1445194304,4099,86556,11017
0,1445438157,4101,86557,11017
2,1445438578,4102,86557,11017
3,1445438978,300,86557,11017
0,1443540052,4067,86684,11032
1,1443540111,4068,86684,11032
2,1443540234,4070,86684,11032
3,1443540296,4069,86684,11032
0,1444672808,4077,86685,11032
1,1444673086,4073,86685,11032
2,1444673221,3956,86685,11032
3,1444673233,1212,86685,11032
4,1444673424,4082,86685,11032
5,1444673591,4079,86685,11032
6,1444673640,4080,86685,11032
7,1444673719,4081,86685,11032
8,1444673751,4074,86685,11032
9,1444673772,4071,86685,11032
10,1444673876,4078,86685,11032
11,1444674223,4072,86685,11032
12,1444674258,4075,86685,11032
13,1444674417,4076,86685,11032
0,1444821899,4084,86686,11032
1,1444821914,6508,86686,11032
3,1444822312,4085,86686,11032
4,1444822406,4088,86686,11032
5,1444822454,4091,86686,11032
9,1444822632,4086,86686,11032
10,1444822664,4087,86686,11032
11,1444822780,4095,86686,11032
12,1444822876,4094,86686,11032
13,1444823008,4083,86686,11032
14,1444823116,4089,86686,11032
16,1444823223,4090,86686,11032
17,1444823249,4097,86686,11032
18,1444823426,4096,86686,11032
19,1444824804,8061,86686,11032
0,1445193368,4098,86687,11032
1,1445193651,4100,86687,11032
2,1445193704,4099,86687,11032
3,1445194287,3646,86687,11032
0,1442942377,6072,86710,11035
1,1442942382,1304,86710,11035
3,1442942564,3790,86710,11035
4,1442942665,5602,86710,11035
1,1443806889,6074,86711,11035
2,1443806892,9,86711,11035
3,1443806905,2346,86711,11035
4,1443806907,20786,86711,11035
5,1443807098,14093,86711,11035
6,1443807102,6574,86711,11035
0,1444933337,5551,86713,11035
1,1444933342,9183,86713,11035
3,1444933353,21155,86713,11035
0,1445026272,168,86714,11035
1,1445026303,246,86714,11035
2,1445026350,11722,86714,11035
0,1442686624,8760,86717,11036
1,1442686730,8977,86717,11036
5,1442687204,8986,86717,11036
10,1442687573,12234,86717,11036
12,1442687739,24487,86717,11036
1,1445192724,5807,86722,11036
3,1445194036,5799,86722,11036
4,1445194047,25697,86722,11036
5,1445194073,26310,86722,11036
6,1445194096,8760,86722,11036
7,1445194232,12841,86722,11036
10,1445194545,4071,86722,11036
11,1445194775,8977,86722,11036
1,1445709466,5815,86723,11036
2,1445709491,8977,86723,11036
4,1445709578,5807,86723,11036
0,1443107638,8446,86765,11040
1,1443107649,9366,86765,11040
2,1443107828,14593,86765,11040
1,1443148493,280,86766,11040
2,1443148543,5600,86766,11040
3,1443148618,9366,86766,11040
3,1443781930,280,86771,11040
5,1443781950,5547,86771,11040
6,1443781962,1160,86771,11040
0,1442293324,4128,86920,11062
1,1442293477,8,86920,11062
2,1442293501,100,86920,11062
3,1442293570,5685,86920,11062
1,1442842251,1962,86921,11062
2,1442842491,1491,86921,11062
3,1442842560,92,86921,11062
4,1442842627,5083,86921,11062
0,1442858505,1962,86922,11062
1,1442858558,1491,86922,11062
2,1442858602,9,86922,11062
3,1442858616,3027,86922,11062
4,1442858629,92,86922,11062
7,1442858703,19,86922,11062
8,1442858769,7073,86922,11062
9,1442858775,5083,86922,11062
10,1442858841,1308,86922,11062
12,1442858916,3983,86922,11062
1,1443005466,48,86923,11062
2,1443005744,220,86923,11062
4,1443005926,5702,86923,11062
5,1443005950,20940,86923,11062
6,1443005976,11515,86923,11062
7,1443006043,122,86923,11062
8,1443006130,3467,86923,11062
10,1443006234,2147,86923,11062
11,1443006237,6074,86923,11062
12,1443007159,3028,86923,11062
13,1443007166,93,86923,11062
14,1443007298,941,86923,11062
15,1443007333,39,86923,11062
19,1443007588,6050,86923,11062
3,1443007704,1640,86923,11062
0,1443024250,10570,86924,11062
1,1443024257,10683,86924,11062
2,1443024263,2458,86924,11062
6,1443024284,2732,86924,11062
7,1443024286,8052,86924,11062
9,1443024351,3034,86924,11062
10,1443024366,1432,86924,11062
11,1443024385,5039,86924,11062
13,1443024512,3033,86924,11062
15,1443024578,5304,86924,11062
18,1443024696,1656,86924,11062
19,1443024718,5298,86924,11062
1,1443163946,1640,86925,11062
2,1443163954,6050,86925,11062
3,1443163960,48,86925,11062
1,1444067266,1320,86928,11062
2,1444067307,4129,86928,11062
3,1444067365,5306,86928,11062
4,1444067376,2265,86928,11062
5,1444067387,8481,86928,11062
6,1444067398,9067,86928,11062
0,1444633598,3058,86929,11062
1,1444633655,7279,86929,11062
2,1444633675,2537,86929,11062
3,1444633684,15234,86929,11062
4,1444633715,5068,86929,11062
1,1445352212,3063,86930,11062
3,1445352319,9083,86930,11062
4,1445352346,10664,86930,11062
5,1445352392,48,86930,11062
6,1445352402,4416,86930,11062
0,1445409773,5100,86931,11062
1,1445409837,15,86931,11062
2,1445409877,1513,86931,11062
3,1445409946,1316,86931,11062
4,1445409973,10,86931,11062
5,1445410239,185,86931,11062
8,1445410379,5744,86931,11062
0,1445441568,4133,86932,11062
1,1445441588,22626,86932,11062
2,1445441628,1314,86932,11062
3,1445441652,5309,86932,11062
4,1445441681,5751,86932,11062
0,1440229820,170,86954,11066
1,1440229869,17884,86954,11066
2,1440229965,10001,86954,11066
3,1440229983,37,86954,11066
4,1440230038,17388,86954,11066
0,1440406667,10001,86955,11066
1,1440406697,17388,86955,11066
2,1440406731,108,86955,11066
3,1440406744,1304,86955,11066
4,1440406752,1723,86955,11066
5,1440406812,41,86955,11066
6,1440406845,172,86955,11066
1,1440484764,1723,86956,11066
2,1440484771,1729,86956,11066
5,1440484835,4947,86956,11066
8,1440484874,12920,86956,11066
9,1440484895,168,86956,11066
1,1440521999,10001,86957,11066
2,1440522037,1304,86957,11066
3,1440522046,108,86957,11066
0,1440606698,170,86958,11066
3,1440606808,12920,86958,11066
5,1440606857,168,86958,11066
7,1440606914,14989,86958,11066
8,1440606973,12908,86958,11066
9,1440607037,12909,86958,11066
10,1440607148,12900,86958,11066
18,1440607798,1723,86958,11066
1,1440607911,17767,86958,11066
2,1440607933,4962,86958,11066
3,1440607970,1729,86958,11066
4,1440608045,4947,86958,11066
3,1441169316,168,86959,11066
6,1441169428,5053,86959,11066
7,1441169455,1723,86959,11066
0,1441213980,41,86960,11066
2,1441214028,1304,86960,11066
3,1441214038,10004,86960,11066
4,1441214053,2965,86960,11066
6,1441214131,172,86960,11066
0,1442406136,108,86961,11066
1,1442406144,92,86961,11066
2,1442406152,1432,86961,11066
4,1442406304,5039,86961,11066
0,1440054542,11808,87069,11082
1,1440054588,11810,87069,11082
2,1440054625,1786,87069,11082
3,1440055458,5244,87069,11082
5,1440056803,12868,87069,11082
0,1442225878,6674,87072,11082
6,1442226984,10143,87072,11082
8,1442227218,3146,87072,11082
1,1442291504,5765,87073,11082
2,1442291547,10508,87073,11082
5,1442291996,8990,87073,11082
0,1442986764,8052,87076,11082
2,1442986996,4855,87076,11082
4,1442987155,5787,87076,11082
0,1443088338,7360,87077,11082
1,1443089897,9092,87077,11082
4,1443090170,3702,87077,11082
0,1443952006,10007,87250,11108
6,1443953354,3102,87250,11108
10,1443953751,18209,87250,11108
4,1444048010,11520,87251,11108
5,1444048069,11236,87251,11108
8,1444048132,8569,87251,11108
9,1444048208,3998,87251,11108
12,1444048324,2147,87251,11108
13,1444048356,528,87251,11108
16,1444048434,27400,87251,11108
1,1444303192,18213,87253,11108
3,1444303293,5480,87253,11108
4,1444303329,32319,87253,11108
4,1444318836,34929,87254,11108
8,1444319013,18290,87254,11108
15,1444319331,6455,87254,11108
2,1444493626,1403,87256,11108
6,1444493780,2732,87256,11108
8,1444493827,19,87256,11108
1,1444730996,1333,87258,11108
2,1444731079,1671,87258,11108
4,1444731137,1706,87258,11108
5,1444731230,10094,87258,11108
0,1444836840,22877,87259,11108
1,1444836950,11083,87259,11108
19,1444837899,1759,87259,11108
5,1444838329,19717,87259,11108
1,1445234145,9,87262,11108
8,1445234717,2152,87262,11108
11,1445235013,6665,87262,11108
12,1445235309,28194,87262,11108
1,1445365352,6551,87263,11108
2,1445365536,272,87263,11108
3,1445365557,20971,87263,11108
4,1445365570,279,87263,11108
8,1445365685,5961,87263,11108
2,1444292684,2680,87423,11131
3,1444292684,2665,87423,11131
4,1444292684,16861,87423,11131
8,1444292701,13112,87423,11131
16,1444292844,2670,87423,11131
8,1444294740,2674,87423,11131
2,1444377492,21,87426,11131
3,1444378970,601,87426,11131
5,1444379311,602,87426,11131
18,1446035683,6361,87429,11131
4,1446035768,22070,87429,11131
7,1446035816,1346,87429,11131
4,1446038674,27120,87430,11131
10,1446038738,17222,87430,11131
11,1446038764,305,87430,11131
0,1443540411,4068,87684,11164
1,1443541196,4069,87684,11164
2,1443541252,4067,87684,11164
3,1443541434,4070,87684,11164
0,1444672851,4074,87685,11164
1,1444672933,1212,87685,11164
2,1444673276,4078,87685,11164
3,1444673424,4082,87685,11164
4,1444673591,4079,87685,11164
5,1444673708,4077,87685,11164
6,1444673772,4071,87685,11164
7,1444673821,3956,87685,11164
8,1444673958,4075,87685,11164
9,1444674117,4076,87685,11164
10,1444674223,4072,87685,11164
11,1444674286,4073,87685,11164
12,1444674319,4081,87685,11164
13,1444674540,4080,87685,11164
0,1444821554,4091,87686,11164
1,1444821626,4092,87686,11164
2,1444821914,6508,87686,11164
3,1444822108,4083,87686,11164
5,1444822199,4084,87686,11164
7,1444822312,4085,87686,11164
8,1444822406,4088,87686,11164
11,1444822632,4086,87686,11164
12,1444822780,4095,87686,11164
13,1444822815,4093,87686,11164
14,1444822876,4094,87686,11164
15,1444822949,4097,87686,11164
16,1444822964,4087,87686,11164
17,1444823116,4089,87686,11164
18,1444823143,4096,87686,11164
19,1444823456,4090,87686,11164
0,1445193668,4098,87687,11164
1,1445193670,3646,87687,11164
2,1445193704,4099,87687,11164
3,1445194251,4100,87687,11164
1,1445438378,300,87688,11164
2,1445438457,4101,87688,11164
3,1445439128,4102,87688,11164
0,1441773949,228,87741,11171
1,1441774074,229,87741,11171
2,1441774319,230,87741,11171
0,1444143413,233,87742,11171
1,1444144060,232,87742,11171
2,1444144246,231,87742,11171
0,1445009102,234,87743,11171
1,1445009255,239,87743,11171
2,1445009552,240,87743,11171
3,1445009841,235,87743,11171
4,1445010071,237,87743,11171
5,1445010111,238,87743,11171
6,1445010350,236,87743,11171
0,1445274163,24323,87744,11171
1,1445275438,240,87744,11171
2,1445275598,242,87744,11171
0,1442847509,1304,87971,11199
1,1442847557,385,87971,11199
3,1442847690,7324,87971,11199
4,1442847820,4417,87971,11199
6,1442847997,6074,87971,11199
8,1442848125,4129,87971,11199
9,1442848157,11515,87971,11199
0,1442903141,1304,87972,11199
1,1442903164,19317,87972,11199
2,1442903213,385,87972,11199
3,1442903392,6050,87972,11199
5,1442903806,48,87972,11199
11,1442904160,10754,87972,11199
14,1442904167,17889,87972,11199
0,1444151735,2638,87973,11199
1,1444151824,11721,87973,11199
3,1444151935,7324,87973,11199
4,1444152028,20195,87973,11199
5,1444152096,474,87973,11199
1,1444581383,20304,87974,11199
2,1444581430,2638,87974,11199
3,1444581642,8614,87974,11199
4,1444581756,17442,87974,11199
6,1444581836,3203,87974,11199
1,1445846970,246,87976,11199
3,1445847052,391,87976,11199
4,1445847085,27,87976,11199
5,1445847094,20195,87976,11199
6,1445847107,3056,87976,11199
2,1446124735,17442,87977,11199
4,1446124947,24214,87977,11199
5,1446125063,7279,87977,11199
7,1446125441,16298,87977,11199
10,1446125931,11374,87977,11199
16,1446126827,1321,87977,11199
5,1446127611,391,87977,11199
12,1446128405,13776,87977,11199
13,1446129452,20195,87977,11199
0,1446194463,149,87979,11199
1,1446194517,11118,87979,11199
5,1446194737,14649,87979,11199
6,1446194819,2922,87979,11199
9,1446194933,14646,87979,11199
10,1446195015,2375,87979,11199
3,1446389028,14649,87981,11199
4,1446389264,20195,87981,11199
5,1446390690,14646,87981,11199
11,1446392392,391,87981,11199
2,1442982116,7274,88002,11203
3,1442982269,19017,88002,11203
4,1442982294,24919,88002,11203
0,1444028732,3243,88003,11203
1,1444028805,3230,88003,11203
2,1444028843,3244,88003,11203
3,1444028974,9585,88003,11203
0,1444113916,7575,88004,11203
1,1444113992,9199,88004,11203
2,1444114040,4799,88004,11203
0,1440609032,22658,88110,11220
1,1440609045,11209,88110,11220
2,1440609072,3016,88110,11220
5,1440609256,5653,88110,11220
0,1441106692,2999,88111,11220
1,1441106742,11209,88111,11220
2,1441106776,3018,88111,11220
0,1441850429,19820,88112,11220
1,1441850500,11209,88112,11220
2,1441850554,5653,88112,11220
0,1443367734,4070,88125,11223
1,1443368096,4069,88125,11223
2,1443368152,4067,88125,11223
3,1443368511,4068,88125,11223
0,1444500133,1212,88126,11223
1,1444500324,4082,88126,11223
2,1444500351,4074,88126,11223
3,1444500523,4072,88126,11223
4,1444500840,4080,88126,11223
5,1444500919,4081,88126,11223
6,1444500972,4071,88126,11223
7,1444501076,4078,88126,11223
8,1444501158,4075,88126,11223
9,1444501186,4073,88126,11223
10,1444501208,4077,88126,11223
11,1444501321,3956,88126,11223
12,1444501391,4079,88126,11223
13,1444501617,4076,88126,11223
0,1444648932,4086,88127,11223
1,1444649054,4091,88127,11223
2,1444649099,4084,88127,11223
3,1444649114,6508,88127,11223
6,1444649684,4089,88127,11223
8,1444649726,4092,88127,11223
9,1444649864,4087,88127,11223
10,1444650015,4093,88127,11223
11,1444650076,4094,88127,11223
12,1444650112,4085,88127,11223
13,1444650208,4083,88127,11223
14,1444650280,4095,88127,11223
16,1444650343,4096,88127,11223
17,1444650423,4090,88127,11223
18,1444650449,4097,88127,11223
19,1444650506,4088,88127,11223
0,1445020851,4100,88128,11223
1,1445020887,3646,88128,11223
2,1445020904,4099,88128,11223
3,1445021468,4098,88128,11223
0,1445265278,300,88129,11223
2,1445266378,4102,88129,11223
3,1445266557,4101,88129,11223
3,1440351281,7316,88167,11226
5,1440352756,23038,88167,11226
6,1440352969,21351,88167,11226
9,1440353450,14990,88167,11226
10,1440353472,2996,88167,11226
0,1440919514,25812,88168,11226
5,1440921173,2996,88168,11226
8,1440921359,3609,88168,11226
13,1440921491,24484,88168,11226
17,1440921804,13805,88168,11226
18,1440921817,23249,88168,11226
19,1440922105,20589,88168,11226
0,1440922119,933,88168,11226
4,1440922267,13430,88168,11226
0,1441377667,130,88170,11226
1,1441377696,17574,88170,11226
3,1441377784,2574,88170,11226
5,1441378081,30828,88170,11226
0,1441696065,3020,88171,11226
2,1441696618,3687,88171,11226
4,1441697075,3034,88171,11226
6,1441697154,5037,88171,11226
0,1442242530,10882,88174,11226
1,1442242554,3054,88174,11226
2,1442242627,7324,88174,11226
3,1442242813,15917,88174,11226
4,1442242954,939,88174,11226
0,1442404040,8,88175,11226
2,1442404120,7209,88175,11226
3,1442404244,17196,88175,11226
6,1440402042,1494,88317,11242
8,1440402048,1100,88317,11242
9,1440402051,2597,88317,11242
3,1441089741,16528,88320,11242
5,1441089745,25276,88320,11242
9,1441089761,12314,88320,11242
10,1441089763,3380,88320,11242
11,1441089766,653,88320,11242
0,1441092314,7559,88321,11242
4,1441092333,10455,88321,11242
8,1441092347,3790,88321,11242
9,1441092350,2443,88321,11242
2,1441109861,5076,88322,11242
6,1441109875,2770,88322,11242
8,1441109879,276,88322,11242
14,1441109890,1494,88322,11242
0,1441633679,10570,88324,11242
4,1441633731,5076,88324,11242
8,1441633738,1494,88324,11242
13,1441633752,1100,88324,11242
14,1441633768,2597,88324,11242
2,1443430118,10570,88325,11242
4,1443430803,1304,88325,11242
6,1443430809,1440,88325,11242
7,1443430811,2458,88325,11242
0,1444030287,11895,88328,11242
2,1444030295,1440,88328,11242
4,1444030299,1310,88328,11242
0,1444042473,6072,88329,11242
1,1444042476,8,88329,11242
2,1444042484,1513,88329,11242
3,1444042487,16405,88329,11242
5,1444042491,17895,88329,11242
8,1444042497,17896,88329,11242
10,1444042511,4085,88329,11242
16,1444042542,5305,88329,11242
18,1444042547,7323,88329,11242
0,1444052035,10570,88330,11242
1,1444052674,11895,88330,11242
3,1444052678,1440,88330,11242
5,1444052682,1310,88330,11242
6,1444052684,6072,88330,11242
7,1444052686,8,88330,11242
0,1444124956,8,88331,11242
1,1444124960,528,88331,11242
3,1444124964,6072,88331,11242
4,1444124966,17895,88331,11242
5,1444124968,1440,88331,11242
2,1440585354,1072,88390,11251
6,1440585423,14990,88390,11251
10,1440585641,261,88390,11251
0,1441826291,7317,88392,11251
1,1441826389,1306,88392,11251
3,1441826477,3950,88392,11251
0,1442480710,7210,88396,11251
6,1442481325,344,88396,11251
8,1442481423,3632,88396,11251
11,1442481478,12575,88396,11251
13,1442481528,3634,88396,11251
14,1442481537,10882,88396,11251
19,1442482373,259,88396,11251
0,1442821084,12575,88399,11251
1,1442821120,18382,88399,11251
3,1442821155,10882,88399,11251
1,1442920038,7209,88400,11251
3,1442920598,7210,88400,11251
5,1442920686,7208,88400,11251
0,1440853701,1815,88425,11254
1,1440853705,1826,88425,11254
3,1440853822,66,88425,11254
4,1440853894,1823,88425,11254
5,1440853911,7539,88425,11254
6,1440853931,33584,88425,11254
10,1440854032,9178,88425,11254
0,1443336760,386,88428,11254
2,1443336813,9709,88428,11254
3,1443336965,9710,88428,11254
4,1443336992,28091,88428,11254
5,1443337032,42251,88428,11254
0,1443342692,1304,88429,11254
1,1443342717,8986,88429,11254
2,1443342728,23782,88429,11254
3,1443342758,9709,88429,11254
4,1443342824,67,88429,11254
5,1443342883,8131,88429,11254
1,1440309063,11060,88544,11269
9,1440309198,21740,88544,11269
10,1440309281,3750,88544,11269
3,1440476877,11060,88546,11269
11,1440477201,21740,88546,11269
12,1440477211,3750,88546,11269
3,1440653718,14326,88548,11269
4,1440653720,2448,88548,11269
6,1440653741,29811,88548,11269
7,1440653874,21744,88548,11269
2,1440829998,14326,88549,11269
3,1440830014,21744,88549,11269
7,1440830071,27262,88549,11269
9,1440830110,11060,88549,11269
1,1441083214,8245,88551,11269
4,1441083356,14326,88551,11269
5,1441083365,21744,88551,11269
10,1441083549,27262,88551,11269
4,1441256920,14326,88553,11269
5,1441256955,13984,88553,11269
7,1441256968,29811,88553,11269
0,1441344398,10718,88554,11269
2,1441344469,29811,88554,11269
3,1441344494,29862,88554,11269
5,1441344542,14788,88554,11269
0,1441519645,2457,88555,11269
1,1441519665,29862,88555,11269
2,1441519677,10718,88555,11269
3,1441519699,13984,88555,11269
8,1441519770,14326,88555,11269
9,1441519777,21744,88555,11269
0,1441601135,10718,88556,11269
2,1441601194,29811,88556,11269
3,1441601259,2457,88556,11269
4,1441601295,29862,88556,11269
5,1441601326,13984,88556,11269
8,1441601475,14326,88556,11269
9,1441601487,21744,88556,11269
2,1441688695,10718,88557,11269
3,1441688755,14326,88557,11269
5,1441688876,29811,88557,11269
6,1441688899,2457,88557,11269
7,1441688927,29862,88557,11269
8,1441688945,13984,88557,11269
2,1441775545,2457,88558,11269
3,1441775558,29862,88558,11269
4,1441775575,10718,88558,11269
5,1441775586,13984,88558,11269
7,1441775620,14326,88558,11269
1,1441859866,3765,88559,11269
2,1441859887,9096,88559,11269
3,1441859891,35969,88559,11269
0,1442035174,30992,88561,11269
3,1442035423,10718,88561,11269
4,1442035536,3764,88561,11269
5,1442035572,5894,88561,11269
6,1442035585,3765,88561,11269
8,1442035625,2457,88561,11269
9,1442035634,29862,88561,11269
2,1442121579,3764,88562,11269
3,1442121620,5894,88562,11269
4,1442121711,3765,88562,11269
6,1442121782,2457,88562,11269
7,1442121805,29862,88562,11269
1,1442206051,3764,88563,11269
2,1442206075,5894,88563,11269
3,1442206097,14780,88563,11269
5,1442206159,10718,88563,11269
6,1442206171,14788,88563,11269
2,1442641247,7168,88567,11269
6,1442641313,3764,88567,11269
7,1442641323,5894,88567,11269
3,1442728473,7168,88568,11269
7,1442728533,3764,88568,11269
8,1442728545,5894,88568,11269
9,1442728573,3765,88568,11269
1,1443161268,1617,88571,11269
5,1443161279,9092,88571,11269
6,1443161285,6294,88571,11269
7,1443161364,2661,88571,11269
2,1443245775,2661,88572,11269
3,1443245842,10718,88572,11269
4,1443245864,6294,88572,11269
1,1443419452,6294,88573,11269
4,1443419474,1617,88573,11269
6,1443419503,9092,88573,11269
2,1443678448,2661,88576,11269
3,1443678457,10718,88576,11269
5,1443678518,10615,88576,11269
8,1443678578,6294,88576,11269
3,1444114967,2661,88580,11269
5,1444115077,10615,88580,11269
6,1444115083,1048,88580,11269
2,1444206074,6632,88581,11269
7,1444206265,10615,88581,11269
10,1444206302,6294,88581,11269
0,1443719991,15070,88698,11278
2,1443720204,18858,88698,11278
5,1443720271,10155,88698,11278
7,1443720413,9310,88698,11278
10,1443720492,8132,88698,11278
14,1443720671,1160,88698,11278
15,1443720827,5789,88698,11278
16,1443720943,1789,88698,11278
17,1443721106,11079,88698,11278
18,1443721148,23101,88698,11278
19,1443721170,22100,88698,11278
0,1443721186,9092,88698,11278
2,1443721523,14803,88698,11278
3,1443721537,1301,88698,11278
10,1443721994,27654,88698,11278
11,1443722247,10369,88698,11278
13,1443722749,1786,88698,11278
14,1443722823,9303,88698,11278
17,1443723003,1079,88698,11278
18,1443723061,8446,88698,11278
1,1443856635,5790,88699,11278
7,1443856954,282,88699,11278
14,1443857202,11892,88699,11278
15,1443857218,2879,88699,11278
16,1443857346,11903,88699,11278
18,1443858224,9406,88699,11278
2,1443858445,8442,88699,11278
5,1443858536,5787,88699,11278
9,1443858776,11861,88699,11278
10,1443858791,8427,88699,11278
15,1443859045,523,88699,11278
17,1443859158,11161,88699,11278
1,1444051399,4189,88700,11278
2,1444051401,5787,88700,11278
3,1444051480,5789,88700,11278
1,1440498672,4676,88717,11280
2,1440498675,6872,88717,11280
3,1440498701,4839,88717,11280
0,1440745960,7186,88719,11280
1,1440746028,1163,88719,11280
2,1440747560,1521,88719,11280
1,1441953368,3433,88726,11280
2,1441953374,4469,88726,11280
5,1441953516,165,88726,11280
0,1442210288,5437,88728,11280
1,1442210308,35313,88728,11280
7,1442210834,5709,88728,11280
8,1442210859,7948,88728,11280
10,1442211444,32025,88728,11280
0,1442248043,7442,88729,11280
2,1442248052,5709,88729,11280
6,1442248741,17604,88729,11280
0,1443353425,8446,88735,11280
2,1443353440,272,88735,11280
5,1443353462,4841,88735,11280
7,1443353546,297,88735,11280
10,1443353717,2970,88735,11280
11,1443354137,280,88735,11280
13,1443354220,10256,88735,11280
19,1443355617,26303,88735,11280
0,1443355836,3473,88735,11280
1,1443355898,14213,88735,11280
3,1443356059,11343,88735,11280
5,1443356160,10,88735,11280
6,1443356444,7680,88735,11280
2,1443442502,7680,88737,11280
3,1443442503,3473,88737,11280
4,1443442505,26303,88737,11280
5,1443442507,10256,88737,11280
6,1443442510,280,88737,11280
10,1443442515,605,88737,11280
0,1443527497,7685,88739,11280
1,1443527509,8871,88739,11280
2,1443527532,10023,88739,11280
3,1443602272,10023,88740,11280
4,1443602283,5712,88740,11280
5,1443602650,6015,88740,11280
6,1443602682,14213,88740,11280
10,1443602818,25033,88740,11280
19,1443603158,1948,88740,11280
4,1443603299,19075,88740,11280
0,1444405484,3031,88750,11280
1,1444405534,3962,88750,11280
6,1444406543,6386,88750,11280
0,1444830238,11360,88752,11280
1,1444830252,3059,88752,11280
4,1444830293,9048,88752,11280
5,1444830310,20327,88752,11280
7,1444830358,15239,88752,11280
11,1444831643,24659,88752,11280
16,1444831811,11377,88752,11280
0,1444834747,5732,88753,11280
1,1444834764,26561,88753,11280
3,1444834788,657,88753,11280
0,1444916556,5732,88754,11280
1,1444916643,26561,88754,11280
3,1444917227,657,88754,11280
1,1445244715,299,88756,11280
4,1445246446,315,88756,11280
9,1445248970,14208,88756,11280
1,1441300263,40708,88920,11299
2,1441300347,19520,88920,11299
3,1441300558,5037,88920,11299
4,1441301008,15420,88920,11299
5,1441301234,5766,88920,11299
8,1441301453,5759,88920,11299
9,1441302006,1767,88920,11299
10,1441302017,8844,88920,11299
0,1442741639,7649,88922,11299
4,1442741876,11043,88922,11299
8,1442742375,8844,88922,11299
0,1444394879,10165,88923,11299
1,1444394928,11954,88923,11299
8,1444395275,1794,88923,11299
14,1444395800,1302,88923,11299
16,1444395882,10361,88923,11299
0,1442329890,3966,88926,11300
1,1442329929,100,88926,11300
2,1442329937,19820,88926,11300
4,1442330191,8,88926,11300
5,1442330348,4839,88926,11300
6,1442330376,18275,88926,11300
7,1442330575,3982,88926,11300
8,1442330602,3017,88926,11300
9,1442330695,2405,88926,11300
11,1442330826,4855,88926,11300
0,1445604233,2925,88927,11300
1,1445604336,2984,88927,11300
2,1445604512,14,88927,11300
0,1445729060,4135,88928,11300
1,1445729068,3954,88928,11300
2,1445729176,5713,88928,11300
3,1445729285,3834,88928,11300
0,1442241682,132,88953,11305
3,1442241703,115,88953,11305
4,1442241731,3481,88953,11305
0,1444318027,132,88954,11305
1,1444318216,36292,88954,11305
2,1444318237,4413,88954,11305
3,1444318289,129,88954,11305
4,1444318321,3475,88954,11305
5,1444318386,122,88954,11305
6,1444318397,9278,88954,11305
0,1444646153,132,88955,11305
1,1444646156,122,88955,11305
2,1444646178,7649,88955,11305
3,1444646190,4413,88955,11305
4,1444646191,36292,88955,11305
6,1444646211,7177,88955,11305
7,1444646219,1761,88955,11305
8,1444646224,3475,88955,11305
0,1441687674,229,89162,11333
1,1441687919,230,89162,11333
2,1441688449,228,89162,11333
0,1444056760,232,89163,11333
1,1444057846,231,89163,11333
2,1444057913,233,89163,11333
0,1444922750,236,89164,11333
1,1444922811,238,89164,11333
2,1444922841,235,89164,11333
3,1444923002,234,89164,11333
4,1444923071,237,89164,11333
5,1444923455,239,89164,11333
6,1444923752,240,89164,11333
0,1445187763,24323,89165,11333
1,1445187838,240,89165,11333
2,1445187998,242,89165,11333
3,1445188726,241,89165,11333
4,1445188814,237,89165,11333
0,1441098040,4130,89214,11341
1,1441098075,19,89214,11341
3,1441098234,11107,89214,11341
6,1441098470,14188,89214,11341
13,1441099423,9640,89214,11341
0,1442302934,1304,89215,11341
1,1442303021,34,89215,11341
2,1442303046,5670,89215,11341
6,1442303434,19217,89215,11341
0,1443154149,21155,89216,11341
1,1443154166,17442,89216,11341
2,1443154202,1304,89216,11341
0,1443368096,4069,89219,11342
1,1443368152,4067,89219,11342
2,1443368211,4068,89219,11342
3,1443368634,4070,89219,11342
0,1444500072,4071,89220,11342
1,1444500121,3956,89220,11342
2,1444500351,4074,89220,11342
3,1444500558,4075,89220,11342
4,1444500586,4073,89220,11342
5,1444500908,4077,89220,11342
6,1444501033,1212,89220,11342
7,1444501076,4078,89220,11342
8,1444501123,4072,89220,11342
9,1444501691,4079,89220,11342
10,1444501740,4080,89220,11342
11,1444501819,4081,89220,11342
0,1444649080,4095,89221,11342
1,1444649232,4086,89221,11342
2,1444649415,4093,89221,11342
5,1444649476,4094,89221,11342
6,1444649512,4085,89221,11342
7,1444649654,4091,89221,11342
8,1444649714,6508,89221,11342
9,1444649726,4092,89221,11342
12,1444649823,4090,89221,11342
13,1444649908,4083,89221,11342
14,1444649999,4084,89221,11342
15,1444650149,4097,89221,11342
16,1444650164,4087,89221,11342
17,1444650206,4088,89221,11342
19,1444650343,4096,89221,11342
0,1444650616,4089,89221,11342
1,1444652304,8061,89221,11342
0,1445020851,4100,89222,11342
1,1445020868,4098,89222,11342
2,1445020870,3646,89222,11342
3,1445021504,4099,89222,11342
1,1445266378,4102,89223,11342
2,1445266478,300,89223,11342
3,1445266557,4101,89223,11342
0,1440440185,6911,89321,11356
1,1440440521,6912,89321,11356
2,1440440584,5312,89321,11356
3,1440440585,6906,89321,11356
4,1440440667,6909,89321,11356
5,1440440844,6915,89321,11356
6,1440440949,6914,89321,11356
7,1440441052,6910,89321,11356
8,1440441133,3008,89321,11356
9,1440441241,6908,89321,11356
10,1440441505,6913,89321,11356
0,1445770374,6916,89322,11356
1,1445770452,6917,89322,11356
2,1445771503,6919,89322,11356
3,1445771739,6918,89322,11356
0,1445774276,6916,89323,11356
1,1445774331,6922,89323,11356
2,1445775337,6921,89323,11356
0,1443689789,1320,89438,11371
1,1443689992,5712,89438,11371
2,1443690127,16395,89438,11371
0,1443874871,1320,89439,11371
1,1443875493,1304,89439,11371
2,1443875651,12090,89439,11371
0,1446115871,5309,89442,11371
1,1446115905,4132,89442,11371
2,1446115966,5741,89442,11371
0,1440481087,1003,89458,11374
1,1440482347,1745,89458,11374
2,1440482884,34,89458,11374
1,1440651837,10648,89461,11374
2,1440651841,7754,89461,11374
3,1440652931,1139,89461,11374
1,1442212066,19104,89474,11374
3,1442212415,1007,89474,11374
5,1442213667,3401,89474,11374
7,1442213700,1635,89474,11374
10,1442213795,3405,89474,11374
12,1442213858,12314,89474,11374
5,1442907916,1039,89477,11374
10,1442909800,3405,89477,11374
11,1442909805,1304,89477,11374
0,1442994297,1005,89478,11374
3,1442994829,3384,89478,11374
6,1442996653,1498,89478,11374
0,1444204600,3405,89484,11374
2,1444206380,3413,89484,11374
8,1444208511,3384,89484,11374
10,1444208544,3395,89484,11374
1,1444640895,23,89487,11374
4,1444642201,10685,89487,11374
7,1444642679,2319,89487,11374
0,1440613113,6907,89531,11380
1,1440613153,6906,89531,11380
2,1440613285,6911,89531,11380
3,1440613984,5312,89531,11380
4,1440614041,6908,89531,11380
5,1440614233,3008,89531,11380
6,1440614305,6913,89531,11380
7,1440614381,6909,89531,11380
8,1440614745,6910,89531,11380
9,1440614844,6915,89531,11380
0,1445943346,6917,89532,11380
1,1445943547,6916,89532,11380
2,1445944003,6919,89532,11380
3,1445944239,6918,89532,11380
0,1445946831,6922,89533,11380
1,1445947076,6916,89533,11380
2,1445947181,6920,89533,11380
3,1445947837,6921,89533,11380
1,1441957959,21785,89733,11404
3,1441958087,7644,89733,11404
4,1441958730,4405,89733,11404
5,1441959065,3541,89733,11404
7,1441959376,10268,89733,11404
10,1441960583,28291,89733,11404
2,1443459887,3481,89734,11404
3,1443459930,18643,89734,11404
4,1443460001,2778,89734,11404
5,1443460047,8091,89734,11404
6,1443460052,3459,89734,11404
0,1443686949,7908,89735,11404
1,1443687823,10252,89735,11404
5,1443688113,1949,89735,11404
0,1444111887,8984,89737,11404
3,1444112351,109,89737,11404
7,1444112424,20310,89737,11404
0,1444208917,8984,89739,11404
2,1444209015,12469,89739,11404
3,1444209085,9290,89739,11404
0,1444291495,3481,89741,11404
1,1444291498,1047,89741,11404
2,1444291773,12469,89741,11404
4,1444292028,9290,89741,11404
0,1440526713,6907,89831,11418
1,1440526933,3008,89831,11418
2,1440526984,5312,89831,11418
3,1440527244,6915,89831,11418
4,1440527285,6906,89831,11418
5,1440527367,6909,89831,11418
6,1440527391,6669,89831,11418
7,1440527452,6910,89831,11418
8,1440527485,6911,89831,11418
9,1440527521,6912,89831,11418
10,1440527941,6908,89831,11418
11,1440527949,6914,89831,11418
12,1440528205,6913,89831,11418
0,1445856994,6917,89832,11418
1,1445857003,6919,89832,11418
2,1445857674,6916,89832,11418
3,1445858139,6918,89832,11418
0,1445860376,6916,89833,11418
1,1445860837,6921,89833,11418
2,1445861331,6922,89833,11418
3,1445861681,6920,89833,11418
0,1441949323,127,89839,11419
2,1441949342,14404,89839,11419
4,1441950711,3473,89839,11419
1,1442287064,3119,89840,11419
2,1442287083,17606,89840,11419
3,1442288041,135,89840,11419
0,1443160083,148,89841,11419
1,1443160095,11192,89841,11419
2,1443160106,7690,89841,11419
3,1443160926,3031,89841,11419
0,1441286692,11793,89851,11420
1,1441287244,23804,89851,11420
2,1441287842,23750,89851,11420
1,1442219035,5766,89854,11420
2,1442219310,73,89854,11420
3,1442219334,5765,89854,11420
1,1442472159,9096,89855,11420
4,1442472317,9098,89855,11420
5,1442472494,35969,89855,11420
0,1443429510,1617,89860,11420
1,1443429574,9092,89860,11420
2,1443429733,1310,89860,11420
3,1443429852,5770,89860,11420
0,1440526585,6911,89870,11421
1,1440526985,6906,89870,11421
2,1440527145,6910,89870,11421
3,1440527305,6913,89870,11421
4,1440527349,6914,89870,11421
5,1440527521,6912,89870,11421
6,1440527544,6915,89870,11421
7,1440527584,5312,89870,11421
8,1440527641,6908,89870,11421
9,1440527913,6907,89870,11421
10,1440527981,6909,89870,11421
11,1440527991,6669,89870,11421
0,1445856774,6916,89871,11421
1,1445857003,6919,89871,11421
2,1445857846,6917,89871,11421
0,1445860376,6916,89872,11421
1,1445860781,6920,89872,11421
2,1445861631,6922,89872,11421
3,1445861737,6921,89872,11421
0,1442046532,12219,89888,11424
1,1442046815,12217,89888,11424
2,1442046885,6104,89888,11424
4,1442047315,90,89888,11424
0,1443018870,12219,89892,11424
2,1443019089,2265,89892,11424
6,1443019317,220,89892,11424
7,1443019351,13430,89892,11424
8,1443019454,170,89892,11424
9,1443019564,18027,89892,11424
1,1443067473,1304,89894,11424
2,1443067493,170,89894,11424
5,1443067586,5033,89894,11424
6,1443067638,220,89894,11424
2,1443157964,2265,89895,11424
3,1443158187,220,89895,11424
5,1443158229,18027,89895,11424
6,1443158451,12215,89895,11424
10,1443159629,18929,89895,11424
11,1443159670,12220,89895,11424
0,1443808338,3058,89899,11424
2,1443808370,6074,89899,11424
3,1443808494,5039,89899,11424
4,1444115789,12971,89902,11424
6,1444116060,34016,89902,11424
7,1444116117,11351,89902,11424
0,1444217371,3834,89904,11424
1,1444217396,12971,89904,11424
2,1444217435,34016,89904,11424
3,1444217474,11351,89904,11424
2,1445435230,5100,89910,11424
3,1445435334,4133,89910,11424
4,1445436747,4130,89910,11424
1,1443423334,5199,90021,11442
3,1443424741,7108,90021,11442
4,1443424787,4320,90021,11442
0,1444666955,10262,90023,11442
1,1444667024,10252,90023,11442
4,1444668134,21078,90023,11442
5,1444668138,7134,90023,11442
7,1444668285,17627,90023,11442
0,1444916172,10262,90024,11442
2,1444916283,5129,90024,11442
6,1444916384,12469,90024,11442
7,1444916564,21078,90024,11442
8,1444916606,8368,90024,11442
10,1444916717,10547,90024,11442
12,1444917005,10282,90024,11442
13,1444917111,19016,90024,11442
14,1444917114,10284,90024,11442
17,1444917364,35907,90024,11442
19,1444917375,3919,90024,11442
0,1444917501,7104,90024,11442
2,1444917606,21074,90024,11442
6,1444917706,3546,90024,11442
8,1444917771,8836,90024,11442
0,1445347950,10284,90026,11442
2,1445348326,10262,90026,11442
3,1445348370,8836,90026,11442
5,1445348507,8368,90026,11442
6,1445348533,12469,90026,11442
8,1445348646,10547,90026,11442
9,1445348673,5129,90026,11442
0,1440440219,17388,90082,11449
1,1440440265,90,90082,11449
2,1440440280,170,90082,11449
0,1442482258,1304,90083,11449
1,1442482364,7324,90083,11449
2,1442482751,165,90083,11449
4,1442483056,5602,90083,11449
9,1442484270,31377,90083,11449
0,1443628158,220,90084,11449
1,1443628216,93,90084,11449
2,1443628317,7324,90084,11449
0,1443696132,17896,90085,11449
2,1443696598,3058,90085,11449
3,1443696659,5,90085,11449
5,1443696755,2276,90085,11449
6,1443696873,3029,90085,11449
8,1443697129,1321,90085,11449
2,1440488318,1547,90138,11456
8,1440489729,1846,90138,11456
14,1440491310,2450,90138,11456
15,1440491320,14459,90138,11456
1,1441695663,32486,90153,11456
3,1441695776,2670,90153,11456
5,1441696033,13129,90153,11456
7,1441696221,3227,90153,11456
8,1441696310,13717,90153,11456
8,1441711220,2450,90154,11456
10,1441711315,533,90154,11456
12,1441713053,6285,90154,11456
13,1441713082,24919,90154,11456
1,1441871785,18497,90159,11456
2,1441871812,14434,90159,11456
10,1441872129,41645,90159,11456
11,1441872220,14780,90159,11456
18,1441872651,4855,90159,11456
1,1441872723,2991,90159,11456
4,1441872814,11484,90159,11456
4,1441875992,23686,90160,11456
10,1441876402,1823,90160,11456
12,1441876579,5855,90160,11456
13,1441876596,3248,90160,11456
17,1441877306,6039,90160,11456
0,1442303633,7168,90163,11456
1,1442303716,8031,90163,11456
4,1442303874,15432,90163,11456
5,1442303883,70,90163,11456
7,1442303987,1887,90163,11456
1,1442307631,15896,90164,11456
2,1442307709,15811,90164,11456
4,1442307755,5663,90164,11456
1,1442316164,1851,90165,11456
2,1442316216,9273,90165,11456
4,1442316242,21568,90165,11456
6,1442316564,9276,90165,11456
7,1442316656,1838,90165,11456
8,1442316665,1341,90165,11456
0,1442475094,21961,90166,11456
1,1442475113,8339,90166,11456
4,1442475467,1795,90166,11456
5,1442475512,5226,90166,11456
0,1442556362,3256,90167,11456
1,1442556645,32486,90167,11456
2,1442556974,21568,90167,11456
0,1442923652,9210,90174,11456
4,1442924276,1000,90174,11456
5,1442924301,1337,90174,11456
2,1443689008,23549,90177,11456
5,1443690713,3930,90177,11456
6,1443690722,28509,90177,11456
1,1442678005,3213,90214,11460
2,1442678018,940,90214,11460
3,1442678036,10107,90214,11460
1,1442940211,9726,90215,11460
2,1442940228,940,90215,11460
3,1442940357,10107,90215,11460
4,1442940383,3701,90215,11460
6,1442940447,24302,90215,11460
12,1442940669,105,90215,11460
14,1442940794,9729,90215,11460
19,1442941046,5659,90215,11460
0,1443342105,93,90216,11460
1,1443342135,9726,90216,11460
2,1443342167,58,90216,11460
3,1443342210,940,90216,11460
1,1440672183,6782,90360,11475
2,1440672228,3584,90360,11475
4,1440672271,14308,90360,11475
9,1440672439,14326,90360,11475
0,1441701716,1827,90364,11475
1,1441701743,8098,90364,11475
2,1441701787,3759,90364,11475
12,1441702022,8011,90364,11475
0,1441894064,8015,90365,11475
1,1441894074,3759,90365,11475
2,1441894125,1827,90365,11475
1,1442572133,7649,90369,11475
2,1442573039,3518,90369,11475
4,1442573350,3544,90369,11475
6,1442573390,3767,90369,11475
0,1443185273,10514,90370,11475
1,1443185493,3518,90370,11475
2,1443185569,7177,90370,11475
